,id,name,city_name,country_name,country_code,timezone,complex_id
0,sr:venue:70045,Cancha Central,Santiago,Chile,CHL,America/Santiago,sr:complex:705
1,sr:venue:74856,Centre Court,Seville,Spain,ESP,Europe/Madrid,sr:complex:1078
2,sr:venue:74858,Court One,Seville,Spain,ESP,Europe/Madrid,sr:complex:1078
3,sr:venue:1496,Court 1,Saint Petersburg,Russia,RUS,Europe/Moscow,sr:complex:1495
4,sr:venue:1500,CENTER COURT,Saint Petersburg,Russia,RUS,Europe/Moscow,sr:complex:1495
5,sr:venue:62149,Sibur Arena,Saint Petersburg,Russia,RUS,Europe/Moscow,sr:complex:1495
6,sr:venue:62153,TC Dynamo,Saint Petersburg,Russia,RUS,Europe/Moscow,sr:complex:1495
7,sr:venue:57912,Central,Oeiras,Portugal,PRT,Europe/Lisbon,sr:complex:2375
8,sr:venue:70805,Campo 3,Oeiras,Portugal,PRT,Europe/Lisbon,sr:complex:2375
9,sr:venue:70807,Campo 4,Oeiras,Portugal,PRT,Europe/Lisbon,sr:complex:2375
10,sr:venue:77423,Campo 1,Oeiras,Portugal,PRT,Europe/Lisbon,sr:complex:2375
11,sr:venue:77437,Campo 8,Oeiras,Portugal,PRT,Europe/Lisbon,sr:complex:2375
12,sr:venue:13912,Centre Court,Ostrava,Czechia,CZE,Europe/Prague,sr:complex:5526
13,sr:venue:13914,Court 3,Ostrava,Czechia,CZE,Europe/Prague,sr:complex:5526
14,sr:venue:13916,Court 6,Ostrava,Czechia,CZE,Europe/Prague,sr:complex:5526
15,sr:venue:13942,Court 4,Ostrava,Czechia,CZE,Europe/Prague,sr:complex:5526
16,sr:venue:55221,Court 1,Ostrava,Czechia,CZE,Europe/Prague,sr:complex:5526
17,sr:venue:55223,Court 2,Ostrava,Czechia,CZE,Europe/Prague,sr:complex:5526
18,sr:venue:86772,Ridera Court,Ostrava,Czechia,CZE,Europe/Prague,sr:complex:5526
19,sr:venue:77271,Table 1,Varazdin,Croatia,HRV,Europe/Zagreb,sr:complex:6310
20,sr:venue:77273,Table 2,Varazdin,Croatia,HRV,Europe/Zagreb,sr:complex:6310
21,sr:venue:77275,Table 3,Varazdin,Croatia,HRV,Europe/Zagreb,sr:complex:6310
22,sr:venue:77277,Table 4,Varazdin,Croatia,HRV,Europe/Zagreb,sr:complex:6310
23,sr:venue:77279,Table 5,Varazdin,Croatia,HRV,Europe/Zagreb,sr:complex:6310
24,sr:venue:77281,Table 6,Varazdin,Croatia,HRV,Europe/Zagreb,sr:complex:6310
25,sr:venue:77283,Table 7,Varazdin,Croatia,HRV,Europe/Zagreb,sr:complex:6310
26,sr:venue:77285,Table 8,Varazdin,Croatia,HRV,Europe/Zagreb,sr:complex:6310
27,sr:venue:74260,Court 3,Dusseldorf,Germany,DEU,Europe/Berlin,sr:complex:6322
28,sr:venue:74262,Court 2,Dusseldorf,Germany,DEU,Europe/Berlin,sr:complex:6322
29,sr:venue:74264,Court 1,Dusseldorf,Germany,DEU,Europe/Berlin,sr:complex:6322
30,sr:venue:74266,Center Court,Dusseldorf,Germany,DEU,Europe/Berlin,sr:complex:6322
31,sr:venue:2146,Court 1,Montpellier,France,FRA,Europe/Paris,sr:complex:6484
32,sr:venue:19477,Court Patrice Dominguez,Montpellier,France,FRA,Europe/Paris,sr:complex:6484
33,sr:venue:30567,Court Central,Montpellier,France,FRA,Europe/Paris,sr:complex:6484
34,sr:venue:30569,Court 2,Montpellier,France,FRA,Europe/Paris,sr:complex:6484
35,sr:venue:39934,Court 3,Montpellier,France,FRA,Europe/Paris,sr:complex:6484
36,sr:venue:66107,Court 2,Orleans,France,FRA,Europe/Paris,sr:complex:6890
37,sr:venue:66109,Court 3,Orleans,France,FRA,Europe/Paris,sr:complex:6890
38,sr:venue:66111,Court 4,Orleans,France,FRA,Europe/Paris,sr:complex:6890
39,sr:venue:70605,Court 5,Orleans,France,FRA,Europe/Paris,sr:complex:6890
40,sr:venue:74195,Center Court,Orleans,France,FRA,Europe/Paris,sr:complex:6890
41,sr:venue:74197,Court 1,Orleans,France,FRA,Europe/Paris,sr:complex:6890
42,sr:venue:72565,Pista Cental,Malaga,Spain,ESP,Europe/Madrid,sr:complex:7048
43,sr:venue:72567,Pista 2,Malaga,Spain,ESP,Europe/Madrid,sr:complex:7048
44,sr:venue:72569,Pista 3,Malaga,Spain,ESP,Europe/Madrid,sr:complex:7048
45,sr:venue:72571,Pista 4,Malaga,Spain,ESP,Europe/Madrid,sr:complex:7048
46,sr:venue:83354,Centre Court,Malaga,Spain,ESP,Europe/Madrid,sr:complex:7048
47,sr:venue:83356,Court 2,Malaga,Spain,ESP,Europe/Madrid,sr:complex:7048
48,sr:venue:83358,Court 3,Malaga,Spain,ESP,Europe/Madrid,sr:complex:7048
49,sr:venue:85168,Grandstand,Athens,Greece,GRC,Europe/Athens,sr:complex:7242
50,sr:venue:85170,Center Court,Athens,Greece,GRC,Europe/Athens,sr:complex:7242
51,sr:venue:86200,Center court,"Miami, FL",USA,USA,America/New_York,sr:complex:8115
52,sr:venue:17756,Center Court,Sofia,Bulgaria,BGR,Europe/Sofia,sr:complex:9725
53,sr:venue:17758,Court 1,Sofia,Bulgaria,BGR,Europe/Sofia,sr:complex:9725
54,sr:venue:23352,Court 3,Sofia,Bulgaria,BGR,Europe/Sofia,sr:complex:9725
55,sr:venue:23354,Court 4,Sofia,Bulgaria,BGR,Europe/Sofia,sr:complex:9725
56,sr:venue:23356,Court 2,Sofia,Bulgaria,BGR,Europe/Sofia,sr:complex:9725
57,sr:venue:66889,Center Court,Rouen,France,FRA,Europe/Paris,sr:complex:10063
58,sr:venue:66925,Amelie Mauresmo,Rouen,France,FRA,Europe/Paris,sr:complex:10063
59,sr:venue:66979,Celine Dumerc,Rouen,France,FRA,Europe/Paris,sr:complex:10063
60,sr:venue:74546,Court 1,Rouen,France,FRA,Europe/Paris,sr:complex:10063
61,sr:venue:67857,Cancha Central,Temuco,Chile,CHL,America/Santiago,sr:complex:11769
62,sr:venue:67859,Cancha 1,Temuco,Chile,CHL,America/Santiago,sr:complex:11769
63,sr:venue:67861,Cancha 2,Temuco,Chile,CHL,America/Santiago,sr:complex:11769
64,sr:venue:67863,Cancha 3,Temuco,Chile,CHL,America/Santiago,sr:complex:11769
65,sr:venue:30465,Indoor 1,Lyon,France,FRA,Europe/Paris,sr:complex:12241
66,sr:venue:30467,Indoor 2,Lyon,France,FRA,Europe/Paris,sr:complex:12241
67,sr:venue:30469,Indoor 3,Lyon,France,FRA,Europe/Paris,sr:complex:12241
68,sr:venue:39773,Court 23,Lyon,France,FRA,Europe/Paris,sr:complex:12241
69,sr:venue:39842,Court 14,Lyon,France,FRA,Europe/Paris,sr:complex:12241
70,sr:venue:39844,Court 15,Lyon,France,FRA,Europe/Paris,sr:complex:12241
71,sr:venue:58692,Court 12,Lyon,France,FRA,Europe/Paris,sr:complex:12241
72,sr:venue:15010,La Foret 3,Orleans,France,FRA,Europe/Paris,sr:complex:15014
73,sr:venue:16880,Central Court,Orleans,France,FRA,Europe/Paris,sr:complex:15014
74,sr:venue:23652,La Foret 2,Orleans,France,FRA,Europe/Paris,sr:complex:15014
75,sr:venue:66105,Court 1,Orleans,France,FRA,Europe/Paris,sr:complex:15014
76,sr:venue:66137,La Foret 4,Orleans,France,FRA,Europe/Paris,sr:complex:15014
77,sr:venue:66139,La Foret 1,Orleans,France,FRA,Europe/Paris,sr:complex:15014
78,sr:venue:70603,Court 2,Orleans,France,FRA,Europe/Paris,sr:complex:15014
79,sr:venue:67869,Court 2,Andria,Italy,ITA,Europe/Rome,sr:complex:15371
80,sr:venue:67871,Court 3,Andria,Italy,ITA,Europe/Rome,sr:complex:15371
81,sr:venue:68095,Campo Tato Paride,Andria,Italy,ITA,Europe/Rome,sr:complex:15371
82,sr:venue:68097,Campo Arpex,Andria,Italy,ITA,Europe/Rome,sr:complex:15371
83,sr:venue:16022,Atg 3,Saint-Brieuc,France,FRA,Europe/Paris,sr:complex:16020
84,sr:venue:18015,Atg 4,Saint-Brieuc,France,FRA,Europe/Paris,sr:complex:16020
85,sr:venue:28371,Tcsb 4,Saint-Brieuc,France,FRA,Europe/Paris,sr:complex:16020
86,sr:venue:28373,Tcsb 3,Saint-Brieuc,France,FRA,Europe/Paris,sr:complex:16020
87,sr:venue:62697,Court Steredenn,Saint-Brieuc,France,FRA,Europe/Paris,sr:complex:16020
88,sr:venue:80523,Court TCSB,Saint-Brieuc,France,FRA,Europe/Paris,sr:complex:16020
89,sr:venue:86972,Court Mairie de Saint-Brieuc,Saint-Brieuc,France,FRA,Europe/Paris,sr:complex:16020
90,sr:venue:14874,Court Limak Enerji,Istanbul,Turkiye,TUR,Europe/Istanbul,sr:complex:16069
91,sr:venue:1765,Centre Court,Stuttgart,Germany,DEU,Europe/Berlin,sr:complex:16612
92,sr:venue:77411,Court 1,Stuttgart,Germany,DEU,Europe/Berlin,sr:complex:16612
93,sr:venue:77413,Court 2,Stuttgart,Germany,DEU,Europe/Berlin,sr:complex:16612
94,sr:venue:17694,Court 1,Manila,Philippines,PHL,Asia/Manila,sr:complex:17869
95,sr:venue:86692,CENTER,Manila,Philippines,PHL,Asia/Manila,sr:complex:17869
96,sr:venue:86696,Court 2,Manila,Philippines,PHL,Asia/Manila,sr:complex:17869
97,sr:venue:1648,Court 1,Rotterdam,Netherlands,NLD,Europe/Brussels,sr:complex:17945
98,sr:venue:3696,Court 2,Rotterdam,Netherlands,NLD,Europe/Brussels,sr:complex:17945
99,sr:venue:15644,Court 3,Rotterdam,Netherlands,NLD,Europe/Brussels,sr:complex:17945
100,sr:venue:22854,Centre Court,Rotterdam,Netherlands,NLD,Europe/Brussels,sr:complex:17945
101,sr:venue:66121,Centre Court,London,England,ENG,Europe/London,sr:complex:18201
102,sr:venue:18223,Cedevita Court,Bol,Croatia,HRV,Europe/Zagreb,sr:complex:18221
103,sr:venue:18225,Cockta Court,Bol,Croatia,HRV,Europe/Zagreb,sr:complex:18221
104,sr:venue:18227,Kala Court,Bol,Croatia,HRV,Europe/Zagreb,sr:complex:18221
105,sr:venue:21412,INA Court,Bol,Croatia,HRV,Europe/Zagreb,sr:complex:18221
106,sr:venue:21422,Raiffeisen Court,Bol,Croatia,HRV,Europe/Zagreb,sr:complex:18221
107,sr:venue:30195,Lukas Court,Bol,Croatia,HRV,Europe/Zagreb,sr:complex:18221
108,sr:venue:39715,Center Court,Bol,Croatia,HRV,Europe/Zagreb,sr:complex:18221
109,sr:venue:39717,Court 1,Bol,Croatia,HRV,Europe/Zagreb,sr:complex:18221
110,sr:venue:1695,Center Court,Monterrey,Mexico,MEX,America/Mexico_City,sr:complex:19737
111,sr:venue:1696,Court 1,Monterrey,Mexico,MEX,America/Mexico_City,sr:complex:19737
112,sr:venue:62341,Court 4,Monterrey,Mexico,MEX,America/Mexico_City,sr:complex:19737
113,sr:venue:83763,Estadio,Monterrey,Mexico,MEX,America/Mexico_City,sr:complex:19737
114,sr:venue:83765,Grandstand,Monterrey,Mexico,MEX,America/Mexico_City,sr:complex:19737
115,sr:venue:1520,Court Central,Paris,France,FRA,Europe/Paris,sr:complex:19951
116,sr:venue:1521,Court 1,Paris,France,FRA,Europe/Paris,sr:complex:19951
117,sr:venue:21868,Next Gen Arena,Umag,Croatia,HRV,Europe/Zagreb,sr:complex:21870
118,sr:venue:1938,Roy Emerson Arena,Gstaad,Switzerland,CHE,Europe/Zurich,sr:complex:21910
119,sr:venue:1939,Court 1,Gstaad,Switzerland,CHE,Europe/Zurich,sr:complex:21910
120,sr:venue:1953,Sportzentrum 1,Gstaad,Switzerland,CHE,Europe/Zurich,sr:complex:21910
121,sr:venue:2461,Sportzentrum 3,Gstaad,Switzerland,CHE,Europe/Zurich,sr:complex:21910
122,sr:venue:83286,Center Court,Gstaad,Switzerland,CHE,Europe/Zurich,sr:complex:21910
123,sr:venue:17082,Arena Center Court,Brest,France,FRA,Europe/Paris,sr:complex:23576
124,sr:venue:17098,Arena Annexe,Brest,France,FRA,Europe/Paris,sr:complex:23576
125,sr:venue:47512,Center Court,Brest,France,FRA,Europe/Paris,sr:complex:23576
126,sr:venue:61253,Court 1,Brest,France,FRA,Europe/Paris,sr:complex:23576
127,sr:venue:1728,Centre Court,Marbella,Spain,ESP,Europe/Madrid,sr:complex:26983
128,sr:venue:1729,Court 1,Marbella,Spain,ESP,Europe/Madrid,sr:complex:26983
129,sr:venue:1730,Court 7,Marbella,Spain,ESP,Europe/Madrid,sr:complex:26983
130,sr:venue:28357,Court 2,Marbella,Spain,ESP,Europe/Madrid,sr:complex:26983
131,sr:venue:33908,Court 3,Marbella,Spain,ESP,Europe/Madrid,sr:complex:26983
132,sr:venue:33916,Court 4,Marbella,Spain,ESP,Europe/Madrid,sr:complex:26983
133,sr:venue:57732,Estadio Manolo Santana,Marbella,Spain,ESP,Europe/Madrid,sr:complex:26983
134,sr:venue:62729,Court 8,Marbella,Spain,ESP,Europe/Madrid,sr:complex:26983
135,sr:venue:62731,Court 9,Marbella,Spain,ESP,Europe/Madrid,sr:complex:26983
136,sr:venue:1383,Astana Arena,Astana,Kazakhstan,KAZ,Asia/Almaty,sr:complex:26985
137,sr:venue:2595,Astana,Astana,Kazakhstan,KAZ,Asia/Almaty,sr:complex:26985
138,sr:venue:14620,Center Court,Astana,Kazakhstan,KAZ,Asia/Almaty,sr:complex:26985
139,sr:venue:14622,Court 1,Astana,Kazakhstan,KAZ,Asia/Almaty,sr:complex:26985
140,sr:venue:14624,Court 2,Astana,Kazakhstan,KAZ,Asia/Almaty,sr:complex:26985
141,sr:venue:14626,Court 3,Astana,Kazakhstan,KAZ,Asia/Almaty,sr:complex:26985
142,sr:venue:14628,Court 6,Astana,Kazakhstan,KAZ,Asia/Almaty,sr:complex:26985
143,sr:venue:18439,Court 4,Astana,Kazakhstan,KAZ,Asia/Almaty,sr:complex:26985
144,sr:venue:31557,Court 9,Astana,Kazakhstan,KAZ,Asia/Almaty,sr:complex:26985
145,sr:venue:32005,Indoor Center Court,Astana,Kazakhstan,KAZ,Asia/Almaty,sr:complex:26985
146,sr:venue:43100,Court 5,Astana,Kazakhstan,KAZ,Asia/Almaty,sr:complex:26985
147,sr:venue:59164,Indoor Court 3,Astana,Kazakhstan,KAZ,Asia/Almaty,sr:complex:26985
148,sr:venue:87734,Court 8,Astana,Kazakhstan,KAZ,Asia/Almaty,sr:complex:26985
149,sr:venue:87736,Court 11,Astana,Kazakhstan,KAZ,Asia/Almaty,sr:complex:26985
150,sr:venue:25218,Court 4,Canberra,Australia,AUS,Australia/ACT,sr:complex:27093
151,sr:venue:25292,Centre Court,Canberra,Australia,AUS,Australia/ACT,sr:complex:27093
152,sr:venue:25296,Court 7,Canberra,Australia,AUS,Australia/ACT,sr:complex:27093
153,sr:venue:25298,Court 5,Canberra,Australia,AUS,Australia/ACT,sr:complex:27093
154,sr:venue:68975,Court 1,Canberra,Australia,AUS,Australia/ACT,sr:complex:27093
155,sr:venue:68977,Court 6,Canberra,Australia,AUS,Australia/ACT,sr:complex:27093
156,sr:venue:75825,Court 2,Canberra,Australia,AUS,Australia/ACT,sr:complex:27093
157,sr:venue:59476,Center Court,Cluj Napoca,Romania,ROU,Europe/Bucharest,sr:complex:27095
158,sr:venue:59478,Court 2,Cluj Napoca,Romania,ROU,Europe/Bucharest,sr:complex:27095
159,sr:venue:81847,Center Court,"Frisco, TX",USA,USA,America/Chicago,sr:complex:27697
160,sr:venue:81849,Grandstand,"Frisco, TX",USA,USA,America/Chicago,sr:complex:27697
161,sr:venue:14846,Center Court,Genoa,Italy,ITA,Europe/Rome,sr:complex:28457
162,sr:venue:14848,Court 1,Genoa,Italy,ITA,Europe/Rome,sr:complex:28457
163,sr:venue:14850,Court 2,Genoa,Italy,ITA,Europe/Rome,sr:complex:28457
164,sr:venue:14852,Campo 3,Genoa,Italy,ITA,Europe/Rome,sr:complex:28457
165,sr:venue:58750,Court 3,Genoa,Italy,ITA,Europe/Rome,sr:complex:28457
166,sr:venue:58754,Court 4,Genoa,Italy,ITA,Europe/Rome,sr:complex:28457
167,sr:venue:66059,Centrale,Genoa,Italy,ITA,Europe/Rome,sr:complex:28457
168,sr:venue:66061,Campo 1,Genoa,Italy,ITA,Europe/Rome,sr:complex:28457
169,sr:venue:66063,Campo 2,Genoa,Italy,ITA,Europe/Rome,sr:complex:28457
170,sr:venue:1766,Court 1,Stuttgart,Germany,DEU,Europe/Berlin,sr:complex:28617
171,sr:venue:2345,Court 2,Stuttgart,Germany,DEU,Europe/Berlin,sr:complex:28617
172,sr:venue:2421,Court 18,Stuttgart,Germany,DEU,Europe/Berlin,sr:complex:28617
173,sr:venue:16273,Court 3,Stuttgart,Germany,DEU,Europe/Berlin,sr:complex:28617
174,sr:venue:30921,Court 4,Stuttgart,Germany,DEU,Europe/Berlin,sr:complex:28617
175,sr:venue:77441,Centre Court,Stuttgart,Germany,DEU,Europe/Berlin,sr:complex:28617
176,sr:venue:73239,Court 1,Copenhagen,Denmark,DNK,Europe/Copenhagen,sr:complex:28926
177,sr:venue:73241,Court 2,Copenhagen,Denmark,DNK,Europe/Copenhagen,sr:complex:28926
178,sr:venue:73243,Court 3,Copenhagen,Denmark,DNK,Europe/Copenhagen,sr:complex:28926
179,sr:venue:73245,Court 4,Copenhagen,Denmark,DNK,Europe/Copenhagen,sr:complex:28926
180,sr:venue:13904,Centre Court,Taipei,Chinese Taipei,TPE,Asia/Taipei,sr:complex:32327
181,sr:venue:13906,Court 2,Taipei,Chinese Taipei,TPE,Asia/Taipei,sr:complex:32327
182,sr:venue:15298,Court 1,Taipei,Chinese Taipei,TPE,Asia/Taipei,sr:complex:32327
183,sr:venue:31685,Court 3,Taipei,Chinese Taipei,TPE,Asia/Taipei,sr:complex:32327
184,sr:venue:31687,Show court,Taipei,Chinese Taipei,TPE,Asia/Taipei,sr:complex:32327
185,sr:venue:31689,Court 4,Taipei,Chinese Taipei,TPE,Asia/Taipei,sr:complex:32327
186,sr:venue:31947,Court 6,Taipei,Chinese Taipei,TPE,Asia/Taipei,sr:complex:32327
187,sr:venue:31951,Court 7,Taipei,Chinese Taipei,TPE,Asia/Taipei,sr:complex:32327
188,sr:venue:31953,Court 5,Taipei,Chinese Taipei,TPE,Asia/Taipei,sr:complex:32327
189,sr:venue:31955,Court 8,Taipei,Chinese Taipei,TPE,Asia/Taipei,sr:complex:32327
190,sr:venue:84137,Center Court,Shenzhen,China,CHN,Asia/Shanghai,sr:complex:32668
191,sr:venue:15250,Centre Court,Kallang,Singapore,SGP,Asia/Singapore,sr:complex:32812
192,sr:venue:57252,Court 1,Kallang,Singapore,SGP,Asia/Singapore,sr:complex:32812
193,sr:venue:71439,Court 2,Kallang,Singapore,SGP,Asia/Singapore,sr:complex:32812
194,sr:venue:71441,Court 3,Kallang,Singapore,SGP,Asia/Singapore,sr:complex:32812
195,sr:venue:71443,Court 4,Kallang,Singapore,SGP,Asia/Singapore,sr:complex:32812
196,sr:venue:87646,Larry Greenspon Court,Bradenton,USA,USA,America/New_York,sr:complex:33156
197,sr:venue:87648,Kei Nishikori Court,Bradenton,USA,USA,America/New_York,sr:complex:33156
198,sr:venue:87650,Nick Bollettieri Court,Bradenton,USA,USA,America/New_York,sr:complex:33156
199,sr:venue:1665,Central,Marseille,France,FRA,Europe/Paris,sr:complex:33186
200,sr:venue:1666,Court 1,Marseille,France,FRA,Europe/Paris,sr:complex:33186
201,sr:venue:38311,Court 2,Marseille,France,FRA,Europe/Paris,sr:complex:33186
202,sr:venue:1790,Manolo Santana Stadium,Madrid,Spain,ESP,Europe/Madrid,sr:complex:33188
203,sr:venue:1791,Arantxa Sanchez Stadium,Madrid,Spain,ESP,Europe/Madrid,sr:complex:33188
204,sr:venue:1792,Stadium 3,Madrid,Spain,ESP,Europe/Madrid,sr:complex:33188
205,sr:venue:1794,Court 5,Madrid,Spain,ESP,Europe/Madrid,sr:complex:33188
206,sr:venue:1795,Court 6,Madrid,Spain,ESP,Europe/Madrid,sr:complex:33188
207,sr:venue:1796,Court 7,Madrid,Spain,ESP,Europe/Madrid,sr:complex:33188
208,sr:venue:28665,Court 4,Madrid,Spain,ESP,Europe/Madrid,sr:complex:33188
209,sr:venue:30587,Court 8,Madrid,Spain,ESP,Europe/Madrid,sr:complex:33188
210,sr:venue:56690,Pista 2,Madrid,Spain,ESP,Europe/Madrid,sr:complex:33188
211,sr:venue:56692,Pista 3,Madrid,Spain,ESP,Europe/Madrid,sr:complex:33188
212,sr:venue:68305,Court Central,Madrid,Spain,ESP,Europe/Madrid,sr:complex:33188
213,sr:venue:1846,Court 1,London,England,ENG,Europe/London,sr:complex:33190
214,sr:venue:1848,Court 9,London,England,ENG,Europe/London,sr:complex:33190
215,sr:venue:1849,Court 10,London,England,ENG,Europe/London,sr:complex:33190
216,sr:venue:1855,Court 3,London,England,ENG,Europe/London,sr:complex:33190
217,sr:venue:1856,Court 12,London,England,ENG,Europe/London,sr:complex:33190
218,sr:venue:1884,Court 4,London,England,ENG,Europe/London,sr:complex:33190
219,sr:venue:1886,Court 6,London,England,ENG,Europe/London,sr:complex:33190
220,sr:venue:1887,Court 7,London,England,ENG,Europe/London,sr:complex:33190
221,sr:venue:1888,Court 8,London,England,ENG,Europe/London,sr:complex:33190
222,sr:venue:1889,Court 11,London,England,ENG,Europe/London,sr:complex:33190
223,sr:venue:1890,Court 13,London,England,ENG,Europe/London,sr:complex:33190
224,sr:venue:1891,Court 14,London,England,ENG,Europe/London,sr:complex:33190
225,sr:venue:1892,Court 15,London,England,ENG,Europe/London,sr:complex:33190
226,sr:venue:1893,Court 16,London,England,ENG,Europe/London,sr:complex:33190
227,sr:venue:1894,Court 18,London,England,ENG,Europe/London,sr:complex:33190
228,sr:venue:1900,Court 17,London,England,ENG,Europe/London,sr:complex:33190
229,sr:venue:19070,Centre Court,London,England,ENG,Europe/London,sr:complex:33190
230,sr:venue:21634,Court 2,London,England,ENG,Europe/London,sr:complex:33190
231,sr:venue:21642,Court 5,London,England,ENG,Europe/London,sr:complex:33190
232,sr:venue:1522,Court 2,Paris,France,FRA,Europe/Paris,sr:complex:33192
233,sr:venue:1809,Court 6,Paris,France,FRA,Europe/Paris,sr:complex:33192
234,sr:venue:1810,Court 7,Paris,France,FRA,Europe/Paris,sr:complex:33192
235,sr:venue:1811,Court 8,Paris,France,FRA,Europe/Paris,sr:complex:33192
236,sr:venue:1812,Court 9,Paris,France,FRA,Europe/Paris,sr:complex:33192
237,sr:venue:1813,Court 10,Paris,France,FRA,Europe/Paris,sr:complex:33192
238,sr:venue:1814,Court 11,Paris,France,FRA,Europe/Paris,sr:complex:33192
239,sr:venue:1815,Court 12,Paris,France,FRA,Europe/Paris,sr:complex:33192
240,sr:venue:1816,Court 13,Paris,France,FRA,Europe/Paris,sr:complex:33192
241,sr:venue:1817,Court 14,Paris,France,FRA,Europe/Paris,sr:complex:33192
242,sr:venue:1818,Court 15,Paris,France,FRA,Europe/Paris,sr:complex:33192
243,sr:venue:1819,Court 16,Paris,France,FRA,Europe/Paris,sr:complex:33192
244,sr:venue:1826,Court Philippe Chatrier,Paris,France,FRA,Europe/Paris,sr:complex:33192
245,sr:venue:1827,Court Suzanne Lenglen,Paris,France,FRA,Europe/Paris,sr:complex:33192
246,sr:venue:1828,Court 3,Paris,France,FRA,Europe/Paris,sr:complex:33192
247,sr:venue:1829,Court 4,Paris,France,FRA,Europe/Paris,sr:complex:33192
248,sr:venue:1830,Court 5,Paris,France,FRA,Europe/Paris,sr:complex:33192
249,sr:venue:39589,Court Simonne Mathieu,Paris,France,FRA,Europe/Paris,sr:complex:33192
250,sr:venue:84019,CNE A,Paris,France,FRA,Europe/Paris,sr:complex:33192
251,sr:venue:84021,CNE B,Paris,France,FRA,Europe/Paris,sr:complex:33192
252,sr:venue:1572,ANZ Arena,Melbourne,Australia,AUS,Australia/Melbourne,sr:complex:33196
253,sr:venue:1573,Court 4,Melbourne,Australia,AUS,Australia/Melbourne,sr:complex:33196
254,sr:venue:1574,Court 5,Melbourne,Australia,AUS,Australia/Melbourne,sr:complex:33196
255,sr:venue:1575,Court 6,Melbourne,Australia,AUS,Australia/Melbourne,sr:complex:33196
256,sr:venue:1576,Court 7,Melbourne,Australia,AUS,Australia/Melbourne,sr:complex:33196
257,sr:venue:1577,Court 8,Melbourne,Australia,AUS,Australia/Melbourne,sr:complex:33196
258,sr:venue:1578,Court 10,Melbourne,Australia,AUS,Australia/Melbourne,sr:complex:33196
259,sr:venue:1579,Court 11,Melbourne,Australia,AUS,Australia/Melbourne,sr:complex:33196
260,sr:venue:1580,Court 9,Melbourne,Australia,AUS,Australia/Melbourne,sr:complex:33196
261,sr:venue:1581,Court 12,Melbourne,Australia,AUS,Australia/Melbourne,sr:complex:33196
262,sr:venue:1582,Court 13,Melbourne,Australia,AUS,Australia/Melbourne,sr:complex:33196
263,sr:venue:1583,Court 14,Melbourne,Australia,AUS,Australia/Melbourne,sr:complex:33196
264,sr:venue:1584,Court 15,Melbourne,Australia,AUS,Australia/Melbourne,sr:complex:33196
265,sr:venue:1586,Rod Laver Arena,Melbourne,Australia,AUS,Australia/Melbourne,sr:complex:33196
266,sr:venue:1587,John Cain Arena,Melbourne,Australia,AUS,Australia/Melbourne,sr:complex:33196
267,sr:venue:1588,Margaret Court Arena,Melbourne,Australia,AUS,Australia/Melbourne,sr:complex:33196
268,sr:venue:1589,1573 Arena,Melbourne,Australia,AUS,Australia/Melbourne,sr:complex:33196
269,sr:venue:1590,Court 18,Melbourne,Australia,AUS,Australia/Melbourne,sr:complex:33196
270,sr:venue:1591,Court 19,Melbourne,Australia,AUS,Australia/Melbourne,sr:complex:33196
271,sr:venue:1592,Court 21,Melbourne,Australia,AUS,Australia/Melbourne,sr:complex:33196
272,sr:venue:10536,Court 20,Melbourne,Australia,AUS,Australia/Melbourne,sr:complex:33196
273,sr:venue:10538,Court 22,Melbourne,Australia,AUS,Australia/Melbourne,sr:complex:33196
274,sr:venue:57064,Court 16,Melbourne,Australia,AUS,Australia/Melbourne,sr:complex:33196
275,sr:venue:57072,Court 17,Melbourne,Australia,AUS,Australia/Melbourne,sr:complex:33196
276,sr:venue:61865,Kia Arena,Melbourne,Australia,AUS,Australia/Melbourne,sr:complex:33196
277,sr:venue:88306,Court 1,Melbourne,Australia,AUS,Australia/Melbourne,sr:complex:33196
278,sr:venue:88308,Court 2,Melbourne,Australia,AUS,Australia/Melbourne,sr:complex:33196
279,sr:venue:88310,Court 3,Melbourne,Australia,AUS,Australia/Melbourne,sr:complex:33196
280,sr:venue:23520,Indoor West,Shanghai,China,CHN,Asia/Shanghai,sr:complex:33198
281,sr:venue:2575,Center Court,"Winston Salem, NC",USA,USA,America/New_York,sr:complex:33200
282,sr:venue:2577,Court 2,"Winston Salem, NC",USA,USA,America/New_York,sr:complex:33200
283,sr:venue:2579,Court 3,"Winston Salem, NC",USA,USA,America/New_York,sr:complex:33200
284,sr:venue:2581,Court 4,"Winston Salem, NC",USA,USA,America/New_York,sr:complex:33200
285,sr:venue:2583,Court 5,"Winston Salem, NC",USA,USA,America/New_York,sr:complex:33200
286,sr:venue:16760,Stadium,"Winston Salem, NC",USA,USA,America/New_York,sr:complex:33200
287,sr:venue:49715,Show Court 1,Adelaide,Australia,AUS,Australia/South,sr:complex:33206
288,sr:venue:49717,Court 2,Adelaide,Australia,AUS,Australia/South,sr:complex:33206
289,sr:venue:49719,Court 3,Adelaide,Australia,AUS,Australia/South,sr:complex:33206
290,sr:venue:61817,Court 4,Adelaide,Australia,AUS,Australia/South,sr:complex:33206
291,sr:venue:61851,Centre Court,Adelaide,Australia,AUS,Australia/South,sr:complex:33206
292,sr:venue:1924,Stadium Court,"Atlanta, GA",USA,USA,America/New_York,sr:complex:33208
293,sr:venue:1925,Court 1,"Atlanta, GA",USA,USA,America/New_York,sr:complex:33208
294,sr:venue:1926,Court 2,"Atlanta, GA",USA,USA,America/New_York,sr:complex:33208
295,sr:venue:8563,AJC Grandstand Court,"Atlanta, GA",USA,USA,America/New_York,sr:complex:33208
296,sr:venue:1910,Center Court,"Newport, Rhode Island",USA,USA,America/New_York,sr:complex:33210
297,sr:venue:1911,Court 1,"Newport, Rhode Island",USA,USA,America/New_York,sr:complex:33210
298,sr:venue:1912,Court 2,"Newport, Rhode Island",USA,USA,America/New_York,sr:complex:33210
299,sr:venue:16394,Court 3,"Newport, Rhode Island",USA,USA,America/New_York,sr:complex:33210
300,sr:venue:18401,Stadium,"Newport, Rhode Island",USA,USA,America/New_York,sr:complex:33210
301,sr:venue:21864,Center Court 1,"Newport, Rhode Island",USA,USA,America/New_York,sr:complex:33210
302,sr:venue:21866,Center Court 2,"Newport, Rhode Island",USA,USA,America/New_York,sr:complex:33210
303,sr:venue:83182,Court 6,"Newport, Rhode Island",USA,USA,America/New_York,sr:complex:33210
304,sr:venue:83298,Indoor Court 1,"Newport, Rhode Island",USA,USA,America/New_York,sr:complex:33210
305,sr:venue:88580,Indoor 1,"Newport, Rhode Island",USA,USA,America/New_York,sr:complex:33210
306,sr:venue:88582,Indoor 2,"Newport, Rhode Island",USA,USA,America/New_York,sr:complex:33210
307,sr:venue:14950,Cancha Central,Quito,Ecuador,ECU,America/Guayaquil,sr:complex:33214
308,sr:venue:63705,Court 5,Quito,Ecuador,ECU,America/Guayaquil,sr:complex:33214
309,sr:venue:63707,Court 2,Quito,Ecuador,ECU,America/Guayaquil,sr:complex:33214
310,sr:venue:63709,Court 6,Quito,Ecuador,ECU,America/Guayaquil,sr:complex:33214
311,sr:venue:63711,Court 4,Quito,Ecuador,ECU,America/Guayaquil,sr:complex:33214
312,sr:venue:63713,Court 1,Quito,Ecuador,ECU,America/Guayaquil,sr:complex:33214
313,sr:venue:63715,Court 3,Quito,Ecuador,ECU,America/Guayaquil,sr:complex:33214
314,sr:venue:63813,Court 14,Quito,Ecuador,ECU,America/Guayaquil,sr:complex:33214
315,sr:venue:63815,Court 15,Quito,Ecuador,ECU,America/Guayaquil,sr:complex:33214
316,sr:venue:63821,Court 16,Quito,Ecuador,ECU,America/Guayaquil,sr:complex:33214
317,sr:venue:64219,Court 11,Quito,Ecuador,ECU,America/Guayaquil,sr:complex:33214
318,sr:venue:64221,Court 7,Quito,Ecuador,ECU,America/Guayaquil,sr:complex:33214
319,sr:venue:64223,Court 8,Quito,Ecuador,ECU,America/Guayaquil,sr:complex:33214
320,sr:venue:64225,Court 12,Quito,Ecuador,ECU,America/Guayaquil,sr:complex:33214
321,sr:venue:64227,Court 13,Quito,Ecuador,ECU,America/Guayaquil,sr:complex:33214
322,sr:venue:17911,Court 2,Zhuhai,China,CHN,Asia/Shanghai,sr:complex:33218
323,sr:venue:17913,Court 3,Zhuhai,China,CHN,Asia/Shanghai,sr:complex:33218
324,sr:venue:17915,Court 4,Zhuhai,China,CHN,Asia/Shanghai,sr:complex:33218
325,sr:venue:17917,Court 5,Zhuhai,China,CHN,Asia/Shanghai,sr:complex:33218
326,sr:venue:17933,Center,Zhuhai,China,CHN,Asia/Shanghai,sr:complex:33218
327,sr:venue:17937,Court 1,Zhuhai,China,CHN,Asia/Shanghai,sr:complex:33218
328,sr:venue:19000,Stadium,Zhuhai,China,CHN,Asia/Shanghai,sr:complex:33218
329,sr:venue:26108,Court M3,Zhuhai,China,CHN,Asia/Shanghai,sr:complex:33218
330,sr:venue:26110,Court M5,Zhuhai,China,CHN,Asia/Shanghai,sr:complex:33218
331,sr:venue:26112,Court M2,Zhuhai,China,CHN,Asia/Shanghai,sr:complex:33218
332,sr:venue:38589,Covered Court 2,Zhuhai,China,CHN,Asia/Shanghai,sr:complex:33218
333,sr:venue:38591,Covered Court 4,Zhuhai,China,CHN,Asia/Shanghai,sr:complex:33218
334,sr:venue:46676,Court 14,Zhuhai,China,CHN,Asia/Shanghai,sr:complex:33218
335,sr:venue:74171,Center Court,Zhuhai,China,CHN,Asia/Shanghai,sr:complex:33218
336,sr:venue:1663,Estadio 2,Buenos Aires,Argentina,ARG,America/Argentina/Buenos_Aires,sr:complex:33222
337,sr:venue:1664,Estadio 3,Buenos Aires,Argentina,ARG,America/Argentina/Buenos_Aires,sr:complex:33222
338,sr:venue:13212,Cancha 10,Buenos Aires,Argentina,ARG,America/Argentina/Buenos_Aires,sr:complex:33222
339,sr:venue:13214,Cancha 11,Buenos Aires,Argentina,ARG,America/Argentina/Buenos_Aires,sr:complex:33222
340,sr:venue:13216,Cancha 2,Buenos Aires,Argentina,ARG,America/Argentina/Buenos_Aires,sr:complex:33222
341,sr:venue:15722,Court 14,Buenos Aires,Argentina,ARG,America/Argentina/Buenos_Aires,sr:complex:33222
342,sr:venue:17292,Cancha Central,Buenos Aires,Argentina,ARG,America/Argentina/Buenos_Aires,sr:complex:33222
343,sr:venue:17312,Cancha  4,Buenos Aires,Argentina,ARG,America/Argentina/Buenos_Aires,sr:complex:33222
344,sr:venue:17524,Cancha 5,Buenos Aires,Argentina,ARG,America/Argentina/Buenos_Aires,sr:complex:33222
345,sr:venue:19465,Court Guillermo Vilas,Buenos Aires,Argentina,ARG,America/Argentina/Buenos_Aires,sr:complex:33222
346,sr:venue:19601,Cancha 1,Buenos Aires,Argentina,ARG,America/Argentina/Buenos_Aires,sr:complex:33222
347,sr:venue:23316,Court 2,Buenos Aires,Argentina,ARG,America/Argentina/Buenos_Aires,sr:complex:33222
348,sr:venue:23318,Court 1,Buenos Aires,Argentina,ARG,America/Argentina/Buenos_Aires,sr:complex:33222
349,sr:venue:23320,Court 3,Buenos Aires,Argentina,ARG,America/Argentina/Buenos_Aires,sr:complex:33222
350,sr:venue:24058,Cancha 8,Buenos Aires,Argentina,ARG,America/Argentina/Buenos_Aires,sr:complex:33222
351,sr:venue:24192,Court 9,Buenos Aires,Argentina,ARG,America/Argentina/Buenos_Aires,sr:complex:33222
352,sr:venue:24194,Court 10,Buenos Aires,Argentina,ARG,America/Argentina/Buenos_Aires,sr:complex:33222
353,sr:venue:24196,Court 7,Buenos Aires,Argentina,ARG,America/Argentina/Buenos_Aires,sr:complex:33222
354,sr:venue:24198,Court 8,Buenos Aires,Argentina,ARG,America/Argentina/Buenos_Aires,sr:complex:33222
355,sr:venue:24200,Court 11,Buenos Aires,Argentina,ARG,America/Argentina/Buenos_Aires,sr:complex:33222
356,sr:venue:24222,Cancha 9,Buenos Aires,Argentina,ARG,America/Argentina/Buenos_Aires,sr:complex:33222
357,sr:venue:24224,Cancha 12,Buenos Aires,Argentina,ARG,America/Argentina/Buenos_Aires,sr:complex:33222
358,sr:venue:34438,Court 6,Buenos Aires,Argentina,ARG,America/Argentina/Buenos_Aires,sr:complex:33222
359,sr:venue:34440,Court 4,Buenos Aires,Argentina,ARG,America/Argentina/Buenos_Aires,sr:complex:33222
360,sr:venue:34546,Court 5,Buenos Aires,Argentina,ARG,America/Argentina/Buenos_Aires,sr:complex:33222
361,sr:venue:35848,Cancha 7,Buenos Aires,Argentina,ARG,America/Argentina/Buenos_Aires,sr:complex:33222
362,sr:venue:46290,Court 12,Buenos Aires,Argentina,ARG,America/Argentina/Buenos_Aires,sr:complex:33222
363,sr:venue:51673,Court Central,Buenos Aires,Argentina,ARG,America/Argentina/Buenos_Aires,sr:complex:33222
364,sr:venue:61122,Cancha Central,Buenos Aires,Argentina,ARG,America/Argentina/Buenos_Aires,sr:complex:33222
365,sr:venue:1676,Stadium,Delray Beach,USA,USA,America/New_York,sr:complex:33228
366,sr:venue:1677,Court 1,Delray Beach,USA,USA,America/New_York,sr:complex:33228
367,sr:venue:1678,Court 2,Delray Beach,USA,USA,America/New_York,sr:complex:33228
368,sr:venue:1679,Court 4,Delray Beach,USA,USA,America/New_York,sr:complex:33228
369,sr:venue:1680,Court 5,Delray Beach,USA,USA,America/New_York,sr:complex:33228
370,sr:venue:1681,Court 6,Delray Beach,USA,USA,America/New_York,sr:complex:33228
371,sr:venue:15684,Court 3,Delray Beach,USA,USA,America/New_York,sr:complex:33228
372,sr:venue:86874,Center Court,Delray Beach,USA,USA,America/New_York,sr:complex:33228
373,sr:venue:1392,CENTRAL,Luxembourg,Luxembourg,LUX,Europe/Paris,sr:complex:33230
374,sr:venue:1393,Court 1,Luxembourg,Luxembourg,LUX,Europe/Paris,sr:complex:33230
375,sr:venue:24322,Court 2,Luxembourg,Luxembourg,LUX,Europe/Paris,sr:complex:33230
376,sr:venue:24324,Court 3,Luxembourg,Luxembourg,LUX,Europe/Paris,sr:complex:33230
377,sr:venue:24488,Stadium,Luxembourg,Luxembourg,LUX,Europe/Paris,sr:complex:33230
378,sr:venue:61008,Court 1,Moscow,Russia,RUS,Europe/Moscow,sr:complex:33236
379,sr:venue:61010,Court 2,Moscow,Russia,RUS,Europe/Moscow,sr:complex:33236
380,sr:venue:77503,INDOOR 5,Tokyo,Japan,JPN,Asia/Tokyo,sr:complex:33238
381,sr:venue:84720,CENTER COURT,Tokyo,Japan,JPN,Asia/Tokyo,sr:complex:33238
382,sr:venue:84722,SHOW COURT,Tokyo,Japan,JPN,Asia/Tokyo,sr:complex:33238
383,sr:venue:84724,COURT 1,Tokyo,Japan,JPN,Asia/Tokyo,sr:complex:33238
384,sr:venue:14990,Court 2,Wuhan,China,CHN,Asia/Shanghai,sr:complex:33240
385,sr:venue:14992,Court 3,Wuhan,China,CHN,Asia/Shanghai,sr:complex:33240
386,sr:venue:14994,Court 4,Wuhan,China,CHN,Asia/Shanghai,sr:complex:33240
387,sr:venue:14996,Court 5,Wuhan,China,CHN,Asia/Shanghai,sr:complex:33240
388,sr:venue:14998,Court 1,Wuhan,China,CHN,Asia/Shanghai,sr:complex:33240
389,sr:venue:15000,Center Court,Wuhan,China,CHN,Asia/Shanghai,sr:complex:33240
390,sr:venue:16864,Court 6,Wuhan,China,CHN,Asia/Shanghai,sr:complex:33240
391,sr:venue:23666,Indoor 2,Wuhan,China,CHN,Asia/Shanghai,sr:complex:33240
392,sr:venue:23668,Indoor 4,Wuhan,China,CHN,Asia/Shanghai,sr:complex:33240
393,sr:venue:28978,Court 10,Wuhan,China,CHN,Asia/Shanghai,sr:complex:33240
394,sr:venue:28982,Court 9,Wuhan,China,CHN,Asia/Shanghai,sr:complex:33240
395,sr:venue:28984,Court 8,Wuhan,China,CHN,Asia/Shanghai,sr:complex:33240
396,sr:venue:28986,Court 7,Wuhan,China,CHN,Asia/Shanghai,sr:complex:33240
397,sr:venue:84443,Center,Wuhan,China,CHN,Asia/Shanghai,sr:complex:33240
398,sr:venue:2677,Centre Court,Guangzhou,China,CHN,Asia/Shanghai,sr:complex:33242
399,sr:venue:2679,Court 1,Guangzhou,China,CHN,Asia/Shanghai,sr:complex:33242
400,sr:venue:2681,Court 3,Guangzhou,China,CHN,Asia/Shanghai,sr:complex:33242
401,sr:venue:2683,Court 4,Guangzhou,China,CHN,Asia/Shanghai,sr:complex:33242
402,sr:venue:2685,Court 2,Guangzhou,China,CHN,Asia/Shanghai,sr:complex:33242
403,sr:venue:16844,Indoor 2,Guangzhou,China,CHN,Asia/Shanghai,sr:complex:33242
404,sr:venue:34572,Court 7,Guangzhou,China,CHN,Asia/Shanghai,sr:complex:33242
405,sr:venue:1550,Ken Rosewall Arena,Sydney,Australia,AUS,Australia/Sydney,sr:complex:33244
406,sr:venue:1551,Court 1,Sydney,Australia,AUS,Australia/Sydney,sr:complex:33244
407,sr:venue:1552,Court 2,Sydney,Australia,AUS,Australia/Sydney,sr:complex:33244
408,sr:venue:1553,Court 3,Sydney,Australia,AUS,Australia/Sydney,sr:complex:33244
409,sr:venue:1554,Court 4,Sydney,Australia,AUS,Australia/Sydney,sr:complex:33244
410,sr:venue:1555,Court 5,Sydney,Australia,AUS,Australia/Sydney,sr:complex:33244
411,sr:venue:1556,Court 6,Sydney,Australia,AUS,Australia/Sydney,sr:complex:33244
412,sr:venue:1564,Court 8,Sydney,Australia,AUS,Australia/Sydney,sr:complex:33244
413,sr:venue:2210,Center Court,Sydney,Australia,AUS,Australia/Sydney,sr:complex:33244
414,sr:venue:10472,Court 7,Sydney,Australia,AUS,Australia/Sydney,sr:complex:33244
415,sr:venue:15501,Court 9,Sydney,Australia,AUS,Australia/Sydney,sr:complex:33244
416,sr:venue:26447,Show Court 1,Sydney,Australia,AUS,Australia/Sydney,sr:complex:33244
417,sr:venue:14868,Centre Court,Hong Kong,"Hong Kong, China",HKG,Asia/Hong_Kong,sr:complex:33246
418,sr:venue:14870,Court 1,Hong Kong,"Hong Kong, China",HKG,Asia/Hong_Kong,sr:complex:33246
419,sr:venue:14872,Court 2,Hong Kong,"Hong Kong, China",HKG,Asia/Hong_Kong,sr:complex:33246
420,sr:venue:15560,Court 11,Hong Kong,"Hong Kong, China",HKG,Asia/Hong_Kong,sr:complex:33246
421,sr:venue:15562,Court 13,Hong Kong,"Hong Kong, China",HKG,Asia/Hong_Kong,sr:complex:33246
422,sr:venue:18876,Show Court 1,Hong Kong,"Hong Kong, China",HKG,Asia/Hong_Kong,sr:complex:33246
423,sr:venue:18878,Show Court 2,Hong Kong,"Hong Kong, China",HKG,Asia/Hong_Kong,sr:complex:33246
424,sr:venue:24042,Show Court 3,Hong Kong,"Hong Kong, China",HKG,Asia/Hong_Kong,sr:complex:33246
425,sr:venue:24044,Court 3,Hong Kong,"Hong Kong, China",HKG,Asia/Hong_Kong,sr:complex:33246
426,sr:venue:24046,Court 12,Hong Kong,"Hong Kong, China",HKG,Asia/Hong_Kong,sr:complex:33246
427,sr:venue:26317,Court 10,Hong Kong,"Hong Kong, China",HKG,Asia/Hong_Kong,sr:complex:33246
428,sr:venue:26367,Court 6,Hong Kong,"Hong Kong, China",HKG,Asia/Hong_Kong,sr:complex:33246
429,sr:venue:26369,Court 5,Hong Kong,"Hong Kong, China",HKG,Asia/Hong_Kong,sr:complex:33246
430,sr:venue:26371,Court 4,Hong Kong,"Hong Kong, China",HKG,Asia/Hong_Kong,sr:complex:33246
431,sr:venue:31497,Indoor C1,Hong Kong,"Hong Kong, China",HKG,Asia/Hong_Kong,sr:complex:33246
432,sr:venue:31499,Indoor C2,Hong Kong,"Hong Kong, China",HKG,Asia/Hong_Kong,sr:complex:33246
433,sr:venue:14232,Central Court,Tianjin,China,CHN,Asia/Shanghai,sr:complex:33248
434,sr:venue:14234,Court 1,Tianjin,China,CHN,Asia/Shanghai,sr:complex:33248
435,sr:venue:14236,Court 2,Tianjin,China,CHN,Asia/Shanghai,sr:complex:33248
436,sr:venue:14246,Court 3,Tianjin,China,CHN,Asia/Shanghai,sr:complex:33248
437,sr:venue:24038,Court 4,Tianjin,China,CHN,Asia/Shanghai,sr:complex:33248
438,sr:venue:24040,Court 5,Tianjin,China,CHN,Asia/Shanghai,sr:complex:33248
439,sr:venue:24226,Indoor Court 2,Tianjin,China,CHN,Asia/Shanghai,sr:complex:33248
440,sr:venue:24228,Indoor 3,Tianjin,China,CHN,Asia/Shanghai,sr:complex:33248
441,sr:venue:24230,Indoor 4,Tianjin,China,CHN,Asia/Shanghai,sr:complex:33248
442,sr:venue:24252,Indoor 1,Tianjin,China,CHN,Asia/Shanghai,sr:complex:33248
443,sr:venue:35098,Indoor 1,Tashkent,Uzbekistan,UZB,Asia/Tashkent,sr:complex:33250
444,sr:venue:35102,Indoor 2,Tashkent,Uzbekistan,UZB,Asia/Tashkent,sr:complex:33250
445,sr:venue:47004,Diamond,Beijing,China,CHN,Asia/Shanghai,sr:complex:33252
446,sr:venue:1379,Center,Osaka,Japan,JPN,Asia/Tokyo,sr:complex:33254
447,sr:venue:1380,Court 1,Osaka,Japan,JPN,Asia/Tokyo,sr:complex:33254
448,sr:venue:1381,Court 2,Osaka,Japan,JPN,Asia/Tokyo,sr:complex:33254
449,sr:venue:2112,Court 3,Osaka,Japan,JPN,Asia/Tokyo,sr:complex:33254
450,sr:venue:2711,Court 4,Osaka,Japan,JPN,Asia/Tokyo,sr:complex:33254
451,sr:venue:73839,Court 8,Osaka,Japan,JPN,Asia/Tokyo,sr:complex:33254
452,sr:venue:73841,Court 9,Osaka,Japan,JPN,Asia/Tokyo,sr:complex:33254
453,sr:venue:84587,Court 6,Osaka,Japan,JPN,Asia/Tokyo,sr:complex:33254
454,sr:venue:2039,Stadium,"New Haven, CT",USA,USA,America/New_York,sr:complex:33258
455,sr:venue:2040,SportMaster Grandstand,"New Haven, CT",USA,USA,America/New_York,sr:complex:33258
456,sr:venue:2041,Court 1,"New Haven, CT",USA,USA,America/New_York,sr:complex:33258
457,sr:venue:2042,Court 2,"New Haven, CT",USA,USA,America/New_York,sr:complex:33258
458,sr:venue:2043,Court 3,"New Haven, CT",USA,USA,America/New_York,sr:complex:33258
459,sr:venue:2051,Court C,"New Haven, CT",USA,USA,America/New_York,sr:complex:33258
460,sr:venue:9077,Court 4,"New Haven, CT",USA,USA,America/New_York,sr:complex:33258
461,sr:venue:14784,Court A,"New Haven, CT",USA,USA,America/New_York,sr:complex:33258
462,sr:venue:18579,Court G,"New Haven, CT",USA,USA,America/New_York,sr:complex:33258
463,sr:venue:18581,Court I,"New Haven, CT",USA,USA,America/New_York,sr:complex:33258
464,sr:venue:33528,Court G,"New Haven, CT",USA,USA,America/New_York,sr:complex:33258
465,sr:venue:1969,Stadium,"Toronto, ON",Canada,CAN,Canada/Eastern,sr:complex:33266
466,sr:venue:1970,Rogers 5G Grandstand,"Toronto, ON",Canada,CAN,Canada/Eastern,sr:complex:33266
467,sr:venue:1971,Court 1,"Toronto, ON",Canada,CAN,Canada/Eastern,sr:complex:33266
468,sr:venue:1972,Court 3,"Toronto, ON",Canada,CAN,Canada/Eastern,sr:complex:33266
469,sr:venue:1982,Center Court,"Toronto, ON",Canada,CAN,Canada/Eastern,sr:complex:33266
470,sr:venue:1989,Court 4,"Toronto, ON",Canada,CAN,Canada/Eastern,sr:complex:33266
471,sr:venue:2533,Court 2,"Toronto, ON",Canada,CAN,Canada/Eastern,sr:complex:33266
472,sr:venue:2535,Court 5,"Toronto, ON",Canada,CAN,Canada/Eastern,sr:complex:33266
473,sr:venue:23322,Court 10,"Toronto, ON",Canada,CAN,Canada/Eastern,sr:complex:33266
474,sr:venue:23324,Court 12,"Toronto, ON",Canada,CAN,Canada/Eastern,sr:complex:33266
475,sr:venue:23326,Court 9,"Toronto, ON",Canada,CAN,Canada/Eastern,sr:complex:33266
476,sr:venue:32589,National Bank Grandstand,"Toronto, ON",Canada,CAN,Canada/Eastern,sr:complex:33266
477,sr:venue:73017,Grandstand,"Toronto, ON",Canada,CAN,Canada/Eastern,sr:complex:33266
478,sr:venue:79171,Cashmere Grandstand,"Toronto, ON",Canada,CAN,Canada/Eastern,sr:complex:33266
479,sr:venue:83466,Motorola razr Grandstand Court,"Toronto, ON",Canada,CAN,Canada/Eastern,sr:complex:33266
480,sr:venue:1973,P&G Center Court,"Cincinnati, OH",USA,USA,America/New_York,sr:complex:33268
481,sr:venue:1974,P&G Grandstand,"Cincinnati, OH",USA,USA,America/New_York,sr:complex:33268
482,sr:venue:1975,Court 3,"Cincinnati, OH",USA,USA,America/New_York,sr:complex:33268
483,sr:venue:1976,Court 4,"Cincinnati, OH",USA,USA,America/New_York,sr:complex:33268
484,sr:venue:1977,Court 5,"Cincinnati, OH",USA,USA,America/New_York,sr:complex:33268
485,sr:venue:1983,Court 1,"Cincinnati, OH",USA,USA,America/New_York,sr:complex:33268
486,sr:venue:2029,Stadium,"Cincinnati, OH",USA,USA,America/New_York,sr:complex:33268
487,sr:venue:2557,Court 9,"Cincinnati, OH",USA,USA,America/New_York,sr:complex:33268
488,sr:venue:2559,Court 6,"Cincinnati, OH",USA,USA,America/New_York,sr:complex:33268
489,sr:venue:2561,Court 7,"Cincinnati, OH",USA,USA,America/New_York,sr:complex:33268
490,sr:venue:2563,Porsche Court,"Cincinnati, OH",USA,USA,America/New_York,sr:complex:33268
491,sr:venue:18565,Holcim Stadium 3,"Cincinnati, OH",USA,USA,America/New_York,sr:complex:33268
492,sr:venue:22660,Court 8,"Cincinnati, OH",USA,USA,America/New_York,sr:complex:33268
493,sr:venue:22662,Court 11,"Cincinnati, OH",USA,USA,America/New_York,sr:complex:33268
494,sr:venue:79243,Court 10,"Cincinnati, OH",USA,USA,America/New_York,sr:complex:33268
495,sr:venue:83584,P&G Stadium Court,"Cincinnati, OH",USA,USA,America/New_York,sr:complex:33268
496,sr:venue:83586,Champions' Court,"Cincinnati, OH",USA,USA,America/New_York,sr:complex:33268
497,sr:venue:83588,Grandstand,"Cincinnati, OH",USA,USA,America/New_York,sr:complex:33268
498,sr:venue:1801,Centre Court,Strasbourg,France,FRA,Europe/Paris,sr:complex:33274
499,sr:venue:1802,Court 2,Strasbourg,France,FRA,Europe/Paris,sr:complex:33274
500,sr:venue:1803,Court 3,Strasbourg,France,FRA,Europe/Paris,sr:complex:33274
501,sr:venue:2362,Court 1,Strasbourg,France,FRA,Europe/Paris,sr:complex:33274
502,sr:venue:16167,Court Patrice Dominguez,Strasbourg,France,FRA,Europe/Paris,sr:complex:33274
503,sr:venue:20037,Court A,Strasbourg,France,FRA,Europe/Paris,sr:complex:33274
504,sr:venue:20039,Court B,Strasbourg,France,FRA,Europe/Paris,sr:complex:33274
505,sr:venue:20041,Court D,Strasbourg,France,FRA,Europe/Paris,sr:complex:33274
506,sr:venue:39517,Court 4,Strasbourg,France,FRA,Europe/Paris,sr:complex:33274
507,sr:venue:39579,Indoor C,Strasbourg,France,FRA,Europe/Paris,sr:complex:33274
508,sr:venue:58624,Indoor Court 1,Strasbourg,France,FRA,Europe/Paris,sr:complex:33274
509,sr:venue:1850,Centre Court,Birmingham,England,ENG,Europe/London,sr:complex:33276
510,sr:venue:1851,Court 1,Birmingham,England,ENG,Europe/London,sr:complex:33276
511,sr:venue:1852,Court 2,Birmingham,England,ENG,Europe/London,sr:complex:33276
512,sr:venue:1853,Court 3,Birmingham,England,ENG,Europe/London,sr:complex:33276
513,sr:venue:1854,Court 4,Birmingham,England,ENG,Europe/London,sr:complex:33276
514,sr:venue:14210,Ann Jones Centre Court,Birmingham,England,ENG,Europe/London,sr:complex:33276
515,sr:venue:18311,Indoor 4,Birmingham,England,ENG,Europe/London,sr:complex:33276
516,sr:venue:18313,Indoor 6,Birmingham,England,ENG,Europe/London,sr:complex:33276
517,sr:venue:82845,Court 5,Birmingham,England,ENG,Europe/London,sr:complex:33276
518,sr:venue:82889,Court 6,Birmingham,England,ENG,Europe/London,sr:complex:33276
519,sr:venue:11661,Center Court,Marrakech,Morocco,MAR,Africa/Casablanca,sr:complex:33278
520,sr:venue:11663,Court 1,Marrakech,Morocco,MAR,Africa/Casablanca,sr:complex:33278
521,sr:venue:11665,Court 2,Marrakech,Morocco,MAR,Africa/Casablanca,sr:complex:33278
522,sr:venue:11667,Court 4,Marrakech,Morocco,MAR,Africa/Casablanca,sr:complex:33278
523,sr:venue:28545,Court 5,Marrakech,Morocco,MAR,Africa/Casablanca,sr:complex:33278
524,sr:venue:28719,Court 9,Marrakech,Morocco,MAR,Africa/Casablanca,sr:complex:33278
525,sr:venue:11985,Center Court,Nuremberg,Germany,DEU,Europe/Berlin,sr:complex:33280
526,sr:venue:11987,Show Court,Nuremberg,Germany,DEU,Europe/Berlin,sr:complex:33280
527,sr:venue:11989,Court 1,Nuremberg,Germany,DEU,Europe/Berlin,sr:complex:33280
528,sr:venue:11995,Court 2,Nuremberg,Germany,DEU,Europe/Berlin,sr:complex:33280
529,sr:venue:14068,Court 4,Nuremberg,Germany,DEU,Europe/Berlin,sr:complex:33280
530,sr:venue:18203,Show Court 3,Nuremberg,Germany,DEU,Europe/Berlin,sr:complex:33280
531,sr:venue:18205,Court 5,Nuremberg,Germany,DEU,Europe/Berlin,sr:complex:33280
532,sr:venue:1876,Centre Court,Eastbourne,England,ENG,Europe/London,sr:complex:33282
533,sr:venue:1877,Court 1,Eastbourne,England,ENG,Europe/London,sr:complex:33282
534,sr:venue:1878,Court 2,Eastbourne,England,ENG,Europe/London,sr:complex:33282
535,sr:venue:1879,Court 3,Eastbourne,England,ENG,Europe/London,sr:complex:33282
536,sr:venue:1880,Court 4,Eastbourne,England,ENG,Europe/London,sr:complex:33282
537,sr:venue:2394,Court 5,Eastbourne,England,ENG,Europe/London,sr:complex:33282
538,sr:venue:14218,Court 7,Eastbourne,England,ENG,Europe/London,sr:complex:33282
539,sr:venue:14220,Court 8,Eastbourne,England,ENG,Europe/London,sr:complex:33282
540,sr:venue:14222,Court 9,Eastbourne,England,ENG,Europe/London,sr:complex:33282
541,sr:venue:14224,Court 10,Eastbourne,England,ENG,Europe/London,sr:complex:33282
542,sr:venue:14226,Court 11,Eastbourne,England,ENG,Europe/London,sr:complex:33282
543,sr:venue:58830,Court 12,Eastbourne,England,ENG,Europe/London,sr:complex:33282
544,sr:venue:1920,ECM Court,Prague,Czechia,CZE,Europe/Prague,sr:complex:33286
545,sr:venue:14200,Centre Court,Prague,Czechia,CZE,Europe/Prague,sr:complex:33286
546,sr:venue:14204,Court A,Prague,Czechia,CZE,Europe/Prague,sr:complex:33286
547,sr:venue:14716,Allianz Court,Prague,Czechia,CZE,Europe/Prague,sr:complex:33286
548,sr:venue:23384,Court 7,Prague,Czechia,CZE,Europe/Prague,sr:complex:33286
549,sr:venue:33876,Court 6,Prague,Czechia,CZE,Europe/Prague,sr:complex:33286
550,sr:venue:33880,Court 5,Prague,Czechia,CZE,Europe/Prague,sr:complex:33286
551,sr:venue:33882,Court 3,Prague,Czechia,CZE,Europe/Prague,sr:complex:33286
552,sr:venue:33888,Court 8,Prague,Czechia,CZE,Europe/Prague,sr:complex:33286
553,sr:venue:39441,Court 6 - Centre,Prague,Czechia,CZE,Europe/Prague,sr:complex:33286
554,sr:venue:45100,Court 1,Prague,Czechia,CZE,Europe/Prague,sr:complex:33286
555,sr:venue:53063,Sparta Centre Court,Prague,Czechia,CZE,Europe/Prague,sr:complex:33286
556,sr:venue:58324,Court 11,Prague,Czechia,CZE,Europe/Prague,sr:complex:33286
557,sr:venue:58326,Court 13,Prague,Czechia,CZE,Europe/Prague,sr:complex:33286
558,sr:venue:71011,Court 2,Prague,Czechia,CZE,Europe/Prague,sr:complex:33286
559,sr:venue:72767,Practice Court 1,Prague,Czechia,CZE,Europe/Prague,sr:complex:33286
560,sr:venue:1503,Centre Court,Doha,Qatar,QAT,Asia/Qatar,sr:complex:33290
561,sr:venue:1546,Court 1,Doha,Qatar,QAT,Asia/Qatar,sr:complex:33290
562,sr:venue:1547,Court 2,Doha,Qatar,QAT,Asia/Qatar,sr:complex:33290
563,sr:venue:1548,Court 4,Doha,Qatar,QAT,Asia/Qatar,sr:complex:33290
564,sr:venue:1549,Court 3,Doha,Qatar,QAT,Asia/Qatar,sr:complex:33290
565,sr:venue:3828,Court 5,Doha,Qatar,QAT,Asia/Qatar,sr:complex:33290
566,sr:venue:56918,Court A,Doha,Qatar,QAT,Asia/Qatar,sr:complex:33290
567,sr:venue:56920,Court B,Doha,Qatar,QAT,Asia/Qatar,sr:complex:33290
568,sr:venue:62253,Grandstand 1,Doha,Qatar,QAT,Asia/Qatar,sr:complex:33290
569,sr:venue:62255,Grandstand 2,Doha,Qatar,QAT,Asia/Qatar,sr:complex:33290
570,sr:venue:62257,Grandstand 3,Doha,Qatar,QAT,Asia/Qatar,sr:complex:33290
571,sr:venue:62259,Grandstand 4,Doha,Qatar,QAT,Asia/Qatar,sr:complex:33290
572,sr:venue:1697,Court 2,Monterrey,Mexico,MEX,America/Mexico_City,sr:complex:33292
573,sr:venue:13744,Estadio GNP Seguros,Monterrey,Mexico,MEX,America/Mexico_City,sr:complex:33292
574,sr:venue:13746,Cancha 1,Monterrey,Mexico,MEX,America/Mexico_City,sr:complex:33292
575,sr:venue:13748,Cancha 2,Monterrey,Mexico,MEX,America/Mexico_City,sr:complex:33292
576,sr:venue:15808,Cancha  3,Monterrey,Mexico,MEX,America/Mexico_City,sr:complex:33292
577,sr:venue:17228,Cancha 4,Monterrey,Mexico,MEX,America/Mexico_City,sr:complex:33292
578,sr:venue:23716,Court 3,Monterrey,Mexico,MEX,America/Mexico_City,sr:complex:33292
579,sr:venue:25898,Court Torner,Monterrey,Mexico,MEX,America/Mexico_City,sr:complex:33292
580,sr:venue:25906,Court 5,Monterrey,Mexico,MEX,America/Mexico_City,sr:complex:33292
581,sr:venue:25922,Court 8,Monterrey,Mexico,MEX,America/Mexico_City,sr:complex:33292
582,sr:venue:25938,Court 7,Monterrey,Mexico,MEX,America/Mexico_City,sr:complex:33292
583,sr:venue:13520,Quadra Guga Kuerten,Rio de Janeiro,Brazil,BRA,Brazil/East,sr:complex:33296
584,sr:venue:13524,Quadra 2,Rio de Janeiro,Brazil,BRA,Brazil/East,sr:complex:33296
585,sr:venue:15678,Court 3,Rio de Janeiro,Brazil,BRA,Brazil/East,sr:complex:33296
586,sr:venue:15680,Court 6,Rio de Janeiro,Brazil,BRA,Brazil/East,sr:complex:33296
587,sr:venue:15682,Quadra 5,Rio de Janeiro,Brazil,BRA,Brazil/East,sr:complex:33296
588,sr:venue:18505,Court 7,Rio de Janeiro,Brazil,BRA,Brazil/East,sr:complex:33296
589,sr:venue:18507,Court 8,Rio de Janeiro,Brazil,BRA,Brazil/East,sr:complex:33296
590,sr:venue:18509,Quadra 4,Rio de Janeiro,Brazil,BRA,Brazil/East,sr:complex:33296
591,sr:venue:25886,Quadra 3,Rio de Janeiro,Brazil,BRA,Brazil/East,sr:complex:33296
592,sr:venue:25888,Quadra 1,Rio de Janeiro,Brazil,BRA,Brazil/East,sr:complex:33296
593,sr:venue:47254,Centra Court,Rio de Janeiro,Brazil,BRA,Brazil/East,sr:complex:33296
594,sr:venue:47294,Court 2,Rio de Janeiro,Brazil,BRA,Brazil/East,sr:complex:33296
595,sr:venue:47296,Center Court,Rio de Janeiro,Brazil,BRA,Brazil/East,sr:complex:33296
596,sr:venue:56430,Court 1,Rio de Janeiro,Brazil,BRA,Brazil/East,sr:complex:33296
597,sr:venue:61739,Quadra Central,Rio de Janeiro,Brazil,BRA,Brazil/East,sr:complex:33296
598,sr:venue:65325,Central Court,Rio de Janeiro,Brazil,BRA,Brazil/East,sr:complex:33296
599,sr:venue:66903,Central,Rio de Janeiro,Brazil,BRA,Brazil/East,sr:complex:33296
600,sr:venue:2256,Cancha Central,Acapulco,Mexico,MEX,America/Mexico_City,sr:complex:33298
601,sr:venue:2259,Cancha 4,Acapulco,Mexico,MEX,America/Mexico_City,sr:complex:33298
602,sr:venue:11388,Cancha 5,Acapulco,Mexico,MEX,America/Mexico_City,sr:complex:33298
603,sr:venue:18023,Credit One Stadium,"Charleston, SC",USA,USA,America/New_York,sr:complex:33302
604,sr:venue:38738,Court 7,"Charleston, SC",USA,USA,America/New_York,sr:complex:33302
605,sr:venue:38740,Court 5,"Charleston, SC",USA,USA,America/New_York,sr:complex:33302
606,sr:venue:38742,Court 4,"Charleston, SC",USA,USA,America/New_York,sr:complex:33302
607,sr:venue:38744,Court 3,"Charleston, SC",USA,USA,America/New_York,sr:complex:33302
608,sr:venue:38886,Althea Gibson Club Court,"Charleston, SC",USA,USA,America/New_York,sr:complex:33302
609,sr:venue:1505,Center Court,Basel,Switzerland,CHE,Europe/Zurich,sr:complex:33320
610,sr:venue:1506,Court 2,Basel,Switzerland,CHE,Europe/Zurich,sr:complex:33320
611,sr:venue:24630,IWB Court 1,Basel,Switzerland,CHE,Europe/Zurich,sr:complex:33320
612,sr:venue:70371,Court 3,Basel,Switzerland,CHE,Europe/Zurich,sr:complex:33320
613,sr:venue:70373,Court 4,Basel,Switzerland,CHE,Europe/Zurich,sr:complex:33320
614,sr:venue:70375,Court 5,Basel,Switzerland,CHE,Europe/Zurich,sr:complex:33320
615,sr:venue:70473,Table 3,Basel,Switzerland,CHE,Europe/Zurich,sr:complex:33320
616,sr:venue:70475,Table 1,Basel,Switzerland,CHE,Europe/Zurich,sr:complex:33320
617,sr:venue:70477,Table 4,Basel,Switzerland,CHE,Europe/Zurich,sr:complex:33320
618,sr:venue:70479,Table 2,Basel,Switzerland,CHE,Europe/Zurich,sr:complex:33320
619,sr:venue:70493,Court 6,Basel,Switzerland,CHE,Europe/Zurich,sr:complex:33320
620,sr:venue:87352,Court 1,Basel,Switzerland,CHE,Europe/Zurich,sr:complex:33320
621,sr:venue:1498,Center Court,Vienna,Austria,AUT,Europe/Vienna,sr:complex:33322
622,sr:venue:1499,Court B,Vienna,Austria,AUT,Europe/Vienna,sr:complex:33322
623,sr:venue:24824,Next Gen Court,Vienna,Austria,AUT,Europe/Vienna,sr:complex:33322
624,sr:venue:61231,Glaubandich,Vienna,Austria,AUT,Europe/Vienna,sr:complex:33322
625,sr:venue:74782,Glaubandic Court,Vienna,Austria,AUT,Europe/Vienna,sr:complex:33322
626,sr:venue:84734,Fairplay Court,Vienna,Austria,AUT,Europe/Vienna,sr:complex:33322
627,sr:venue:10394,Court 2,Shenzhen,China,CHN,Asia/Shanghai,sr:complex:33334
628,sr:venue:13308,Center Court,Shenzhen,China,CHN,Asia/Shanghai,sr:complex:33334
629,sr:venue:14490,Court 3,Hamburg,Germany,DEU,Europe/Berlin,sr:complex:33338
630,sr:venue:24894,Court 5,Hamburg,Germany,DEU,Europe/Berlin,sr:complex:33338
631,sr:venue:24908,Court 4,Hamburg,Germany,DEU,Europe/Berlin,sr:complex:33338
632,sr:venue:53557,Head Gravity Court,Hamburg,Germany,DEU,Europe/Berlin,sr:complex:33338
633,sr:venue:88030,M1,Hamburg,Germany,DEU,Europe/Berlin,sr:complex:33338
634,sr:venue:88032,M2,Hamburg,Germany,DEU,Europe/Berlin,sr:complex:33338
635,sr:venue:88034,Centre Court,Hamburg,Germany,DEU,Europe/Berlin,sr:complex:33338
636,sr:venue:88942,Court 1,Hamburg,Germany,DEU,Europe/Berlin,sr:complex:33338
637,sr:venue:88944,Court 2,Hamburg,Germany,DEU,Europe/Berlin,sr:complex:33338
638,sr:venue:1388,Centre Court,Stockholm,Sweden,SWE,Europe/Stockholm,sr:complex:33340
639,sr:venue:1394,Court 1,Stockholm,Sweden,SWE,Europe/Stockholm,sr:complex:33340
640,sr:venue:15198,Court 2,Stockholm,Sweden,SWE,Europe/Stockholm,sr:complex:33340
641,sr:venue:24320,Court 3,Stockholm,Sweden,SWE,Europe/Stockholm,sr:complex:33340
642,sr:venue:61435,ShowCourt,Stockholm,Sweden,SWE,Europe/Stockholm,sr:complex:33340
643,sr:venue:2481,Centre Court,Kitzbuhel,Austria,AUT,Europe/Vienna,sr:complex:33342
644,sr:venue:2483,Grandstand,Kitzbuhel,Austria,AUT,Europe/Vienna,sr:complex:33342
645,sr:venue:2485,Court Kuchenmeister,Kitzbuhel,Austria,AUT,Europe/Vienna,sr:complex:33342
646,sr:venue:2487,Court 3,Kitzbuhel,Austria,AUT,Europe/Vienna,sr:complex:33342
647,sr:venue:14664,Court 2,Kitzbuhel,Austria,AUT,Europe/Vienna,sr:complex:33342
648,sr:venue:21964,Kaps,Kitzbuhel,Austria,AUT,Europe/Vienna,sr:complex:33342
649,sr:venue:32193,Court Riedel,Kitzbuhel,Austria,AUT,Europe/Vienna,sr:complex:33342
650,sr:venue:78887,Court Stadtwerke,Kitzbuhel,Austria,AUT,Europe/Vienna,sr:complex:33342
651,sr:venue:88664,Interwetten,Kitzbuhel,Austria,AUT,Europe/Vienna,sr:complex:33342
652,sr:venue:52459,Court 1,London,England,ENG,Europe/London,sr:complex:33344
653,sr:venue:52463,Court 5,London,England,ENG,Europe/London,sr:complex:33344
654,sr:venue:65683,Court 2,London,England,ENG,Europe/London,sr:complex:33344
655,sr:venue:71751,Court 6,London,England,ENG,Europe/London,sr:complex:33344
656,sr:venue:82955,Andy Murray Arena,London,England,ENG,Europe/London,sr:complex:33344
657,sr:venue:30715,Stadion,Halle,Germany,DEU,Europe/Berlin,sr:complex:33346
658,sr:venue:14146,Court 1,Nottingham,England,ENG,Europe/London,sr:complex:33348
659,sr:venue:14148,Court 3,Nottingham,England,ENG,Europe/London,sr:complex:33348
660,sr:venue:14150,Centre Court,Nottingham,England,ENG,Europe/London,sr:complex:33348
661,sr:venue:14152,Court 2,Nottingham,England,ENG,Europe/London,sr:complex:33348
662,sr:venue:14154,Court 4,Nottingham,England,ENG,Europe/London,sr:complex:33348
663,sr:venue:14164,Court 7,Nottingham,England,ENG,Europe/London,sr:complex:33348
664,sr:venue:14166,Court 8,Nottingham,England,ENG,Europe/London,sr:complex:33348
665,sr:venue:16348,Indoor 2,Nottingham,England,ENG,Europe/London,sr:complex:33348
666,sr:venue:16350,Indoor 4,Nottingham,England,ENG,Europe/London,sr:complex:33348
667,sr:venue:21572,Court 5,Nottingham,England,ENG,Europe/London,sr:complex:33348
668,sr:venue:34214,Court 6,Nottingham,England,ENG,Europe/London,sr:complex:33348
669,sr:venue:34230,Court 9,Nottingham,England,ENG,Europe/London,sr:complex:33348
670,sr:venue:34298,Indoor 5,Nottingham,England,ENG,Europe/London,sr:complex:33348
671,sr:venue:34300,Indoor 6,Nottingham,England,ENG,Europe/London,sr:complex:33348
672,sr:venue:39830,Indoor 1,Nottingham,England,ENG,Europe/London,sr:complex:33348
673,sr:venue:39846,Trent 1,Nottingham,England,ENG,Europe/London,sr:complex:33348
674,sr:venue:39848,Trent 2,Nottingham,England,ENG,Europe/London,sr:complex:33348
675,sr:venue:58776,Indoor 3,Nottingham,England,ENG,Europe/London,sr:complex:33348
676,sr:venue:1907,Court 1,Bastad,Sweden,SWE,Europe/Stockholm,sr:complex:33350
677,sr:venue:1908,Court 2,Bastad,Sweden,SWE,Europe/Stockholm,sr:complex:33350
678,sr:venue:1909,Court 3,Bastad,Sweden,SWE,Europe/Stockholm,sr:complex:33350
679,sr:venue:8567,Court 4,Bastad,Sweden,SWE,Europe/Stockholm,sr:complex:33350
680,sr:venue:8569,Court 5,Bastad,Sweden,SWE,Europe/Stockholm,sr:complex:33350
681,sr:venue:21874,Centre Court,Bastad,Sweden,SWE,Europe/Stockholm,sr:complex:33350
682,sr:venue:15266,Centre Court,Geneva,Switzerland,CHE,Europe/Zurich,sr:complex:33356
683,sr:venue:15268,Court 2,Geneva,Switzerland,CHE,Europe/Zurich,sr:complex:33356
684,sr:venue:16169,Court 1,Geneva,Switzerland,CHE,Europe/Zurich,sr:complex:33356
685,sr:venue:16171,Court 3,Geneva,Switzerland,CHE,Europe/Zurich,sr:complex:33356
686,sr:venue:16173,Court 4,Geneva,Switzerland,CHE,Europe/Zurich,sr:complex:33356
687,sr:venue:63541,Court 1,Geneva,Switzerland,CHE,Europe/Zurich,sr:complex:33356
688,sr:venue:63543,Court 2,Geneva,Switzerland,CHE,Europe/Zurich,sr:complex:33356
689,sr:venue:1873,Centre Court,'s-Hertogenbosch,Netherlands,NLD,Europe/Brussels,sr:complex:33364
690,sr:venue:1882,Court 5,'s-Hertogenbosch,Netherlands,NLD,Europe/Brussels,sr:complex:33364
691,sr:venue:1883,Court 6,'s-Hertogenbosch,Netherlands,NLD,Europe/Brussels,sr:complex:33364
692,sr:venue:88264,Court 2,'s-Hertogenbosch,Netherlands,NLD,Europe/Brussels,sr:complex:33364
693,sr:venue:88266,Court 1,'s-Hertogenbosch,Netherlands,NLD,Europe/Brussels,sr:complex:33364
694,sr:venue:88268,Court 3,'s-Hertogenbosch,Netherlands,NLD,Europe/Brussels,sr:complex:33364
695,sr:venue:1341,CENTRALA,Bucharest,Romania,ROU,Europe/Bucharest,sr:complex:33366
696,sr:venue:1342,SEMI CENTRALA,Bucharest,Romania,ROU,Europe/Bucharest,sr:complex:33366
697,sr:venue:13852,Court 4,Bucharest,Romania,ROU,Europe/Bucharest,sr:complex:33366
698,sr:venue:13854,Court 5,Bucharest,Romania,ROU,Europe/Bucharest,sr:complex:33366
699,sr:venue:18385,Grandstand,Bucharest,Romania,ROU,Europe/Bucharest,sr:complex:33366
700,sr:venue:18387,Court 7,Bucharest,Romania,ROU,Europe/Bucharest,sr:complex:33366
701,sr:venue:21852,Court 6,Bucharest,Romania,ROU,Europe/Bucharest,sr:complex:33366
702,sr:venue:22784,Court 8,Bucharest,Romania,ROU,Europe/Bucharest,sr:complex:33366
703,sr:venue:22948,Court 9,Bucharest,Romania,ROU,Europe/Bucharest,sr:complex:33366
704,sr:venue:1773,Center Court,Munich,Germany,DEU,Europe/Berlin,sr:complex:33368
705,sr:venue:1774,Court 4,Munich,Germany,DEU,Europe/Berlin,sr:complex:33368
706,sr:venue:1775,Court 8,Munich,Germany,DEU,Europe/Berlin,sr:complex:33368
707,sr:venue:1776,Court 10,Munich,Germany,DEU,Europe/Berlin,sr:complex:33368
708,sr:venue:1789,Court 13,Munich,Germany,DEU,Europe/Berlin,sr:complex:33368
709,sr:venue:11735,SZ Court,Munich,Germany,DEU,Europe/Berlin,sr:complex:33368
710,sr:venue:13908,Court 3,Munich,Germany,DEU,Europe/Berlin,sr:complex:33368
711,sr:venue:16063,Court 1,Munich,Germany,DEU,Europe/Berlin,sr:complex:33368
712,sr:venue:16065,Court 2,Munich,Germany,DEU,Europe/Berlin,sr:complex:33368
713,sr:venue:1745,Centre,Barcelona,Spain,ESP,Europe/Madrid,sr:complex:33372
714,sr:venue:1755,Pista 3,Barcelona,Spain,ESP,Europe/Madrid,sr:complex:33372
715,sr:venue:1756,Pista 4,Barcelona,Spain,ESP,Europe/Madrid,sr:complex:33372
716,sr:venue:1757,Pista Rafa Nadal,Barcelona,Spain,ESP,Europe/Madrid,sr:complex:33372
717,sr:venue:2344,Pista 2,Barcelona,Spain,ESP,Europe/Madrid,sr:complex:33372
718,sr:venue:6172,Pista 5,Barcelona,Spain,ESP,Europe/Madrid,sr:complex:33372
719,sr:venue:57962,Pista Manolo Santana,Barcelona,Spain,ESP,Europe/Madrid,sr:complex:33372
720,sr:venue:60710,Pista Central,Barcelona,Spain,ESP,Europe/Madrid,sr:complex:33372
721,sr:venue:60712,Pista 1,Barcelona,Spain,ESP,Europe/Madrid,sr:complex:33372
722,sr:venue:63203,Pista Jan Kodes,Barcelona,Spain,ESP,Europe/Madrid,sr:complex:33372
723,sr:venue:70759,Pista Andres Gimeno,Barcelona,Spain,ESP,Europe/Madrid,sr:complex:33372
724,sr:venue:34160,Centre Court,Hiroshima,Japan,JPN,Asia/Tokyo,sr:complex:33374
725,sr:venue:34162,Court 2,Hiroshima,Japan,JPN,Asia/Tokyo,sr:complex:33374
726,sr:venue:34164,Court 3,Hiroshima,Japan,JPN,Asia/Tokyo,sr:complex:33374
727,sr:venue:34166,Court 9,Hiroshima,Japan,JPN,Asia/Tokyo,sr:complex:33374
728,sr:venue:34172,Court 4,Hiroshima,Japan,JPN,Asia/Tokyo,sr:complex:33374
729,sr:venue:34174,Youme Town,Hiroshima,Japan,JPN,Asia/Tokyo,sr:complex:33374
730,sr:venue:34222,Indoor Court 17,Hiroshima,Japan,JPN,Asia/Tokyo,sr:complex:33374
731,sr:venue:34224,Indoor Court 20,Hiroshima,Japan,JPN,Asia/Tokyo,sr:complex:33374
732,sr:venue:34226,Indoor Court 18,Hiroshima,Japan,JPN,Asia/Tokyo,sr:complex:33374
733,sr:venue:34228,Indoor Court 19,Hiroshima,Japan,JPN,Asia/Tokyo,sr:complex:33374
734,sr:venue:18129,Court Central,Rabat,Morocco,MAR,Africa/Casablanca,sr:complex:33388
735,sr:venue:18131,Court 1,Rabat,Morocco,MAR,Africa/Casablanca,sr:complex:33388
736,sr:venue:18133,Court 2,Rabat,Morocco,MAR,Africa/Casablanca,sr:complex:33388
737,sr:venue:18231,Court 13,Lyon,France,FRA,Europe/Paris,sr:complex:33390
738,sr:venue:21568,Court Sopra Steria,Lyon,France,FRA,Europe/Paris,sr:complex:33390
739,sr:venue:58694,Court 12,Lyon,France,FRA,Europe/Paris,sr:complex:33390
740,sr:venue:58712,Court 23,Lyon,France,FRA,Europe/Paris,sr:complex:33390
741,sr:venue:81007,Court 1,Lyon,France,FRA,Europe/Paris,sr:complex:33390
742,sr:venue:82909,Central,Lyon,France,FRA,Europe/Paris,sr:complex:33390
743,sr:venue:82911,Court 2,Lyon,France,FRA,Europe/Paris,sr:complex:33390
744,sr:venue:82925,Court Region Auvergne Rhone Alpes,Lyon,France,FRA,Europe/Paris,sr:complex:33390
745,sr:venue:18469,Court 1,Chengdu,China,CHN,Asia/Shanghai,sr:complex:33392
746,sr:venue:18471,Court 2,Chengdu,China,CHN,Asia/Shanghai,sr:complex:33392
747,sr:venue:18473,Court 17,Chengdu,China,CHN,Asia/Shanghai,sr:complex:33392
748,sr:venue:18481,Court 16,Chengdu,China,CHN,Asia/Shanghai,sr:complex:33392
749,sr:venue:18489,Court 18,Chengdu,China,CHN,Asia/Shanghai,sr:complex:33392
750,sr:venue:18733,Stadium Court,Chengdu,China,CHN,Asia/Shanghai,sr:complex:33392
751,sr:venue:32187,Court 11,Chengdu,China,CHN,Asia/Shanghai,sr:complex:33392
752,sr:venue:32189,Court 12,Chengdu,China,CHN,Asia/Shanghai,sr:complex:33392
753,sr:venue:34608,Center Court,Chengdu,China,CHN,Asia/Shanghai,sr:complex:33392
754,sr:venue:77453,Court 3,Chengdu,China,CHN,Asia/Shanghai,sr:complex:33392
755,sr:venue:18003,Indoor 4,Shenzhen,China,CHN,Asia/Shanghai,sr:complex:33408
756,sr:venue:19597,Court 6,Shenzhen,China,CHN,Asia/Shanghai,sr:complex:33408
757,sr:venue:27813,Court 5,Shenzhen,China,CHN,Asia/Shanghai,sr:complex:33408
758,sr:venue:74558,Indoor 7,Shenzhen,China,CHN,Asia/Shanghai,sr:complex:33408
759,sr:venue:74560,Indoor 5,Shenzhen,China,CHN,Asia/Shanghai,sr:complex:33408
760,sr:venue:74652,Centre Court,Shenzhen,China,CHN,Asia/Shanghai,sr:complex:33408
761,sr:venue:82183,Yang-Ming Tennis Center - Court 6,Kaohsiung,Chinese Taipei,TPE,Asia/Taipei,sr:complex:33410
762,sr:venue:82185,Yang-Ming Tennis Center - Court 1,Kaohsiung,Chinese Taipei,TPE,Asia/Taipei,sr:complex:33410
763,sr:venue:82187,Yang-Ming Tennis Center - Court 2,Kaohsiung,Chinese Taipei,TPE,Asia/Taipei,sr:complex:33410
764,sr:venue:82189,Yang-Ming Tennis Center - Court 6,Kaohsiung,Chinese Taipei,TPE,Asia/Taipei,sr:complex:33410
765,sr:venue:82191,Yang-Ming Tennis Center - Court 4,Kaohsiung,Chinese Taipei,TPE,Asia/Taipei,sr:complex:33410
766,sr:venue:82193,Yang-Ming Tennis Center - Court 5,Kaohsiung,Chinese Taipei,TPE,Asia/Taipei,sr:complex:33410
767,sr:venue:82203,Yang-Ming Tennis Center - Court 7,Kaohsiung,Chinese Taipei,TPE,Asia/Taipei,sr:complex:33410
768,sr:venue:82221,Yang-Ming Tennis Center - Court 8,Kaohsiung,Chinese Taipei,TPE,Asia/Taipei,sr:complex:33410
769,sr:venue:9251,Estadio Municipal Coll d en Rebassa,Mallorca,Spain,ESP,Europe/Madrid,sr:complex:33418
770,sr:venue:18303,Center Court,Mallorca,Spain,ESP,Europe/Madrid,sr:complex:33418
771,sr:venue:18305,Court 1,Mallorca,Spain,ESP,Europe/Madrid,sr:complex:33418
772,sr:venue:18307,Court 2,Mallorca,Spain,ESP,Europe/Madrid,sr:complex:33418
773,sr:venue:18309,Court 3,Mallorca,Spain,ESP,Europe/Madrid,sr:complex:33418
774,sr:venue:21624,Court Central,Mallorca,Spain,ESP,Europe/Madrid,sr:complex:33418
775,sr:venue:21626,Pista 3,Mallorca,Spain,ESP,Europe/Madrid,sr:complex:33418
776,sr:venue:21628,Pista 2,Mallorca,Spain,ESP,Europe/Madrid,sr:complex:33418
777,sr:venue:21630,Pista 1,Mallorca,Spain,ESP,Europe/Madrid,sr:complex:33418
778,sr:venue:33802,Court 4,Mallorca,Spain,ESP,Europe/Madrid,sr:complex:33418
779,sr:venue:33804,Court 5,Mallorca,Spain,ESP,Europe/Madrid,sr:complex:33418
780,sr:venue:45182,Indoor,Mallorca,Spain,ESP,Europe/Madrid,sr:complex:33418
781,sr:venue:64279,Grandstand,Mallorca,Spain,ESP,Europe/Madrid,sr:complex:33418
782,sr:venue:1771,Center Court,Belgrade,Serbia,SRB,Europe/Belgrade,sr:complex:33426
783,sr:venue:1788,Court 2,Belgrade,Serbia,SRB,Europe/Belgrade,sr:complex:33426
784,sr:venue:41108,Court 4,Belgrade,Serbia,SRB,Europe/Belgrade,sr:complex:33426
785,sr:venue:41110,Court 1,Belgrade,Serbia,SRB,Europe/Belgrade,sr:complex:33426
786,sr:venue:41114,Court 3,Belgrade,Serbia,SRB,Europe/Belgrade,sr:complex:33426
787,sr:venue:41120,Court 5,Belgrade,Serbia,SRB,Europe/Belgrade,sr:complex:33426
788,sr:venue:52393,Court 7,Belgrade,Serbia,SRB,Europe/Belgrade,sr:complex:33426
789,sr:venue:52395,Court 8,Belgrade,Serbia,SRB,Europe/Belgrade,sr:complex:33426
790,sr:venue:56648,Court 9,Belgrade,Serbia,SRB,Europe/Belgrade,sr:complex:33426
791,sr:venue:58524,Practice Court 1,Belgrade,Serbia,SRB,Europe/Belgrade,sr:complex:33426
792,sr:venue:82553,Court 1,Copenhagen,Denmark,DNK,Europe/Copenhagen,sr:complex:33428
793,sr:venue:82555,Court 2,Copenhagen,Denmark,DNK,Europe/Copenhagen,sr:complex:33428
794,sr:venue:82557,Court 3,Copenhagen,Denmark,DNK,Europe/Copenhagen,sr:complex:33428
795,sr:venue:82559,Court 4,Copenhagen,Denmark,DNK,Europe/Copenhagen,sr:complex:33428
796,sr:venue:82565,Court 5,Copenhagen,Denmark,DNK,Europe/Copenhagen,sr:complex:33428
797,sr:venue:18175,Estadio 3,Madrid,Spain,ESP,Europe/Madrid,sr:complex:33436
798,sr:venue:28659,Court 16,Madrid,Spain,ESP,Europe/Madrid,sr:complex:33436
799,sr:venue:28661,Court 14,Madrid,Spain,ESP,Europe/Madrid,sr:complex:33436
800,sr:venue:28671,Court 15,Madrid,Spain,ESP,Europe/Madrid,sr:complex:33436
801,sr:venue:30219,Indoor 10,Madrid,Spain,ESP,Europe/Madrid,sr:complex:33436
802,sr:venue:30589,Court 11,Madrid,Spain,ESP,Europe/Madrid,sr:complex:33436
803,sr:venue:30599,Court 10,Madrid,Spain,ESP,Europe/Madrid,sr:complex:33436
804,sr:venue:30615,Court 9,Madrid,Spain,ESP,Europe/Madrid,sr:complex:33436
805,sr:venue:39930,Court 18,Madrid,Spain,ESP,Europe/Madrid,sr:complex:33436
806,sr:venue:39942,Court 19,Madrid,Spain,ESP,Europe/Madrid,sr:complex:33436
807,sr:venue:39946,Court 17,Madrid,Spain,ESP,Europe/Madrid,sr:complex:33436
808,sr:venue:40030,Court 13,Madrid,Spain,ESP,Europe/Madrid,sr:complex:33436
809,sr:venue:40032,Court 12,Madrid,Spain,ESP,Europe/Madrid,sr:complex:33436
810,sr:venue:58736,Court 20,Madrid,Spain,ESP,Europe/Madrid,sr:complex:33436
811,sr:venue:1357,Centre Court,Bangkok,Thailand,THA,Asia/Bangkok,sr:complex:33440
812,sr:venue:1358,Court 1,Bangkok,Thailand,THA,Asia/Bangkok,sr:complex:33440
813,sr:venue:14788,Court 6,Bangkok,Thailand,THA,Asia/Bangkok,sr:complex:33440
814,sr:venue:14790,Court 4,Bangkok,Thailand,THA,Asia/Bangkok,sr:complex:33440
815,sr:venue:14792,Court 5,Bangkok,Thailand,THA,Asia/Bangkok,sr:complex:33440
816,sr:venue:17522,Court 3,Bangkok,Thailand,THA,Asia/Bangkok,sr:complex:33440
817,sr:venue:1915,Center Court,Palermo,Italy,ITA,Europe/Rome,sr:complex:33446
818,sr:venue:1916,Court 2,Palermo,Italy,ITA,Europe/Rome,sr:complex:33446
819,sr:venue:1917,Court 6,Palermo,Italy,ITA,Europe/Rome,sr:complex:33446
820,sr:venue:1918,Court 7,Palermo,Italy,ITA,Europe/Rome,sr:complex:33446
821,sr:venue:2422,Court 4,Palermo,Italy,ITA,Europe/Rome,sr:complex:33446
822,sr:venue:8323,Court 10,Palermo,Italy,ITA,Europe/Rome,sr:complex:33446
823,sr:venue:12005,Court 9,Palermo,Italy,ITA,Europe/Rome,sr:complex:33446
824,sr:venue:12045,Court 11,Palermo,Italy,ITA,Europe/Rome,sr:complex:33446
825,sr:venue:52597,Court 12,Palermo,Italy,ITA,Europe/Rome,sr:complex:33446
826,sr:venue:83426,Court 8,Palermo,Italy,ITA,Europe/Rome,sr:complex:33446
827,sr:venue:88758,Centrale,Palermo,Italy,ITA,Europe/Rome,sr:complex:33446
828,sr:venue:88760,Campo 6,Palermo,Italy,ITA,Europe/Rome,sr:complex:33446
829,sr:venue:88762,Campo 2,Palermo,Italy,ITA,Europe/Rome,sr:complex:33446
830,sr:venue:1930,Centre,Portoroz,Slovenia,SVN,Europe/Ljubljana,sr:complex:33448
831,sr:venue:1931,Court 1,Portoroz,Slovenia,SVN,Europe/Ljubljana,sr:complex:33448
832,sr:venue:1932,Court 2,Portoroz,Slovenia,SVN,Europe/Ljubljana,sr:complex:33448
833,sr:venue:14402,Court D,Portoroz,Slovenia,SVN,Europe/Ljubljana,sr:complex:33448
834,sr:venue:14404,Court C,Portoroz,Slovenia,SVN,Europe/Ljubljana,sr:complex:33448
835,sr:venue:22362,Court A,Portoroz,Slovenia,SVN,Europe/Ljubljana,sr:complex:33448
836,sr:venue:1921,Court 2,Prague,Czechia,CZE,Europe/Prague,sr:complex:33460
837,sr:venue:1922,Court 4,Prague,Czechia,CZE,Europe/Prague,sr:complex:33460
838,sr:venue:61363,Centre Court,Prague,Czechia,CZE,Europe/Prague,sr:complex:33460
839,sr:venue:77739,Court 3,Prague,Czechia,CZE,Europe/Prague,sr:complex:33460
840,sr:venue:58730,Court 1,Berlin,Germany,DEU,Europe/Berlin,sr:complex:33468
841,sr:venue:58732,Court 2,Berlin,Germany,DEU,Europe/Berlin,sr:complex:33468
842,sr:venue:58758,Steffi Graf Stadion,Berlin,Germany,DEU,Europe/Berlin,sr:complex:33468
843,sr:venue:59076,Centre Court,Budapest,Hungary,HUN,Europe/Budapest,sr:complex:33472
844,sr:venue:59078,Court 1,Budapest,Hungary,HUN,Europe/Budapest,sr:complex:33472
845,sr:venue:59080,Grandstand 4,Budapest,Hungary,HUN,Europe/Budapest,sr:complex:33472
846,sr:venue:78749,Grand Court,Budapest,Hungary,HUN,Europe/Budapest,sr:complex:33472
847,sr:venue:83348,Court 1,Tokyo,Japan,JPN,Asia/Tokyo,sr:complex:33478
848,sr:venue:83350,Court 2,Tokyo,Japan,JPN,Asia/Tokyo,sr:complex:33478
849,sr:venue:83352,Court 3,Tokyo,Japan,JPN,Asia/Tokyo,sr:complex:33478
850,sr:venue:17086,Court 1,"Las Vegas, NV",USA,USA,America/Los_Angeles,sr:complex:33480
851,sr:venue:17088,Court 2,"Las Vegas, NV",USA,USA,America/Los_Angeles,sr:complex:33480
852,sr:venue:35662,Stadium Court,"Las Vegas, NV",USA,USA,America/Los_Angeles,sr:complex:33480
853,sr:venue:84219,Court 10,"Las Vegas, NV",USA,USA,America/Los_Angeles,sr:complex:33480
854,sr:venue:84221,Court 11,"Las Vegas, NV",USA,USA,America/Los_Angeles,sr:complex:33480
855,sr:venue:1507,Court 1,Valencia,Spain,ESP,Europe/Madrid,sr:complex:33482
856,sr:venue:1511,Pista 1,Valencia,Spain,ESP,Europe/Madrid,sr:complex:33482
857,sr:venue:17192,Center Court,Valencia,Spain,ESP,Europe/Madrid,sr:complex:33482
858,sr:venue:25858,Pista 3,Valencia,Spain,ESP,Europe/Madrid,sr:complex:33482
859,sr:venue:25860,Pista 2,Valencia,Spain,ESP,Europe/Madrid,sr:complex:33482
860,sr:venue:25864,Pista 4,Valencia,Spain,ESP,Europe/Madrid,sr:complex:33482
861,sr:venue:34646,Court 2,Valencia,Spain,ESP,Europe/Madrid,sr:complex:33482
862,sr:venue:34648,Court 4,Valencia,Spain,ESP,Europe/Madrid,sr:complex:33482
863,sr:venue:46928,Court 3,Valencia,Spain,ESP,Europe/Madrid,sr:complex:33482
864,sr:venue:68101,Court 9,Valencia,Spain,ESP,Europe/Madrid,sr:complex:33482
865,sr:venue:68253,Court 7,Valencia,Spain,ESP,Europe/Madrid,sr:complex:33482
866,sr:venue:68257,Court 5,Valencia,Spain,ESP,Europe/Madrid,sr:complex:33482
867,sr:venue:80329,Pista Pablo Andujar,Valencia,Spain,ESP,Europe/Madrid,sr:complex:33482
868,sr:venue:87948,Pista Central,Valencia,Spain,ESP,Europe/Madrid,sr:complex:33482
869,sr:venue:87968,Pista Sanchez Vicario,Valencia,Spain,ESP,Europe/Madrid,sr:complex:33482
870,sr:venue:2922,Cancha 2,Vina del Mar,Chile,CHL,America/Santiago,sr:complex:33486
871,sr:venue:2936,Cancha 1,Vina del Mar,Chile,CHL,America/Santiago,sr:complex:33486
872,sr:venue:35804,Cancha Central,Vina del Mar,Chile,CHL,America/Santiago,sr:complex:33486
873,sr:venue:35806,Court 5,Vina del Mar,Chile,CHL,America/Santiago,sr:complex:33486
874,sr:venue:84820,Court Central,Paris,France,FRA,Europe/Paris,sr:complex:33530
875,sr:venue:84822,Court 1,Paris,France,FRA,Europe/Paris,sr:complex:33530
876,sr:venue:84954,Court 2,Paris,France,FRA,Europe/Paris,sr:complex:33530
877,sr:venue:84956,Court 3,Paris,France,FRA,Europe/Paris,sr:complex:33530
878,sr:venue:1308,Court 4,"New York, NY",USA,USA,America/New_York,sr:complex:33808
879,sr:venue:1310,Arthur Ashe Stadium,"New York, NY",USA,USA,America/New_York,sr:complex:33808
880,sr:venue:1311,Court 5,"New York, NY",USA,USA,America/New_York,sr:complex:33808
881,sr:venue:1312,Court 6,"New York, NY",USA,USA,America/New_York,sr:complex:33808
882,sr:venue:1313,Court 7,"New York, NY",USA,USA,America/New_York,sr:complex:33808
883,sr:venue:1314,Court 8,"New York, NY",USA,USA,America/New_York,sr:complex:33808
884,sr:venue:1315,Court 9,"New York, NY",USA,USA,America/New_York,sr:complex:33808
885,sr:venue:1316,Court 10,"New York, NY",USA,USA,America/New_York,sr:complex:33808
886,sr:venue:1317,Court 11,"New York, NY",USA,USA,America/New_York,sr:complex:33808
887,sr:venue:1318,Court 12,"New York, NY",USA,USA,America/New_York,sr:complex:33808
888,sr:venue:1319,Court 13,"New York, NY",USA,USA,America/New_York,sr:complex:33808
889,sr:venue:1320,Court 14,"New York, NY",USA,USA,America/New_York,sr:complex:33808
890,sr:venue:1321,Court 15,"New York, NY",USA,USA,America/New_York,sr:complex:33808
891,sr:venue:1322,Court 16,"New York, NY",USA,USA,America/New_York,sr:complex:33808
892,sr:venue:1323,Stadium 17,"New York, NY",USA,USA,America/New_York,sr:complex:33808
893,sr:venue:1324,Louis Armstrong Stadium,"New York, NY",USA,USA,America/New_York,sr:complex:33808
894,sr:venue:1325,Grandstand,"New York, NY",USA,USA,America/New_York,sr:complex:33808
895,sr:venue:85836,"Emirates Arena, 1",Glasgow,Scotland,SCO,Europe/London,sr:complex:34336
896,sr:venue:85838,"Emirates Arena, 2",Glasgow,Scotland,SCO,Europe/London,sr:complex:34336
897,sr:venue:85840,"Emirates Arena, 3",Glasgow,Scotland,SCO,Europe/London,sr:complex:34336
898,sr:venue:85842,"Emirates Arena, 4",Glasgow,Scotland,SCO,Europe/London,sr:complex:34336
899,sr:venue:85844,"Emirates Arena, 5",Glasgow,Scotland,SCO,Europe/London,sr:complex:34336
900,sr:venue:55019,MKG 1,Cologne,Germany,DEU,Europe/Berlin,sr:complex:34586
901,sr:venue:55021,MKG 2,Cologne,Germany,DEU,Europe/Berlin,sr:complex:34586
902,sr:venue:15190,Stadium Court,Tiburon,USA,USA,America/Los_Angeles,sr:complex:34736
903,sr:venue:15192,Court 1,Tiburon,USA,USA,America/Los_Angeles,sr:complex:34736
904,sr:venue:15194,Court 4,Tiburon,USA,USA,America/Los_Angeles,sr:complex:34736
905,sr:venue:16890,Center Court,Tiburon,USA,USA,America/Los_Angeles,sr:complex:34736
906,sr:venue:18735,Court 5,Tiburon,USA,USA,America/Los_Angeles,sr:complex:34736
907,sr:venue:23654,Court 2,Tiburon,USA,USA,America/Los_Angeles,sr:complex:34736
908,sr:venue:23656,Court 3,Tiburon,USA,USA,America/Los_Angeles,sr:complex:34736
909,sr:venue:74388,Kennedy-Grossman,Tiburon,USA,USA,America/Los_Angeles,sr:complex:34736
910,sr:venue:80217,Backer Mckenzie,Tiburon,USA,USA,America/Los_Angeles,sr:complex:34736
911,sr:venue:84407,Chuang/De Leon Family,Tiburon,USA,USA,America/Los_Angeles,sr:complex:34736
912,sr:venue:57810,Cancha 2,Bogota,Colombia,COL,America/Bogota,sr:complex:34766
913,sr:venue:57812,Cancha 3,Bogota,Colombia,COL,America/Bogota,sr:complex:34766
914,sr:venue:57814,Cancha 4,Bogota,Colombia,COL,America/Bogota,sr:complex:34766
915,sr:venue:82271,Cancha Central,Bogota,Colombia,COL,America/Bogota,sr:complex:34766
916,sr:venue:22966,Court 6,Almaty,Kazakhstan,KAZ,Asia/Almaty,sr:complex:34812
917,sr:venue:22968,Court 3,Almaty,Kazakhstan,KAZ,Asia/Almaty,sr:complex:34812
918,sr:venue:22970,Court 5,Almaty,Kazakhstan,KAZ,Asia/Almaty,sr:complex:34812
919,sr:venue:22972,Court 4,Almaty,Kazakhstan,KAZ,Asia/Almaty,sr:complex:34812
920,sr:venue:23722,Court 2,Almaty,Kazakhstan,KAZ,Asia/Almaty,sr:complex:34812
921,sr:venue:24080,Indoor 1,Almaty,Kazakhstan,KAZ,Asia/Almaty,sr:complex:34812
922,sr:venue:24082,Indoor 2,Almaty,Kazakhstan,KAZ,Asia/Almaty,sr:complex:34812
923,sr:venue:14966,Center Court,Campinas,Brazil,BRA,Brazil/East,sr:complex:34814
924,sr:venue:14968,Court 1,Campinas,Brazil,BRA,Brazil/East,sr:complex:34814
925,sr:venue:14970,Court 2,Campinas,Brazil,BRA,Brazil/East,sr:complex:34814
926,sr:venue:16848,Quadra 3,Campinas,Brazil,BRA,Brazil/East,sr:complex:34814
927,sr:venue:18825,Quadra 4,Campinas,Brazil,BRA,Brazil/East,sr:complex:34814
928,sr:venue:23942,Quadra Joao Lima,Campinas,Brazil,BRA,Brazil/East,sr:complex:34814
929,sr:venue:23944,Court 8,Campinas,Brazil,BRA,Brazil/East,sr:complex:34814
930,sr:venue:27597,Court 7,Campinas,Brazil,BRA,Brazil/East,sr:complex:34814
931,sr:venue:27605,Quadra 6,Campinas,Brazil,BRA,Brazil/East,sr:complex:34814
932,sr:venue:27611,Quadra 5,Campinas,Brazil,BRA,Brazil/East,sr:complex:34814
933,sr:venue:66743,Indoors,Campinas,Brazil,BRA,Brazil/East,sr:complex:34814
934,sr:venue:18827,Court 1,"Stockton, CA",USA,USA,America/Los_Angeles,sr:complex:34816
935,sr:venue:18829,Court 2,"Stockton, CA",USA,USA,America/Los_Angeles,sr:complex:34816
936,sr:venue:18831,Court 5,"Stockton, CA",USA,USA,America/Los_Angeles,sr:complex:34816
937,sr:venue:18833,Court 6,"Stockton, CA",USA,USA,America/Los_Angeles,sr:complex:34816
938,sr:venue:18835,Stadium,"Stockton, CA",USA,USA,America/Los_Angeles,sr:complex:34816
939,sr:venue:18837,Court 3,"Stockton, CA",USA,USA,America/Los_Angeles,sr:complex:34816
940,sr:venue:18839,Court 4,"Stockton, CA",USA,USA,America/Los_Angeles,sr:complex:34816
941,sr:venue:23718,Center Court,"Stockton, CA",USA,USA,America/Los_Angeles,sr:complex:34816
942,sr:venue:81931,Eve Zimmerman Tennis Center - Court 1,"Stockton, CA",USA,USA,America/Los_Angeles,sr:complex:34816
943,sr:venue:81933,Eve Zimmerman Tennis Center - Court 5,"Stockton, CA",USA,USA,America/Los_Angeles,sr:complex:34816
944,sr:venue:81935,Eve Zimmerman Tennis Center - Court 3,"Stockton, CA",USA,USA,America/Los_Angeles,sr:complex:34816
945,sr:venue:60714,Pista 2,Barcelona,Spain,ESP,Europe/Madrid,sr:complex:35048
946,sr:venue:15656,Estadio Central,Santo Domingo,Dominican Republic,DOM,America/Santo_Domingo,sr:complex:35052
947,sr:venue:15658,Cancha 1,Santo Domingo,Dominican Republic,DOM,America/Santo_Domingo,sr:complex:35052
948,sr:venue:15666,Cancha 2,Santo Domingo,Dominican Republic,DOM,America/Santo_Domingo,sr:complex:35052
949,sr:venue:26034,Court 8,Santo Domingo,Dominican Republic,DOM,America/Santo_Domingo,sr:complex:35052
950,sr:venue:26036,Cancha 7,Santo Domingo,Dominican Republic,DOM,America/Santo_Domingo,sr:complex:35052
951,sr:venue:26046,Court 9,Santo Domingo,Dominican Republic,DOM,America/Santo_Domingo,sr:complex:35052
952,sr:venue:26048,Court 10,Santo Domingo,Dominican Republic,DOM,America/Santo_Domingo,sr:complex:35052
953,sr:venue:26088,Court 11,Santo Domingo,Dominican Republic,DOM,America/Santo_Domingo,sr:complex:35052
954,sr:venue:26210,Court 12,Santo Domingo,Dominican Republic,DOM,America/Santo_Domingo,sr:complex:35052
955,sr:venue:26299,Court 5,Santo Domingo,Dominican Republic,DOM,America/Santo_Domingo,sr:complex:35052
956,sr:venue:65199,Estadio 4,Santo Domingo,Dominican Republic,DOM,America/Santo_Domingo,sr:complex:35052
957,sr:venue:65537,Estadio,Santo Domingo,Dominican Republic,DOM,America/Santo_Domingo,sr:complex:35052
958,sr:venue:65539,Estadio Mitur,Santo Domingo,Dominican Republic,DOM,America/Santo_Domingo,sr:complex:35052
959,sr:venue:65541,Cancha Avena Americana,Santo Domingo,Dominican Republic,DOM,America/Santo_Domingo,sr:complex:35052
960,sr:venue:65599,Cancha 3,Santo Domingo,Dominican Republic,DOM,America/Santo_Domingo,sr:complex:35052
961,sr:venue:73087,Estadio 3,Santo Domingo,Dominican Republic,DOM,America/Santo_Domingo,sr:complex:35052
962,sr:venue:73089,Estadio Sid,Santo Domingo,Dominican Republic,DOM,America/Santo_Domingo,sr:complex:35052
963,sr:venue:79245,Estadio Brugal,Santo Domingo,Dominican Republic,DOM,America/Santo_Domingo,sr:complex:35052
964,sr:venue:15640,Court 1,Antwerp,Belgium,BEL,Europe/Brussels,sr:complex:35142
965,sr:venue:15642,Centre Court,Antwerp,Belgium,BEL,Europe/Brussels,sr:complex:35142
966,sr:venue:24316,Court 2,Antwerp,Belgium,BEL,Europe/Brussels,sr:complex:35142
967,sr:venue:24318,Court 3,Antwerp,Belgium,BEL,Europe/Brussels,sr:complex:35142
968,sr:venue:61255,Center Court,Ismaning,Germany,DEU,Europe/Berlin,sr:complex:35212
969,sr:venue:61257,Court 1,Ismaning,Germany,DEU,Europe/Berlin,sr:complex:35212
970,sr:venue:23100,Court 7,Calgary,Canada,CAN,America/Edmonton,sr:complex:35214
971,sr:venue:23102,Court 6,Calgary,Canada,CAN,America/Edmonton,sr:complex:35214
972,sr:venue:23104,Court 9,Calgary,Canada,CAN,America/Edmonton,sr:complex:35214
973,sr:venue:23106,Court 8,Calgary,Canada,CAN,America/Edmonton,sr:complex:35214
974,sr:venue:30653,Court 5,Calgary,Canada,CAN,America/Edmonton,sr:complex:35214
975,sr:venue:35206,National Bank Court,Calgary,Canada,CAN,America/Edmonton,sr:complex:35214
976,sr:venue:35208,Court 4,Calgary,Canada,CAN,America/Edmonton,sr:complex:35214
977,sr:venue:51499,Grandstand Court,Calgary,Canada,CAN,America/Edmonton,sr:complex:35214
978,sr:venue:67609,Rogers Court,Calgary,Canada,CAN,America/Edmonton,sr:complex:35214
979,sr:venue:15262,Court 7,Ningbo,China,CHN,Asia/Shanghai,sr:complex:35236
980,sr:venue:15264,Court 8,Ningbo,China,CHN,Asia/Shanghai,sr:complex:35236
981,sr:venue:18934,Indoor 2,Ningbo,China,CHN,Asia/Shanghai,sr:complex:35236
982,sr:venue:18936,Indoor 3,Ningbo,China,CHN,Asia/Shanghai,sr:complex:35236
983,sr:venue:18940,Indoor 1,Ningbo,China,CHN,Asia/Shanghai,sr:complex:35236
984,sr:venue:18950,Indoor 4,Ningbo,China,CHN,Asia/Shanghai,sr:complex:35236
985,sr:venue:24326,Court 1,Ningbo,China,CHN,Asia/Shanghai,sr:complex:35236
986,sr:venue:24328,Court 2,Ningbo,China,CHN,Asia/Shanghai,sr:complex:35236
987,sr:venue:24332,Court 3,Ningbo,China,CHN,Asia/Shanghai,sr:complex:35236
988,sr:venue:80661,Indoor court 9,Ningbo,China,CHN,Asia/Shanghai,sr:complex:35236
989,sr:venue:998,Estadio Nacional,Lima,Peru,PER,America/Lima,sr:complex:35290
990,sr:venue:1008,Estadio Monumental,Lima,Peru,PER,America/Lima,sr:complex:35290
991,sr:venue:5170,Estadio Alberto Gallardo,Lima,Peru,PER,America/Lima,sr:complex:35290
992,sr:venue:8843,Estadio Universidad San Marcos,Lima,Peru,PER,America/Lima,sr:complex:35290
993,sr:venue:10582,Estadio Ivan Elias Moreno,Lima,Peru,PER,America/Lima,sr:complex:35290
994,sr:venue:15357,Cancha  3,Lima,Peru,PER,America/Lima,sr:complex:35290
995,sr:venue:15954,Estadio Municipal de Chorrillos,Lima,Peru,PER,America/Lima,sr:complex:35290
996,sr:venue:26289,Court 4,Lima,Peru,PER,America/Lima,sr:complex:35290
997,sr:venue:26293,Cancha 6,Lima,Peru,PER,America/Lima,sr:complex:35290
998,sr:venue:26295,Court 7,Lima,Peru,PER,America/Lima,sr:complex:35290
999,sr:venue:26297,Cancha 5,Lima,Peru,PER,America/Lima,sr:complex:35290
1000,sr:venue:26301,Court 8,Lima,Peru,PER,America/Lima,sr:complex:35290
1001,sr:venue:26333,Court 9,Lima,Peru,PER,America/Lima,sr:complex:35290
1002,sr:venue:26335,Court 13,Lima,Peru,PER,America/Lima,sr:complex:35290
1003,sr:venue:26337,Court 11,Lima,Peru,PER,America/Lima,sr:complex:35290
1004,sr:venue:26339,Court 10,Lima,Peru,PER,America/Lima,sr:complex:35290
1005,sr:venue:26341,Court 14,Lima,Peru,PER,America/Lima,sr:complex:35290
1006,sr:venue:35074,Court 16,Lima,Peru,PER,America/Lima,sr:complex:35290
1007,sr:venue:35076,Court 15,Lima,Peru,PER,America/Lima,sr:complex:35290
1008,sr:venue:35078,Court 12,Lima,Peru,PER,America/Lima,sr:complex:35290
1009,sr:venue:35080,Court 17,Lima,Peru,PER,America/Lima,sr:complex:35290
1010,sr:venue:85228,Cancha Central,Lima,Peru,PER,America/Lima,sr:complex:35290
1011,sr:venue:24856,Court 6,Liuzhou,China,CHN,Asia/Shanghai,sr:complex:35292
1012,sr:venue:24858,Court 3,Liuzhou,China,CHN,Asia/Shanghai,sr:complex:35292
1013,sr:venue:24860,Court 4,Liuzhou,China,CHN,Asia/Shanghai,sr:complex:35292
1014,sr:venue:24862,Center,Liuzhou,China,CHN,Asia/Shanghai,sr:complex:35292
1015,sr:venue:35376,Indoor Court 1,Liuzhou,China,CHN,Asia/Shanghai,sr:complex:35292
1016,sr:venue:35378,Indoor Court 2,Liuzhou,China,CHN,Asia/Shanghai,sr:complex:35292
1017,sr:venue:47508,Court 5,Liuzhou,China,CHN,Asia/Shanghai,sr:complex:35292
1018,sr:venue:15280,Court 7,"Charlottesville, VA",USA,USA,America/New_York,sr:complex:35512
1019,sr:venue:15282,Court 9,"Charlottesville, VA",USA,USA,America/New_York,sr:complex:35512
1020,sr:venue:18984,Court 10,"Charlottesville, VA",USA,USA,America/New_York,sr:complex:35512
1021,sr:venue:25172,Center Court,"Charlottesville, VA",USA,USA,America/New_York,sr:complex:35512
1022,sr:venue:28852,Court 2,"Charlottesville, VA",USA,USA,America/New_York,sr:complex:35512
1023,sr:venue:28854,Court 1,"Charlottesville, VA",USA,USA,America/New_York,sr:complex:35512
1024,sr:venue:28856,Court 3 Stadium,"Charlottesville, VA",USA,USA,America/New_York,sr:complex:35512
1025,sr:venue:35514,Brenda Meyers Court,"Charlottesville, VA",USA,USA,America/New_York,sr:complex:35512
1026,sr:venue:84980,Court 3,"Charlottesville, VA",USA,USA,America/New_York,sr:complex:35512
1027,sr:venue:15331,Cancha Central,Guayaquil,Ecuador,ECU,America/Guayaquil,sr:complex:35516
1028,sr:venue:18986,Estadio,Guayaquil,Ecuador,ECU,America/Guayaquil,sr:complex:35516
1029,sr:venue:18988,Cancha Raul Viver,Guayaquil,Ecuador,ECU,America/Guayaquil,sr:complex:35516
1030,sr:venue:18990,Cancha 1,Guayaquil,Ecuador,ECU,America/Guayaquil,sr:complex:35516
1031,sr:venue:18992,Cancha 2,Guayaquil,Ecuador,ECU,America/Guayaquil,sr:complex:35516
1032,sr:venue:56292,Court 10,Guayaquil,Ecuador,ECU,America/Guayaquil,sr:complex:35516
1033,sr:venue:15292,Court Central,Mouilleron-le-Captif,France,FRA,Europe/Paris,sr:complex:35642
1034,sr:venue:15294,Court Annexe,Mouilleron-le-Captif,France,FRA,Europe/Paris,sr:complex:35642
1035,sr:venue:15361,Cancha Central,Montevideo,Uruguay,URY,America/Montevideo,sr:complex:35644
1036,sr:venue:15363,Cancha 1,Montevideo,Uruguay,URY,America/Montevideo,sr:complex:35644
1037,sr:venue:15375,Cancha 2,Montevideo,Uruguay,URY,America/Montevideo,sr:complex:35644
1038,sr:venue:15387,Cancha 15,Montevideo,Uruguay,URY,America/Montevideo,sr:complex:35644
1039,sr:venue:15310,Court 2,"Knoxville, TN",USA,USA,America/New_York,sr:complex:35646
1040,sr:venue:15312,Court 3,"Knoxville, TN",USA,USA,America/New_York,sr:complex:35646
1041,sr:venue:17298,Court 5,"Knoxville, TN",USA,USA,America/New_York,sr:complex:35646
1042,sr:venue:25374,Court 1,"Knoxville, TN",USA,USA,America/New_York,sr:complex:35646
1043,sr:venue:25376,Center Court,"Knoxville, TN",USA,USA,America/New_York,sr:complex:35646
1044,sr:venue:61463,Stadium,"Knoxville, TN",USA,USA,America/New_York,sr:complex:35646
1045,sr:venue:15296,Court 1,Limoges,France,FRA,Europe/Paris,sr:complex:35648
1046,sr:venue:15308,Centre,Limoges,France,FRA,Europe/Paris,sr:complex:35648
1047,sr:venue:17280,Court 2,Limoges,France,FRA,Europe/Paris,sr:complex:35648
1048,sr:venue:17282,Center Court,Kobe,Japan,JPN,Asia/Tokyo,sr:complex:35684
1049,sr:venue:17284,Court F,Kobe,Japan,JPN,Asia/Tokyo,sr:complex:35684
1050,sr:venue:17286,Court G,Kobe,Japan,JPN,Asia/Tokyo,sr:complex:35684
1051,sr:venue:17288,Court E,Kobe,Japan,JPN,Asia/Tokyo,sr:complex:35684
1052,sr:venue:67729,Court C,Kobe,Japan,JPN,Asia/Tokyo,sr:complex:35684
1053,sr:venue:85466,Court B,Kobe,Japan,JPN,Asia/Tokyo,sr:complex:35684
1054,sr:venue:85468,Court C,Kobe,Japan,JPN,Asia/Tokyo,sr:complex:35684
1055,sr:venue:85512,Court A,Kobe,Japan,JPN,Asia/Tokyo,sr:complex:35684
1056,sr:venue:17078,Center Court,Bangalore,India,IND,Asia/Kolkata,sr:complex:35688
1057,sr:venue:17080,Court 1,Bangalore,India,IND,Asia/Kolkata,sr:complex:35688
1058,sr:venue:17084,Court 3,Bangalore,India,IND,Asia/Kolkata,sr:complex:35688
1059,sr:venue:17875,Sree Kanteerava Stadium,Bangalore,India,IND,Asia/Kolkata,sr:complex:35688
1060,sr:venue:19691,M.Chinnaswamy Stadium,Bangalore,India,IND,Asia/Kolkata,sr:complex:35688
1061,sr:venue:25806,Court 2,Bangalore,India,IND,Asia/Kolkata,sr:complex:35688
1062,sr:venue:74524,Cancha 8,Buenos Aires,Argentina,ARG,America/Argentina/Buenos_Aires,sr:complex:35690
1063,sr:venue:74526,Cancha 7,Buenos Aires,Argentina,ARG,America/Argentina/Buenos_Aires,sr:complex:35690
1064,sr:venue:84213,Cancha Central,Buenos Aires,Argentina,ARG,America/Argentina/Buenos_Aires,sr:complex:35690
1065,sr:venue:15341,Court 1,"Champaign, IL",USA,USA,America/Chicago,sr:complex:35692
1066,sr:venue:15343,Court 2,"Champaign, IL",USA,USA,America/Chicago,sr:complex:35692
1067,sr:venue:19098,Court 5,"Champaign, IL",USA,USA,America/Chicago,sr:complex:35692
1068,sr:venue:31915,Court N2,"Champaign, IL",USA,USA,America/Chicago,sr:complex:35692
1069,sr:venue:31917,Court S2,"Champaign, IL",USA,USA,America/Chicago,sr:complex:35692
1070,sr:venue:31919,Court N5,"Champaign, IL",USA,USA,America/Chicago,sr:complex:35692
1071,sr:venue:31921,Court N6,"Champaign, IL",USA,USA,America/Chicago,sr:complex:35692
1072,sr:venue:81019,The Schwartz Court,"Champaign, IL",USA,USA,America/Chicago,sr:complex:35692
1073,sr:venue:81021,The Goldenberg Court,"Champaign, IL",USA,USA,America/Chicago,sr:complex:35692
1074,sr:venue:83857,Court N1,"Champaign, IL",USA,USA,America/Chicago,sr:complex:35692
1075,sr:venue:24206,Court 2,"Houston, TX",USA,USA,America/Chicago,sr:complex:35694
1076,sr:venue:24210,Court 4,"Houston, TX",USA,USA,America/Chicago,sr:complex:35694
1077,sr:venue:24216,Court 10,"Houston, TX",USA,USA,America/Chicago,sr:complex:35694
1078,sr:venue:24394,Court 12,"Houston, TX",USA,USA,America/Chicago,sr:complex:35694
1079,sr:venue:33414,Westside Tennis Club,"Houston, TX",USA,USA,America/Chicago,sr:complex:35694
1080,sr:venue:35910,Indoor 1,"Houston, TX",USA,USA,America/Chicago,sr:complex:35694
1081,sr:venue:35912,Indoor 2,"Houston, TX",USA,USA,America/Chicago,sr:complex:35694
1082,sr:venue:15230,Centre Court,Pune,India,IND,Asia/Kolkata,sr:complex:35870
1083,sr:venue:15232,Court 1,Pune,India,IND,Asia/Kolkata,sr:complex:35870
1084,sr:venue:15234,Court 2,Pune,India,IND,Asia/Kolkata,sr:complex:35870
1085,sr:venue:15244,Court 3,Pune,India,IND,Asia/Kolkata,sr:complex:35870
1086,sr:venue:15246,Court 4,Pune,India,IND,Asia/Kolkata,sr:complex:35870
1087,sr:venue:26363,Pune Club Ground,Pune,India,IND,Asia/Kolkata,sr:complex:35870
1088,sr:venue:36371,Court 5,Pune,India,IND,Asia/Kolkata,sr:complex:35870
1089,sr:venue:15373,Via Delle Querce,Andria,Italy,ITA,Europe/Rome,sr:complex:35902
1090,sr:venue:1540,Stadium Court,Auckland,New Zealand,NZL,Pacific/Auckland,sr:complex:36493
1091,sr:venue:1541,Court 4,Auckland,New Zealand,NZL,Pacific/Auckland,sr:complex:36493
1092,sr:venue:1542,Court 6,Auckland,New Zealand,NZL,Pacific/Auckland,sr:complex:36493
1093,sr:venue:1560,Court 1,Auckland,New Zealand,NZL,Pacific/Auckland,sr:complex:36493
1094,sr:venue:1561,Court 2,Auckland,New Zealand,NZL,Pacific/Auckland,sr:complex:36493
1095,sr:venue:1562,Court 3,Auckland,New Zealand,NZL,Pacific/Auckland,sr:complex:36493
1096,sr:venue:1563,Court 5,Auckland,New Zealand,NZL,Pacific/Auckland,sr:complex:36493
1097,sr:venue:2209,Court 8,Auckland,New Zealand,NZL,Pacific/Auckland,sr:complex:36493
1098,sr:venue:15477,Grandstand,Auckland,New Zealand,NZL,Pacific/Auckland,sr:complex:36493
1099,sr:venue:69027,Indoor 1,Auckland,New Zealand,NZL,Pacific/Auckland,sr:complex:36493
1100,sr:venue:69029,Indoor 3,Auckland,New Zealand,NZL,Pacific/Auckland,sr:complex:36493
1101,sr:venue:69051,Indoor 2,Auckland,New Zealand,NZL,Pacific/Auckland,sr:complex:36493
1102,sr:venue:69077,Centre Court,Auckland,New Zealand,NZL,Pacific/Auckland,sr:complex:36493
1103,sr:venue:81619,Indoor 6,Auckland,New Zealand,NZL,Pacific/Auckland,sr:complex:36493
1104,sr:venue:86402,Show Court 2,Auckland,New Zealand,NZL,Pacific/Auckland,sr:complex:36493
1105,sr:venue:86404,Show Court 1,Auckland,New Zealand,NZL,Pacific/Auckland,sr:complex:36493
1106,sr:venue:1557,Centre Court,Hobart,Australia,AUS,Australia/Tasmania,sr:complex:36495
1107,sr:venue:1565,Court 8,Hobart,Australia,AUS,Australia/Tasmania,sr:complex:36495
1108,sr:venue:26481,West Court,Hobart,Australia,AUS,Australia/Tasmania,sr:complex:36495
1109,sr:venue:16850,Court 5,"Columbus, OH",USA,USA,America/New_York,sr:complex:36497
1110,sr:venue:23578,Center Court,"Columbus, OH",USA,USA,America/New_York,sr:complex:36497
1111,sr:venue:23580,Court 1,"Columbus, OH",USA,USA,America/New_York,sr:complex:36497
1112,sr:venue:23582,Court 2,"Columbus, OH",USA,USA,America/New_York,sr:complex:36497
1113,sr:venue:23584,Court 3,"Columbus, OH",USA,USA,America/New_York,sr:complex:36497
1114,sr:venue:23586,Court 4,"Columbus, OH",USA,USA,America/New_York,sr:complex:36497
1115,sr:venue:39862,Indoor Court 1,"Columbus, OH",USA,USA,America/New_York,sr:complex:36497
1116,sr:venue:19364,Lotto RLP Court,Koblenz,Germany,DEU,Europe/Berlin,sr:complex:36573
1117,sr:venue:19366,Court 1,Koblenz,Germany,DEU,Europe/Berlin,sr:complex:36573
1118,sr:venue:81777,Centre Court,Koblenz,Germany,DEU,Europe/Berlin,sr:complex:36573
1119,sr:venue:26795,Center,Newport Beach,USA,USA,America/Los_Angeles,sr:complex:36783
1120,sr:venue:26801,Stadium,Newport Beach,USA,USA,America/Los_Angeles,sr:complex:36783
1121,sr:venue:37065,Court 10,Newport Beach,USA,USA,America/Los_Angeles,sr:complex:36783
1122,sr:venue:50247,Court 8,Newport Beach,USA,USA,America/Los_Angeles,sr:complex:36783
1123,sr:venue:50249,Court 8,Newport Beach,USA,USA,America/Los_Angeles,sr:complex:36783
1124,sr:venue:50251,Court 8,Newport Beach,USA,USA,America/Los_Angeles,sr:complex:36783
1125,sr:venue:15616,Center Court,Burnie,Australia,AUS,Australia/Tasmania,sr:complex:36785
1126,sr:venue:15618,Court 4,Burnie,Australia,AUS,Australia/Tasmania,sr:complex:36785
1127,sr:venue:15628,Court 2,Burnie,Australia,AUS,Australia/Tasmania,sr:complex:36785
1128,sr:venue:15630,Court 6,Burnie,Australia,AUS,Australia/Tasmania,sr:complex:36785
1129,sr:venue:19412,Court 1,Burnie,Australia,AUS,Australia/Tasmania,sr:complex:36785
1130,sr:venue:19414,Court 3,Burnie,Australia,AUS,Australia/Tasmania,sr:complex:36785
1131,sr:venue:19416,Court 5,Burnie,Australia,AUS,Australia/Tasmania,sr:complex:36785
1132,sr:venue:19422,Cat Court,Burnie,Australia,AUS,Australia/Tasmania,sr:complex:36785
1133,sr:venue:35960,West Park Oval,Burnie,Australia,AUS,Australia/Tasmania,sr:complex:36785
1134,sr:venue:27421,Cancha Central,Punta del Este,Uruguay,URY,America/Montevideo,sr:complex:36787
1135,sr:venue:27423,Cancha 1,Punta del Este,Uruguay,URY,America/Montevideo,sr:complex:36787
1136,sr:venue:27425,Cancha 4,Punta del Este,Uruguay,URY,America/Montevideo,sr:complex:36787
1137,sr:venue:27455,Cancha 2,Punta del Este,Uruguay,URY,America/Montevideo,sr:complex:36787
1138,sr:venue:36789,Cancha 3,Punta del Este,Uruguay,URY,America/Montevideo,sr:complex:36787
1139,sr:venue:15186,Central Colette Besson,Rennes,France,FRA,Europe/Paris,sr:complex:37007
1140,sr:venue:15188,Tennis Club De Bruz,Rennes,France,FRA,Europe/Paris,sr:complex:37007
1141,sr:venue:16982,Court 5,Rennes,France,FRA,Europe/Paris,sr:complex:37007
1142,sr:venue:17004,Court 4,Rennes,France,FRA,Europe/Paris,sr:complex:37007
1143,sr:venue:26739,Tennis Club De Bruz 4,Rennes,France,FRA,Europe/Paris,sr:complex:37007
1144,sr:venue:26741,Tennis Club De Bruz 5,Rennes,France,FRA,Europe/Paris,sr:complex:37007
1145,sr:venue:15648,Center Court,Launceston,Australia,AUS,Australia/Tasmania,sr:complex:38041
1146,sr:venue:15650,Court 4,Launceston,Australia,AUS,Australia/Tasmania,sr:complex:38041
1147,sr:venue:15652,Court 2,Launceston,Australia,AUS,Australia/Tasmania,sr:complex:38041
1148,sr:venue:15654,Court 5,Launceston,Australia,AUS,Australia/Tasmania,sr:complex:38041
1149,sr:venue:15668,Court 3,Launceston,Australia,AUS,Australia/Tasmania,sr:complex:38041
1150,sr:venue:27033,Court 8,Launceston,Australia,AUS,Australia/Tasmania,sr:complex:38041
1151,sr:venue:17230,Center Court,Hua Hin,Thailand,THA,Asia/Bangkok,sr:complex:38043
1152,sr:venue:17232,Court 2,Hua Hin,Thailand,THA,Asia/Bangkok,sr:complex:38043
1153,sr:venue:17240,Court 5,Hua Hin,Thailand,THA,Asia/Bangkok,sr:complex:38043
1154,sr:venue:17244,Court 3,Hua Hin,Thailand,THA,Asia/Bangkok,sr:complex:38043
1155,sr:venue:17296,Court 4,Hua Hin,Thailand,THA,Asia/Bangkok,sr:complex:38043
1156,sr:venue:25372,Court 1,Hua Hin,Thailand,THA,Asia/Bangkok,sr:complex:38043
1157,sr:venue:12245,Halle des Sports,Quimper,France,FRA,Europe/Paris,sr:complex:38045
1158,sr:venue:15810,Court Central,Quimper,France,FRA,Europe/Paris,sr:complex:38045
1159,sr:venue:15812,Annexe,Quimper,France,FRA,Europe/Paris,sr:complex:38045
1160,sr:venue:19418,Court 1,Quimper,France,FRA,Europe/Paris,sr:complex:38045
1161,sr:venue:19420,Court 2,Quimper,France,FRA,Europe/Paris,sr:complex:38045
1162,sr:venue:38061,Court 4,"Cleveland, OH",USA,USA,America/New_York,sr:complex:38047
1163,sr:venue:38063,Court 2,"Cleveland, OH",USA,USA,America/New_York,sr:complex:38047
1164,sr:venue:50713,Center Court,"Cleveland, OH",USA,USA,America/New_York,sr:complex:38047
1165,sr:venue:76147,Stadium,"Cleveland, OH",USA,USA,America/New_York,sr:complex:38047
1166,sr:venue:13366,Court 2,Montpellier,France,FRA,Europe/Paris,sr:complex:38187
1167,sr:venue:80699,Infinity Arena,Montpellier,France,FRA,Europe/Paris,sr:complex:38187
1168,sr:venue:15236,Cancha Central,Cordoba,Argentina,ARG,America/Argentina/Cordoba,sr:complex:38189
1169,sr:venue:29870,Cancha 2,Cordoba,Argentina,ARG,America/Argentina/Cordoba,sr:complex:38189
1170,sr:venue:29872,Cancha 4,Cordoba,Argentina,ARG,America/Argentina/Cordoba,sr:complex:38189
1171,sr:venue:29874,Cancha 1,Cordoba,Argentina,ARG,America/Argentina/Cordoba,sr:complex:38189
1172,sr:venue:29876,Cancha 6,Cordoba,Argentina,ARG,America/Argentina/Cordoba,sr:complex:38189
1173,sr:venue:29878,Cancha 3,Cordoba,Argentina,ARG,America/Argentina/Cordoba,sr:complex:38189
1174,sr:venue:2587,Grandstand 1,"Dallas, TX",USA,USA,America/Chicago,sr:complex:38191
1175,sr:venue:2589,Grandstand 2,"Dallas, TX",USA,USA,America/Chicago,sr:complex:38191
1176,sr:venue:15620,Hamilton Family Stadium,"Dallas, TX",USA,USA,America/Chicago,sr:complex:38191
1177,sr:venue:15622,Court 1,"Dallas, TX",USA,USA,America/Chicago,sr:complex:38191
1178,sr:venue:17754,Court 2,"Dallas, TX",USA,USA,America/Chicago,sr:complex:38191
1179,sr:venue:1902,Asboth Jozsef,Budapest,Hungary,HUN,Europe/Budapest,sr:complex:38193
1180,sr:venue:19515,Kormoczy Court,Budapest,Hungary,HUN,Europe/Budapest,sr:complex:38193
1181,sr:venue:19517,Temesvari Court,Budapest,Hungary,HUN,Europe/Budapest,sr:complex:38193
1182,sr:venue:1543,Center Court,Chennai,India,IND,Asia/Kolkata,sr:complex:38195
1183,sr:venue:1544,Court 1,Chennai,India,IND,Asia/Kolkata,sr:complex:38195
1184,sr:venue:1545,Court 2,Chennai,India,IND,Asia/Kolkata,sr:complex:38195
1185,sr:venue:15479,Court 3,Chennai,India,IND,Asia/Kolkata,sr:complex:38195
1186,sr:venue:15481,Court 4,Chennai,India,IND,Asia/Kolkata,sr:complex:38195
1187,sr:venue:72017,Cancha Estadio,Medellin,Colombia,COL,America/Bogota,sr:complex:38277
1188,sr:venue:72019,Cancha 1,Medellin,Colombia,COL,America/Bogota,sr:complex:38277
1189,sr:venue:72021,Cancha 2,Medellin,Colombia,COL,America/Bogota,sr:complex:38277
1190,sr:venue:72027,Cancha 3,Medellin,Colombia,COL,America/Bogota,sr:complex:38277
1191,sr:venue:15738,Tourlaville 2,Cherbourg-Octeville,France,FRA,Europe/Paris,sr:complex:38285
1192,sr:venue:24146,Center Court,Cherbourg-Octeville,France,FRA,Europe/Paris,sr:complex:38285
1193,sr:venue:24150,Court 1,Cherbourg-Octeville,France,FRA,Europe/Paris,sr:complex:38285
1194,sr:venue:24390,Court 2,Cherbourg-Octeville,France,FRA,Europe/Paris,sr:complex:38285
1195,sr:venue:35056,Court 5,Cherbourg-Octeville,France,FRA,Europe/Paris,sr:complex:38285
1196,sr:venue:1656,Centre Court,Dubai,United Arab Emirates,ARE,Asia/Dubai,sr:complex:38313
1197,sr:venue:1657,Court 1,Dubai,United Arab Emirates,ARE,Asia/Dubai,sr:complex:38313
1198,sr:venue:1658,Court 3,Dubai,United Arab Emirates,ARE,Asia/Dubai,sr:complex:38313
1199,sr:venue:1667,Court 6,Dubai,United Arab Emirates,ARE,Asia/Dubai,sr:complex:38313
1200,sr:venue:1668,Court 7,Dubai,United Arab Emirates,ARE,Asia/Dubai,sr:complex:38313
1201,sr:venue:1674,Court 2,Dubai,United Arab Emirates,ARE,Asia/Dubai,sr:complex:38313
1202,sr:venue:86858,New Court 1,Dubai,United Arab Emirates,ARE,Asia/Dubai,sr:complex:38313
1203,sr:venue:86860,Court 4,Dubai,United Arab Emirates,ARE,Asia/Dubai,sr:complex:38313
1204,sr:venue:82287,Estadio Metaxchange,Morelos,Mexico,MEX,America/Mexico_City,sr:complex:38315
1205,sr:venue:82289,Cancha 1,Morelos,Mexico,MEX,America/Mexico_City,sr:complex:38315
1206,sr:venue:82291,Cancha 2,Morelos,Mexico,MEX,America/Mexico_City,sr:complex:38315
1207,sr:venue:1700,Stadium 2,Indian Wells,USA,USA,America/Los_Angeles,sr:complex:38419
1208,sr:venue:1701,Stadium 3,Indian Wells,USA,USA,America/Los_Angeles,sr:complex:38419
1209,sr:venue:1702,Stadium 4,Indian Wells,USA,USA,America/Los_Angeles,sr:complex:38419
1210,sr:venue:1703,Stadium 5,Indian Wells,USA,USA,America/Los_Angeles,sr:complex:38419
1211,sr:venue:1704,Stadium 6,Indian Wells,USA,USA,America/Los_Angeles,sr:complex:38419
1212,sr:venue:1705,Stadium 7,Indian Wells,USA,USA,America/Los_Angeles,sr:complex:38419
1213,sr:venue:1706,Stadium 8,Indian Wells,USA,USA,America/Los_Angeles,sr:complex:38419
1214,sr:venue:1707,Stadium 9,Indian Wells,USA,USA,America/Los_Angeles,sr:complex:38419
1215,sr:venue:1708,Stadium 1,Indian Wells,USA,USA,America/Los_Angeles,sr:complex:38419
1216,sr:venue:11486,Court 13,Indian Wells,USA,USA,America/Los_Angeles,sr:complex:38419
1217,sr:venue:27427,Court 15,Indian Wells,USA,USA,America/Los_Angeles,sr:complex:38419
1218,sr:venue:27429,Court 17,Indian Wells,USA,USA,America/Los_Angeles,sr:complex:38419
1219,sr:venue:27431,Court 18,Indian Wells,USA,USA,America/Los_Angeles,sr:complex:38419
1220,sr:venue:27435,Court 16,Indian Wells,USA,USA,America/Los_Angeles,sr:complex:38419
1221,sr:venue:27457,Court 19,Indian Wells,USA,USA,America/Los_Angeles,sr:complex:38419
1222,sr:venue:38461,Court 20,Indian Wells,USA,USA,America/Los_Angeles,sr:complex:38419
1223,sr:venue:76001,PC3,Indian Wells,USA,USA,America/Los_Angeles,sr:complex:38419
1224,sr:venue:76003,PC4,Indian Wells,USA,USA,America/Los_Angeles,sr:complex:38419
1225,sr:venue:76005,PC5,Indian Wells,USA,USA,America/Los_Angeles,sr:complex:38419
1226,sr:venue:76043,PC6,Indian Wells,USA,USA,America/Los_Angeles,sr:complex:38419
1227,sr:venue:76087,PC2,Indian Wells,USA,USA,America/Los_Angeles,sr:complex:38419
1228,sr:venue:15327,Court 1,Yokohama,Japan,JPN,Asia/Tokyo,sr:complex:38421
1229,sr:venue:19585,Court 7,Yokohama,Japan,JPN,Asia/Tokyo,sr:complex:38421
1230,sr:venue:27655,Court 8,Yokohama,Japan,JPN,Asia/Tokyo,sr:complex:38421
1231,sr:venue:27675,Court 9,Yokohama,Japan,JPN,Asia/Tokyo,sr:complex:38421
1232,sr:venue:27725,Indoor 6,Yokohama,Japan,JPN,Asia/Tokyo,sr:complex:38421
1233,sr:venue:27727,Indoor 5,Yokohama,Japan,JPN,Asia/Tokyo,sr:complex:38421
1234,sr:venue:81171,Court 3,Yokohama,Japan,JPN,Asia/Tokyo,sr:complex:38421
1235,sr:venue:81173,Court 4,Yokohama,Japan,JPN,Asia/Tokyo,sr:complex:38421
1236,sr:venue:81289,Indoors 2,Yokohama,Japan,JPN,Asia/Tokyo,sr:complex:38421
1237,sr:venue:38453,Central,Pau,France,FRA,Europe/Paris,sr:complex:38451
1238,sr:venue:38455,TC Pau 1,Pau,France,FRA,Europe/Paris,sr:complex:38451
1239,sr:venue:62265,Court 1,Pau,France,FRA,Europe/Paris,sr:complex:38451
1240,sr:venue:62267,Court 2,Pau,France,FRA,Europe/Paris,sr:complex:38451
1241,sr:venue:62269,Court 3,Pau,France,FRA,Europe/Paris,sr:complex:38451
1242,sr:venue:10390,Stadium,Shenzhen,China,CHN,Asia/Shanghai,sr:complex:38603
1243,sr:venue:13856,Court 10,Shenzhen,China,CHN,Asia/Shanghai,sr:complex:38603
1244,sr:venue:13858,Court 3,Shenzhen,China,CHN,Asia/Shanghai,sr:complex:38603
1245,sr:venue:13860,Court 4,Shenzhen,China,CHN,Asia/Shanghai,sr:complex:38603
1246,sr:venue:17466,Indoor 1,Shenzhen,China,CHN,Asia/Shanghai,sr:complex:38603
1247,sr:venue:17468,Indoor 2,Shenzhen,China,CHN,Asia/Shanghai,sr:complex:38603
1248,sr:venue:18001,Indoor 3,Shenzhen,China,CHN,Asia/Shanghai,sr:complex:38603
1249,sr:venue:19599,Court 8,Shenzhen,China,CHN,Asia/Shanghai,sr:complex:38603
1250,sr:venue:27817,Court 7,Shenzhen,China,CHN,Asia/Shanghai,sr:complex:38603
1251,sr:venue:27821,Court 9,Shenzhen,China,CHN,Asia/Shanghai,sr:complex:38603
1252,sr:venue:27991,Court 11,Shenzhen,China,CHN,Asia/Shanghai,sr:complex:38603
1253,sr:venue:38633,Center Court,"Phoenix, AZ",USA,USA,America/Phoenix,sr:complex:38631
1254,sr:venue:38635,Court 3,"Phoenix, AZ",USA,USA,America/Phoenix,sr:complex:38631
1255,sr:venue:38637,Court 2,"Phoenix, AZ",USA,USA,America/Phoenix,sr:complex:38631
1256,sr:venue:38682,Court 4,"Phoenix, AZ",USA,USA,America/Phoenix,sr:complex:38631
1257,sr:venue:62521,Court 1,"Phoenix, AZ",USA,USA,America/Phoenix,sr:complex:38631
1258,sr:venue:1711,Court 1,"Miami, FL",USA,USA,America/New_York,sr:complex:38678
1259,sr:venue:1712,Court 2,"Miami, FL",USA,USA,America/New_York,sr:complex:38678
1260,sr:venue:1713,Court 3,"Miami, FL",USA,USA,America/New_York,sr:complex:38678
1261,sr:venue:1714,Court 4,"Miami, FL",USA,USA,America/New_York,sr:complex:38678
1262,sr:venue:1715,Court 5,"Miami, FL",USA,USA,America/New_York,sr:complex:38678
1263,sr:venue:1716,Court 6,"Miami, FL",USA,USA,America/New_York,sr:complex:38678
1264,sr:venue:1717,Court 7,"Miami, FL",USA,USA,America/New_York,sr:complex:38678
1265,sr:venue:1718,Court 8,"Miami, FL",USA,USA,America/New_York,sr:complex:38678
1266,sr:venue:1719,Court 9,"Miami, FL",USA,USA,America/New_York,sr:complex:38678
1267,sr:venue:1720,Court 10,"Miami, FL",USA,USA,America/New_York,sr:complex:38678
1268,sr:venue:1721,Grandstand,"Miami, FL",USA,USA,America/New_York,sr:complex:38678
1269,sr:venue:1722,Stadium,"Miami, FL",USA,USA,America/New_York,sr:complex:38678
1270,sr:venue:38772,Butch Buchholz,"Miami, FL",USA,USA,America/New_York,sr:complex:38678
1271,sr:venue:16053,Cancha 1,Guadalajara,Mexico,MEX,America/Mexico_City,sr:complex:38680
1272,sr:venue:17951,Center Court,Guadalajara,Mexico,MEX,America/Mexico_City,sr:complex:38680
1273,sr:venue:17953,Court 1,Guadalajara,Mexico,MEX,America/Mexico_City,sr:complex:38680
1274,sr:venue:17955,Court 5,Guadalajara,Mexico,MEX,America/Mexico_City,sr:complex:38680
1275,sr:venue:17957,Court 2,Guadalajara,Mexico,MEX,America/Mexico_City,sr:complex:38680
1276,sr:venue:19629,Cancha 2,Guadalajara,Mexico,MEX,America/Mexico_City,sr:complex:38680
1277,sr:venue:38597,Court 4,Guadalajara,Mexico,MEX,America/Mexico_City,sr:complex:38680
1278,sr:venue:38601,Court 3,Guadalajara,Mexico,MEX,America/Mexico_City,sr:complex:38680
1279,sr:venue:61483,Estadio Akron de Tenis,Guadalajara,Mexico,MEX,America/Mexico_City,sr:complex:38680
1280,sr:venue:62307,Abierto Akron Zapopan,Guadalajara,Mexico,MEX,America/Mexico_City,sr:complex:38680
1281,sr:venue:66867,Akron Tennis Stadium,Guadalajara,Mexico,MEX,America/Mexico_City,sr:complex:38680
1282,sr:venue:66869,Grandstand,Guadalajara,Mexico,MEX,America/Mexico_City,sr:complex:38680
1283,sr:venue:18037,Campo Estadio,Bogota,Colombia,COL,America/Bogota,sr:complex:38684
1284,sr:venue:85994,Center Court,Bogota,Colombia,COL,America/Bogota,sr:complex:38684
1285,sr:venue:85996,Court 1,Bogota,Colombia,COL,America/Bogota,sr:complex:38684
1286,sr:venue:85998,Court 2,Bogota,Colombia,COL,America/Bogota,sr:complex:38684
1287,sr:venue:16288,Court 10,Prague,Czechia,CZE,Europe/Prague,sr:complex:38690
1288,sr:venue:58322,Court 12,Prague,Czechia,CZE,Europe/Prague,sr:complex:38690
1289,sr:venue:78763,Center Court,Prague,Czechia,CZE,Europe/Prague,sr:complex:38690
1290,sr:venue:78765,Court 1,Prague,Czechia,CZE,Europe/Prague,sr:complex:38690
1291,sr:venue:78767,Court 2,Prague,Czechia,CZE,Europe/Prague,sr:complex:38690
1292,sr:venue:78769,Court 3,Prague,Czechia,CZE,Europe/Prague,sr:complex:38690
1293,sr:venue:78885,Court 14,Prague,Czechia,CZE,Europe/Prague,sr:complex:38690
1294,sr:venue:88764,Livesport Arena,Prague,Czechia,CZE,Europe/Prague,sr:complex:38690
1295,sr:venue:26483,Center Court,An-Ning,China,CHN,Asia/Shanghai,sr:complex:38692
1296,sr:venue:26485,Court 3,An-Ning,China,CHN,Asia/Shanghai,sr:complex:38692
1297,sr:venue:26487,Court 2,An-Ning,China,CHN,Asia/Shanghai,sr:complex:38692
1298,sr:venue:26489,Court 1,An-Ning,China,CHN,Asia/Shanghai,sr:complex:38692
1299,sr:venue:26631,Court 5,An-Ning,China,CHN,Asia/Shanghai,sr:complex:38692
1300,sr:venue:29126,Indoor C8,An-Ning,China,CHN,Asia/Shanghai,sr:complex:38692
1301,sr:venue:29128,Indoor C9,An-Ning,China,CHN,Asia/Shanghai,sr:complex:38692
1302,sr:venue:32910,Court 9 (indoor),An-Ning,China,CHN,Asia/Shanghai,sr:complex:38692
1303,sr:venue:32912,Court 7 (indoor),An-Ning,China,CHN,Asia/Shanghai,sr:complex:38692
1304,sr:venue:32914,Court 8 (indoor),An-Ning,China,CHN,Asia/Shanghai,sr:complex:38692
1305,sr:venue:32916,Court 10 (indoor),An-Ning,China,CHN,Asia/Shanghai,sr:complex:38692
1306,sr:venue:33830,Indoor Court 10,An-Ning,China,CHN,Asia/Shanghai,sr:complex:38692
1307,sr:venue:33832,Indoor Court 7,An-Ning,China,CHN,Asia/Shanghai,sr:complex:38692
1308,sr:venue:33834,Indoor Court 9,An-Ning,China,CHN,Asia/Shanghai,sr:complex:38692
1309,sr:venue:33836,Indoor Court 8,An-Ning,China,CHN,Asia/Shanghai,sr:complex:38692
1310,sr:venue:36421,Court 4,An-Ning,China,CHN,Asia/Shanghai,sr:complex:38692
1311,sr:venue:36527,Court 8,An-Ning,China,CHN,Asia/Shanghai,sr:complex:38692
1312,sr:venue:30621,Court 3,Madrid,Spain,ESP,Europe/Madrid,sr:complex:38698
1313,sr:venue:24202,Court 3,"Houston, TX",USA,USA,America/Chicago,sr:complex:38704
1314,sr:venue:24204,Court 1,"Houston, TX",USA,USA,America/Chicago,sr:complex:38704
1315,sr:venue:24208,Court 5,"Houston, TX",USA,USA,America/Chicago,sr:complex:38704
1316,sr:venue:24212,Court 6,"Houston, TX",USA,USA,America/Chicago,sr:complex:38704
1317,sr:venue:24214,Court 8,"Houston, TX",USA,USA,America/Chicago,sr:complex:38704
1318,sr:venue:24218,Court 9,"Houston, TX",USA,USA,America/Chicago,sr:complex:38704
1319,sr:venue:24220,Court 7,"Houston, TX",USA,USA,America/Chicago,sr:complex:38704
1320,sr:venue:28581,Stadium Court,"Houston, TX",USA,USA,America/Chicago,sr:complex:38704
1321,sr:venue:46458,Indoor 3,"Houston, TX",USA,USA,America/Chicago,sr:complex:38704
1322,sr:venue:46546,Court 13,"Houston, TX",USA,USA,America/Chicago,sr:complex:38704
1323,sr:venue:46548,Court 11,"Houston, TX",USA,USA,America/Chicago,sr:complex:38704
1324,sr:venue:1903,Court 4,Budapest,Hungary,HUN,Europe/Budapest,sr:complex:38712
1325,sr:venue:1904,Court 5,Budapest,Hungary,HUN,Europe/Budapest,sr:complex:38712
1326,sr:venue:1905,Court 6,Budapest,Hungary,HUN,Europe/Budapest,sr:complex:38712
1327,sr:venue:18956,Centre Court,Budapest,Hungary,HUN,Europe/Budapest,sr:complex:38712
1328,sr:venue:18958,Court 1,Budapest,Hungary,HUN,Europe/Budapest,sr:complex:38712
1329,sr:venue:19933,Court 2,Budapest,Hungary,HUN,Europe/Budapest,sr:complex:38712
1330,sr:venue:22802,Court 9,Budapest,Hungary,HUN,Europe/Budapest,sr:complex:38712
1331,sr:venue:22842,Court 7,Budapest,Hungary,HUN,Europe/Budapest,sr:complex:38712
1332,sr:venue:30563,Court 8,Budapest,Hungary,HUN,Europe/Budapest,sr:complex:38712
1333,sr:venue:82639,National Tennis Center - NEK - Court 03,Budapest,Hungary,HUN,Europe/Budapest,sr:complex:38712
1334,sr:venue:82641,National Tennis Center - NEK - Court 04,Budapest,Hungary,HUN,Europe/Budapest,sr:complex:38712
1335,sr:venue:82643,National Tennis Center - NEK - Court 01,Budapest,Hungary,HUN,Europe/Budapest,sr:complex:38712
1336,sr:venue:82645,National Tennis Center - NEK - Court 02,Budapest,Hungary,HUN,Europe/Budapest,sr:complex:38712
1337,sr:venue:82661,National Tennis Center - NEK - Court 05,Budapest,Hungary,HUN,Europe/Budapest,sr:complex:38712
1338,sr:venue:82663,National Tennis Center - NEK - Court 06,Budapest,Hungary,HUN,Europe/Budapest,sr:complex:38712
1339,sr:venue:1777,Central,Estoril,Portugal,PRT,Europe/Lisbon,sr:complex:38716
1340,sr:venue:1778,Centralito,Estoril,Portugal,PRT,Europe/Lisbon,sr:complex:38716
1341,sr:venue:1779,Court 1,Estoril,Portugal,PRT,Europe/Lisbon,sr:complex:38716
1342,sr:venue:1780,Court 2,Estoril,Portugal,PRT,Europe/Lisbon,sr:complex:38716
1343,sr:venue:1781,Court 3,Estoril,Portugal,PRT,Europe/Lisbon,sr:complex:38716
1344,sr:venue:1782,Court 4,Estoril,Portugal,PRT,Europe/Lisbon,sr:complex:38716
1345,sr:venue:16067,Estadio Millennium,Estoril,Portugal,PRT,Europe/Lisbon,sr:complex:38716
1346,sr:venue:18127,Court Cascais,Estoril,Portugal,PRT,Europe/Lisbon,sr:complex:38716
1347,sr:venue:18143,Court 6,Estoril,Portugal,PRT,Europe/Lisbon,sr:complex:38716
1348,sr:venue:70599,Court CTE,Estoril,Portugal,PRT,Europe/Lisbon,sr:complex:38716
1349,sr:venue:1501,Court 1,Lyon,France,FRA,Europe/Paris,sr:complex:38720
1350,sr:venue:1502,Court Central,Lyon,France,FRA,Europe/Paris,sr:complex:38720
1351,sr:venue:2338,Plaine de Jeux de Gerland,Lyon,France,FRA,Europe/Paris,sr:complex:38720
1352,sr:venue:21570,Court 3,Lyon,France,FRA,Europe/Paris,sr:complex:38720
1353,sr:venue:1913,Enbw Court,Stuttgart,Germany,DEU,Europe/Berlin,sr:complex:38722
1354,sr:venue:1914,Grandstand,Stuttgart,Germany,DEU,Europe/Berlin,sr:complex:38722
1355,sr:venue:16271,Mercedes Court,Stuttgart,Germany,DEU,Europe/Berlin,sr:complex:38722
1356,sr:venue:30915,Center Court,Stuttgart,Germany,DEU,Europe/Berlin,sr:complex:38722
1357,sr:venue:30917,Match Court 2,Stuttgart,Germany,DEU,Europe/Berlin,sr:complex:38722
1358,sr:venue:71581,Colosseum,Stuttgart,Germany,DEU,Europe/Berlin,sr:complex:38722
1359,sr:venue:28247,Center Court,Lille,France,FRA,Europe/Paris,sr:complex:38732
1360,sr:venue:28249,Court 3,Lille,France,FRA,Europe/Paris,sr:complex:38732
1361,sr:venue:28251,Court 5,Lille,France,FRA,Europe/Paris,sr:complex:38732
1362,sr:venue:38734,Court 1,Lille,France,FRA,Europe/Paris,sr:complex:38732
1363,sr:venue:28411,Pista 2,Villena,Spain,ESP,Europe/Madrid,sr:complex:38882
1364,sr:venue:28413,Pista 1,Villena,Spain,ESP,Europe/Madrid,sr:complex:38882
1365,sr:venue:28415,Pista 6,Villena,Spain,ESP,Europe/Madrid,sr:complex:38882
1366,sr:venue:28417,Pista 7,Villena,Spain,ESP,Europe/Madrid,sr:complex:38882
1367,sr:venue:74276,Pista Carlos Alcaraz,Villena,Spain,ESP,Europe/Madrid,sr:complex:38882
1368,sr:venue:19701,Central,Sophia Antipolis,France,FRA,Europe/Paris,sr:complex:38884
1369,sr:venue:38906,Court 1,Sophia Antipolis,France,FRA,Europe/Paris,sr:complex:38884
1370,sr:venue:38908,Court 2,Sophia Antipolis,France,FRA,Europe/Paris,sr:complex:38884
1371,sr:venue:38984,Indoor 1,Sophia Antipolis,France,FRA,Europe/Paris,sr:complex:38884
1372,sr:venue:26891,Stadium,Taipei,Chinese Taipei,TPE,Asia/Taipei,sr:complex:38986
1373,sr:venue:18047,I Bilanciai (C1),Barletta,Italy,ITA,Europe/Rome,sr:complex:38988
1374,sr:venue:18049,Altitud (C2),Barletta,Italy,ITA,Europe/Rome,sr:complex:38988
1375,sr:venue:39014,Pista Central,Murcia,Spain,ESP,Europe/Madrid,sr:complex:38990
1376,sr:venue:39030,Pista 2,Murcia,Spain,ESP,Europe/Madrid,sr:complex:38990
1377,sr:venue:39032,Pista 3,Murcia,Spain,ESP,Europe/Madrid,sr:complex:38990
1378,sr:venue:62889,Pista 4,Murcia,Spain,ESP,Europe/Madrid,sr:complex:38990
1379,sr:venue:1673,Cancha 4,Bogota,Colombia,COL,America/Bogota,sr:complex:39000
1380,sr:venue:18039,Campo 1,Bogota,Colombia,COL,America/Bogota,sr:complex:39000
1381,sr:venue:18041,Campo 2,Bogota,Colombia,COL,America/Bogota,sr:complex:39000
1382,sr:venue:18063,Campo 5,Bogota,Colombia,COL,America/Bogota,sr:complex:39000
1383,sr:venue:28501,Campo 3,Bogota,Colombia,COL,America/Bogota,sr:complex:39000
1384,sr:venue:57808,Campo Central,Bogota,Colombia,COL,America/Bogota,sr:complex:39000
1385,sr:venue:61096,Campo Directv,Bogota,Colombia,COL,America/Bogota,sr:complex:39000
1386,sr:venue:61098,Grandstand,Bogota,Colombia,COL,America/Bogota,sr:complex:39000
1387,sr:venue:16040,James T. Driscoll,Sarasota,USA,USA,America/New_York,sr:complex:39093
1388,sr:venue:16042,Pnc,Sarasota,USA,USA,America/New_York,sr:complex:39093
1389,sr:venue:17590,Ed Smith Stadium,Sarasota,USA,USA,America/New_York,sr:complex:39093
1390,sr:venue:13834,Cancha 8,San Luis de Potosi,Mexico,MEX,America/Mexico_City,sr:complex:39095
1391,sr:venue:13836,Cancha Central,San Luis de Potosi,Mexico,MEX,America/Mexico_City,sr:complex:39095
1392,sr:venue:13842,Cancha 4,San Luis de Potosi,Mexico,MEX,America/Mexico_City,sr:complex:39095
1393,sr:venue:13844,Cancha 3,San Luis de Potosi,Mexico,MEX,America/Mexico_City,sr:complex:39095
1394,sr:venue:15974,Estadio,San Luis de Potosi,Mexico,MEX,America/Mexico_City,sr:complex:39095
1395,sr:venue:62949,Estadio BMW,San Luis de Potosi,Mexico,MEX,America/Mexico_City,sr:complex:39095
1396,sr:venue:77215,Cancha 7,San Luis de Potosi,Mexico,MEX,America/Mexico_City,sr:complex:39095
1397,sr:venue:82384,Grandstand,San Luis de Potosi,Mexico,MEX,America/Mexico_City,sr:complex:39095
1398,sr:venue:13894,Court Central,Tunis,Tunisia,TUN,Africa/Tunis,sr:complex:39097
1399,sr:venue:13896,Court 1,Tunis,Tunisia,TUN,Africa/Tunis,sr:complex:39097
1400,sr:venue:13910,Court 5,Tunis,Tunisia,TUN,Africa/Tunis,sr:complex:39097
1401,sr:venue:28495,Court 7,Tunis,Tunisia,TUN,Africa/Tunis,sr:complex:39097
1402,sr:venue:28499,Court 9,Tunis,Tunisia,TUN,Africa/Tunis,sr:complex:39097
1403,sr:venue:71095,Court Aziz Zouhir,Tunis,Tunisia,TUN,Africa/Tunis,sr:complex:39097
1404,sr:venue:71123,Court 6,Tunis,Tunisia,TUN,Africa/Tunis,sr:complex:39097
1405,sr:venue:15321,Court 3,Helsinki,Finland,FIN,Europe/Helsinki,sr:complex:39167
1406,sr:venue:15335,CENTER COURT,Helsinki,Finland,FIN,Europe/Helsinki,sr:complex:39167
1407,sr:venue:15353,Court 9,Helsinki,Finland,FIN,Europe/Helsinki,sr:complex:39167
1408,sr:venue:22564,Court 8,Helsinki,Finland,FIN,Europe/Helsinki,sr:complex:39167
1409,sr:venue:25654,Court 4,Helsinki,Finland,FIN,Europe/Helsinki,sr:complex:39167
1410,sr:venue:25656,Court 1,Helsinki,Finland,FIN,Europe/Helsinki,sr:complex:39167
1411,sr:venue:32872,Court 7,Helsinki,Finland,FIN,Europe/Helsinki,sr:complex:39167
1412,sr:venue:32874,Court 6,Helsinki,Finland,FIN,Europe/Helsinki,sr:complex:39167
1413,sr:venue:18033,Center Court,Gwangju,Republic of Korea,KOR,Asia/Seoul,sr:complex:39377
1414,sr:venue:18035,Show Court,Gwangju,Republic of Korea,KOR,Asia/Seoul,sr:complex:39377
1415,sr:venue:18059,Court 1,Gwangju,Republic of Korea,KOR,Asia/Seoul,sr:complex:39377
1416,sr:venue:18061,Court 3,Gwangju,Republic of Korea,KOR,Asia/Seoul,sr:complex:39377
1417,sr:venue:39405,Court 2,Gwangju,Republic of Korea,KOR,Asia/Seoul,sr:complex:39377
1418,sr:venue:66485,Court 4,Gwangju,Republic of Korea,KOR,Asia/Seoul,sr:complex:39377
1419,sr:venue:70983,Indoor 2,Gwangju,Republic of Korea,KOR,Asia/Seoul,sr:complex:39377
1420,sr:venue:70985,Indoor 4,Gwangju,Republic of Korea,KOR,Asia/Seoul,sr:complex:39377
1421,sr:venue:75008,Court 5,Gwangju,Republic of Korea,KOR,Asia/Seoul,sr:complex:39377
1422,sr:venue:77415,Court 8,Gwangju,Republic of Korea,KOR,Asia/Seoul,sr:complex:39377
1423,sr:venue:14030,Center Court,Samarkand,Uzbekistan,UZB,Asia/Tashkent,sr:complex:39379
1424,sr:venue:14032,Court 1,Samarkand,Uzbekistan,UZB,Asia/Tashkent,sr:complex:39379
1425,sr:venue:14034,Court 2,Samarkand,Uzbekistan,UZB,Asia/Tashkent,sr:complex:39379
1426,sr:venue:14036,Court 3,Samarkand,Uzbekistan,UZB,Asia/Tashkent,sr:complex:39379
1427,sr:venue:14038,Court 4,Samarkand,Uzbekistan,UZB,Asia/Tashkent,sr:complex:39379
1428,sr:venue:14024,Hortkorn Court,Heilbronn,Germany,DEU,Europe/Berlin,sr:complex:39381
1429,sr:venue:14026,Court 1,Heilbronn,Germany,DEU,Europe/Berlin,sr:complex:39381
1430,sr:venue:14028,Court 2,Heilbronn,Germany,DEU,Europe/Berlin,sr:complex:39381
1431,sr:venue:14064,Court 3,Heilbronn,Germany,DEU,Europe/Berlin,sr:complex:39381
1432,sr:venue:16157,Court 7,Heilbronn,Germany,DEU,Europe/Berlin,sr:complex:39381
1433,sr:venue:22738,Stauwehrhalle,Heilbronn,Germany,DEU,Europe/Berlin,sr:complex:39381
1434,sr:venue:29526,Court 4,Heilbronn,Germany,DEU,Europe/Berlin,sr:complex:39381
1435,sr:venue:21560,Estadio CIF,Lisbon,Portugal,PRT,Europe/Lisbon,sr:complex:39383
1436,sr:venue:21562,Court Lisboa,Lisbon,Portugal,PRT,Europe/Lisbon,sr:complex:39383
1437,sr:venue:21564,Court Belem,Lisbon,Portugal,PRT,Europe/Lisbon,sr:complex:39383
1438,sr:venue:21566,Court 5,Lisbon,Portugal,PRT,Europe/Lisbon,sr:complex:39383
1439,sr:venue:23888,Court 7,Lisbon,Portugal,PRT,Europe/Lisbon,sr:complex:39383
1440,sr:venue:23892,Court Central,Lisbon,Portugal,PRT,Europe/Lisbon,sr:complex:39383
1441,sr:venue:23894,Court 9,Lisbon,Portugal,PRT,Europe/Lisbon,sr:complex:39383
1442,sr:venue:23902,Court 8,Lisbon,Portugal,PRT,Europe/Lisbon,sr:complex:39383
1443,sr:venue:28353,Court 6,Lisbon,Portugal,PRT,Europe/Lisbon,sr:complex:39383
1444,sr:venue:39385,Center Court,Lisbon,Portugal,PRT,Europe/Lisbon,sr:complex:39383
1445,sr:venue:39387,Court 1,Lisbon,Portugal,PRT,Europe/Lisbon,sr:complex:39383
1446,sr:venue:39389,Court 2,Lisbon,Portugal,PRT,Europe/Lisbon,sr:complex:39383
1447,sr:venue:39391,Court 3,Lisbon,Portugal,PRT,Europe/Lisbon,sr:complex:39383
1448,sr:venue:39393,Court 4,Lisbon,Portugal,PRT,Europe/Lisbon,sr:complex:39383
1449,sr:venue:80153,Indoor 1,Lisbon,Portugal,PRT,Europe/Lisbon,sr:complex:39383
1450,sr:venue:80155,Indoor 2,Lisbon,Portugal,PRT,Europe/Lisbon,sr:complex:39383
1451,sr:venue:80157,Indoor 3,Lisbon,Portugal,PRT,Europe/Lisbon,sr:complex:39383
1452,sr:venue:21712,Alaaddin Karagoz,Antalya,Turkiye,TUR,Europe/Istanbul,sr:complex:39493
1453,sr:venue:21714,Duygu Aksit Oal,Antalya,Turkiye,TUR,Europe/Istanbul,sr:complex:39493
1454,sr:venue:1956,Stadium,"Washington, D.C.",USA,USA,America/New_York,sr:complex:39503
1455,sr:venue:1957,John Harris Court,"Washington, D.C.",USA,USA,America/New_York,sr:complex:39503
1456,sr:venue:1958,Match Court 1,"Washington, D.C.",USA,USA,America/New_York,sr:complex:39503
1457,sr:venue:1962,Match Court 2,"Washington, D.C.",USA,USA,America/New_York,sr:complex:39503
1458,sr:venue:2455,Center Court,"Washington, D.C.",USA,USA,America/New_York,sr:complex:39503
1459,sr:venue:2463,Court 3,"Washington, D.C.",USA,USA,America/New_York,sr:complex:39503
1460,sr:venue:8839,Grandstand,"Washington, D.C.",USA,USA,America/New_York,sr:complex:39503
1461,sr:venue:43936,Court 4,"Washington, D.C.",USA,USA,America/New_York,sr:complex:39503
1462,sr:venue:43938,Court 5,"Washington, D.C.",USA,USA,America/New_York,sr:complex:39503
1463,sr:venue:18533,P 1,Los Cabos,Mexico,MEX,America/Mexico_City,sr:complex:39505
1464,sr:venue:18547,Stadium,Los Cabos,Mexico,MEX,America/Mexico_City,sr:complex:39505
1465,sr:venue:21950,Center Court,Los Cabos,Mexico,MEX,America/Mexico_City,sr:complex:39505
1466,sr:venue:22188,P2,Los Cabos,Mexico,MEX,America/Mexico_City,sr:complex:39505
1467,sr:venue:32315,Estadio Pegaso,Los Cabos,Mexico,MEX,America/Mexico_City,sr:complex:39505
1468,sr:venue:42898,Centre Court,Lausanne,Switzerland,CHE,Europe/Zurich,sr:complex:39507
1469,sr:venue:42900,Court 1,Lausanne,Switzerland,CHE,Europe/Zurich,sr:complex:39507
1470,sr:venue:42902,Court 2,Lausanne,Switzerland,CHE,Europe/Zurich,sr:complex:39507
1471,sr:venue:22692,Court 2,Karlsruhe,Germany,DEU,Europe/Berlin,sr:complex:39511
1472,sr:venue:22696,Court 5,Karlsruhe,Germany,DEU,Europe/Berlin,sr:complex:39511
1473,sr:venue:22700,Court 8,Karlsruhe,Germany,DEU,Europe/Berlin,sr:complex:39511
1474,sr:venue:22706,Court 9,Karlsruhe,Germany,DEU,Europe/Berlin,sr:complex:39511
1475,sr:venue:22712,Court 6,Karlsruhe,Germany,DEU,Europe/Berlin,sr:complex:39511
1476,sr:venue:32942,Court 3,Karlsruhe,Germany,DEU,Europe/Berlin,sr:complex:39511
1477,sr:venue:43968,Centre Court,Karlsruhe,Germany,DEU,Europe/Berlin,sr:complex:39511
1478,sr:venue:43982,Court 1,Karlsruhe,Germany,DEU,Europe/Berlin,sr:complex:39511
1479,sr:venue:78561,Court 2,Karlsruhe,Germany,DEU,Europe/Berlin,sr:complex:39511
1480,sr:venue:1649,Center Court,"San Jose, CA",USA,USA,America/Los_Angeles,sr:complex:39513
1481,sr:venue:1650,Courtside Club 16,"San Jose, CA",USA,USA,America/Los_Angeles,sr:complex:39513
1482,sr:venue:32237,Stadium,"San Jose, CA",USA,USA,America/Los_Angeles,sr:complex:39513
1483,sr:venue:32239,Court 1,"San Jose, CA",USA,USA,America/Los_Angeles,sr:complex:39513
1484,sr:venue:65217,Court 2,"San Jose, CA",USA,USA,America/Los_Angeles,sr:complex:39513
1485,sr:venue:65219,Court 3,"San Jose, CA",USA,USA,America/Los_Angeles,sr:complex:39513
1486,sr:venue:1999,Rogers Court,"Montreal, QC",Canada,CAN,America/Toronto,sr:complex:39515
1487,sr:venue:2001,Court 9,"Montreal, QC",Canada,CAN,America/Toronto,sr:complex:39515
1488,sr:venue:2002,Court 5,"Montreal, QC",Canada,CAN,America/Toronto,sr:complex:39515
1489,sr:venue:2003,Court 2,"Montreal, QC",Canada,CAN,America/Toronto,sr:complex:39515
1490,sr:venue:2004,Court 10,"Montreal, QC",Canada,CAN,America/Toronto,sr:complex:39515
1491,sr:venue:2005,Court 6,"Montreal, QC",Canada,CAN,America/Toronto,sr:complex:39515
1492,sr:venue:2006,Court 7,"Montreal, QC",Canada,CAN,America/Toronto,sr:complex:39515
1493,sr:venue:2028,Center Court,"Montreal, QC",Canada,CAN,America/Toronto,sr:complex:39515
1494,sr:venue:14088,Center Court,Vicenza,Italy,ITA,Europe/Rome,sr:complex:39591
1495,sr:venue:14090,Court 1,Vicenza,Italy,ITA,Europe/Rome,sr:complex:39591
1496,sr:venue:14092,Court 2,Vicenza,Italy,ITA,Europe/Rome,sr:complex:39591
1497,sr:venue:14094,Court 5,Vicenza,Italy,ITA,Europe/Rome,sr:complex:39591
1498,sr:venue:78031,Court 4,Vicenza,Italy,ITA,Europe/Rome,sr:complex:39591
1499,sr:venue:78099,Court 3,Vicenza,Italy,ITA,Europe/Rome,sr:complex:39591
1500,sr:venue:78115,Indoor 5,Vicenza,Italy,ITA,Europe/Rome,sr:complex:39591
1501,sr:venue:78117,Indoor 6,Vicenza,Italy,ITA,Europe/Rome,sr:complex:39591
1502,sr:venue:30217,Indoor 12,Madrid,Spain,ESP,Europe/Madrid,sr:complex:39852
1503,sr:venue:30221,Indoor 11,Madrid,Spain,ESP,Europe/Madrid,sr:complex:39852
1504,sr:venue:70693,Pista Central,Madrid,Spain,ESP,Europe/Madrid,sr:complex:39852
1505,sr:venue:70695,Pista 2,Madrid,Spain,ESP,Europe/Madrid,sr:complex:39852
1506,sr:venue:70697,Pista 3,Madrid,Spain,ESP,Europe/Madrid,sr:complex:39852
1507,sr:venue:82323,Pista E.Mandarino,Madrid,Spain,ESP,Europe/Madrid,sr:complex:39852
1508,sr:venue:82325,Pista Mercedes-Benz,Madrid,Spain,ESP,Europe/Madrid,sr:complex:39852
1509,sr:venue:87636,Court Villa de Madrid,Madrid,Spain,ESP,Europe/Madrid,sr:complex:39852
1510,sr:venue:87638,Court Chuiqii Mandarino,Madrid,Spain,ESP,Europe/Madrid,sr:complex:39852
1511,sr:venue:87640,Court Comunidde Madrid,Madrid,Spain,ESP,Europe/Madrid,sr:complex:39852
1512,sr:venue:87642,Court Manolo Santana,Madrid,Spain,ESP,Europe/Madrid,sr:complex:39852
1513,sr:venue:87644,Court 7,Madrid,Spain,ESP,Europe/Madrid,sr:complex:39852
1514,sr:venue:5098,Fargona Stadium,Fergana,Uzbekistan,UZB,Asia/Tashkent,sr:complex:39864
1515,sr:venue:14176,Centre Court,Fergana,Uzbekistan,UZB,Asia/Tashkent,sr:complex:39864
1516,sr:venue:14178,Court 2,Fergana,Uzbekistan,UZB,Asia/Tashkent,sr:complex:39864
1517,sr:venue:14190,Court 1,Fergana,Uzbekistan,UZB,Asia/Tashkent,sr:complex:39864
1518,sr:venue:14192,Court 4,Fergana,Uzbekistan,UZB,Asia/Tashkent,sr:complex:39864
1519,sr:venue:14194,Court 5,Fergana,Uzbekistan,UZB,Asia/Tashkent,sr:complex:39864
1520,sr:venue:18319,Court 6,Fergana,Uzbekistan,UZB,Asia/Tashkent,sr:complex:39864
1521,sr:venue:30675,Court 7,Fergana,Uzbekistan,UZB,Asia/Tashkent,sr:complex:39864
1522,sr:venue:14184,Central,Blois,France,FRA,Europe/Paris,sr:complex:39866
1523,sr:venue:14186,Court 1,Blois,France,FRA,Europe/Paris,sr:complex:39866
1524,sr:venue:14212,Court 2,Blois,France,FRA,Europe/Paris,sr:complex:39866
1525,sr:venue:18315,Indoor 2,Blois,France,FRA,Europe/Paris,sr:complex:39866
1526,sr:venue:18317,Indoor 3,Blois,France,FRA,Europe/Paris,sr:complex:39866
1527,sr:venue:30637,Center Court,Blois,France,FRA,Europe/Paris,sr:complex:39866
1528,sr:venue:71957,Court 3,Blois,France,FRA,Europe/Paris,sr:complex:39866
1529,sr:venue:78379,Indoor 1,Blois,France,FRA,Europe/Paris,sr:complex:39866
1530,sr:venue:78385,Indoor 3,Blois,France,FRA,Europe/Paris,sr:complex:39866
1531,sr:venue:78387,Indoor 4,Blois,France,FRA,Europe/Paris,sr:complex:39866
1532,sr:venue:78389,Indoor 5,Blois,France,FRA,Europe/Paris,sr:complex:39866
1533,sr:venue:39912,Center Court,Parma,Italy,ITA,Europe/Rome,sr:complex:39868
1534,sr:venue:39914,Grandstand,Parma,Italy,ITA,Europe/Rome,sr:complex:39868
1535,sr:venue:54435,Court 1,Parma,Italy,ITA,Europe/Rome,sr:complex:39868
1536,sr:venue:77901,Court 2,Parma,Italy,ITA,Europe/Rome,sr:complex:39868
1537,sr:venue:16324,Court 2,Ilkley,England,ENG,Europe/London,sr:complex:39870
1538,sr:venue:16330,Centre Court,Ilkley,England,ENG,Europe/London,sr:complex:39870
1539,sr:venue:16332,Court 1,Ilkley,England,ENG,Europe/London,sr:complex:39870
1540,sr:venue:16334,Court 6,Ilkley,England,ENG,Europe/London,sr:complex:39870
1541,sr:venue:16338,Court 4,Ilkley,England,ENG,Europe/London,sr:complex:39870
1542,sr:venue:16340,Court 5,Ilkley,England,ENG,Europe/London,sr:complex:39870
1543,sr:venue:16342,Court 7,Ilkley,England,ENG,Europe/London,sr:complex:39870
1544,sr:venue:18301,Court 3,Ilkley,England,ENG,Europe/London,sr:complex:39870
1545,sr:venue:40092,Indoor 5,Ilkley,England,ENG,Europe/London,sr:complex:39870
1546,sr:venue:71919,Indoor 3,Ilkley,England,ENG,Europe/London,sr:complex:39870
1547,sr:venue:71921,Indoor 1,Ilkley,England,ENG,Europe/London,sr:complex:39870
1548,sr:venue:71935,Indoor 4,Ilkley,England,ENG,Europe/London,sr:complex:39870
1549,sr:venue:78359,Show Court 1,Ilkley,England,ENG,Europe/London,sr:complex:39870
1550,sr:venue:82927,Show Court 2,Ilkley,England,ENG,Europe/London,sr:complex:39870
1551,sr:venue:15300,Centre Court,Bratislava,Slovakia,SVK,Europe/Bratislava,sr:complex:39872
1552,sr:venue:15302,Court 3,Bratislava,Slovakia,SVK,Europe/Bratislava,sr:complex:39872
1553,sr:venue:17278,Court 2,Bratislava,Slovakia,SVK,Europe/Bratislava,sr:complex:39872
1554,sr:venue:22388,Court 8,Bratislava,Slovakia,SVK,Europe/Bratislava,sr:complex:39872
1555,sr:venue:22410,Court 7,Bratislava,Slovakia,SVK,Europe/Bratislava,sr:complex:39872
1556,sr:venue:22422,Court 5,Bratislava,Slovakia,SVK,Europe/Bratislava,sr:complex:39872
1557,sr:venue:22490,Court 9,Bratislava,Slovakia,SVK,Europe/Bratislava,sr:complex:39872
1558,sr:venue:32633,Court 10,Bratislava,Slovakia,SVK,Europe/Bratislava,sr:complex:39872
1559,sr:venue:14242,Grandstand,Milan,Italy,ITA,Europe/Rome,sr:complex:40110
1560,sr:venue:14244,Court 13,Milan,Italy,ITA,Europe/Rome,sr:complex:40110
1561,sr:venue:25582,Center Court,Milan,Italy,ITA,Europe/Rome,sr:complex:40110
1562,sr:venue:78477,Court 10,Milan,Italy,ITA,Europe/Rome,sr:complex:40110
1563,sr:venue:78499,Court 14,Milan,Italy,ITA,Europe/Rome,sr:complex:40110
1564,sr:venue:78527,Court 16,Milan,Italy,ITA,Europe/Rome,sr:complex:40110
1565,sr:venue:78551,Court 15,Milan,Italy,ITA,Europe/Rome,sr:complex:40110
1566,sr:venue:14520,Centrale,Recanati,Italy,ITA,Europe/Rome,sr:complex:40788
1567,sr:venue:14522,Grandstand,Recanati,Italy,ITA,Europe/Rome,sr:complex:40788
1568,sr:venue:40790,Court 1,Recanati,Italy,ITA,Europe/Rome,sr:complex:40788
1569,sr:venue:40792,Court 2,Recanati,Italy,ITA,Europe/Rome,sr:complex:40788
1570,sr:venue:2053,Court 18,"New York, NY",USA,USA,America/New_York,sr:complex:44124
1571,sr:venue:18587,Court P6,"New York, NY",USA,USA,America/New_York,sr:complex:44124
1572,sr:venue:34242,Indoor 12,"New York, NY",USA,USA,America/New_York,sr:complex:44124
1573,sr:venue:34248,Indoor 5,"New York, NY",USA,USA,America/New_York,sr:complex:44124
1574,sr:venue:34250,Indoor 3,"New York, NY",USA,USA,America/New_York,sr:complex:44124
1575,sr:venue:65861,Stadium Court 1,"New York, NY",USA,USA,America/New_York,sr:complex:44124
1576,sr:venue:65863,Stadium Court 2,"New York, NY",USA,USA,America/New_York,sr:complex:44124
1577,sr:venue:65865,Court 3,"New York, NY",USA,USA,America/New_York,sr:complex:44124
1578,sr:venue:65867,Court 5,"New York, NY",USA,USA,America/New_York,sr:complex:44124
1579,sr:venue:65869,Court 7,"New York, NY",USA,USA,America/New_York,sr:complex:44124
1580,sr:venue:65871,Court 8,"New York, NY",USA,USA,America/New_York,sr:complex:44124
1581,sr:venue:65873,Court 10,"New York, NY",USA,USA,America/New_York,sr:complex:44124
1582,sr:venue:65875,Court 12,"New York, NY",USA,USA,America/New_York,sr:complex:44124
1583,sr:venue:65877,Court 1,"New York, NY",USA,USA,America/New_York,sr:complex:44124
1584,sr:venue:65879,Court 6,"New York, NY",USA,USA,America/New_York,sr:complex:44124
1585,sr:venue:14258,Central Court,Nanchang,China,CHN,Asia/Shanghai,sr:complex:44126
1586,sr:venue:14260,Court 1,Nanchang,China,CHN,Asia/Shanghai,sr:complex:44126
1587,sr:venue:14262,Court 2,Nanchang,China,CHN,Asia/Shanghai,sr:complex:44126
1588,sr:venue:14278,Court 3,Nanchang,China,CHN,Asia/Shanghai,sr:complex:44126
1589,sr:venue:16808,Court 8,Nanchang,China,CHN,Asia/Shanghai,sr:complex:44126
1590,sr:venue:16810,Court 7,Nanchang,China,CHN,Asia/Shanghai,sr:complex:44126
1591,sr:venue:16812,Court 6,Nanchang,China,CHN,Asia/Shanghai,sr:complex:44126
1592,sr:venue:18665,Court 12,Nanchang,China,CHN,Asia/Shanghai,sr:complex:44126
1593,sr:venue:18667,Court 11,Nanchang,China,CHN,Asia/Shanghai,sr:complex:44126
1594,sr:venue:18683,Indoor 3,Nanchang,China,CHN,Asia/Shanghai,sr:complex:44126
1595,sr:venue:38443,CC,Nanchang,China,CHN,Asia/Shanghai,sr:complex:44126
1596,sr:venue:19897,Centre Court,Zhengzhou,China,CHN,Asia/Shanghai,sr:complex:44128
1597,sr:venue:19903,Court 3,Zhengzhou,China,CHN,Asia/Shanghai,sr:complex:44128
1598,sr:venue:19909,Indoor 2,Zhengzhou,China,CHN,Asia/Shanghai,sr:complex:44128
1599,sr:venue:19911,Indoor 3,Zhengzhou,China,CHN,Asia/Shanghai,sr:complex:44128
1600,sr:venue:19913,Indoor 4,Zhengzhou,China,CHN,Asia/Shanghai,sr:complex:44128
1601,sr:venue:28705,Court 10,Zhengzhou,China,CHN,Asia/Shanghai,sr:complex:44128
1602,sr:venue:28707,Court 9,Zhengzhou,China,CHN,Asia/Shanghai,sr:complex:44128
1603,sr:venue:28709,Court 11,Zhengzhou,China,CHN,Asia/Shanghai,sr:complex:44128
1604,sr:venue:28711,Court 12,Zhengzhou,China,CHN,Asia/Shanghai,sr:complex:44128
1605,sr:venue:1339,Court Central,Metz,France,FRA,Europe/Paris,sr:complex:44130
1606,sr:venue:1340,Court 1,Metz,France,FRA,Europe/Paris,sr:complex:44130
1607,sr:venue:2088,Court 3,Metz,France,FRA,Europe/Paris,sr:complex:44130
1608,sr:venue:18705,Court Patrice Dominguez,Metz,France,FRA,Europe/Paris,sr:complex:44130
1609,sr:venue:44132,Court 2,Metz,France,FRA,Europe/Paris,sr:complex:44130
1610,sr:venue:1374,Grandstand,Shanghai,China,CHN,Asia/Shanghai,sr:complex:44518
1611,sr:venue:1376,Court 4,Shanghai,China,CHN,Asia/Shanghai,sr:complex:44518
1612,sr:venue:1377,Court 5,Shanghai,China,CHN,Asia/Shanghai,sr:complex:44518
1613,sr:venue:1378,Stadium Court,Shanghai,China,CHN,Asia/Shanghai,sr:complex:44518
1614,sr:venue:2111,Centre Court,Shanghai,China,CHN,Asia/Shanghai,sr:complex:44518
1615,sr:venue:2113,Court 6,Shanghai,China,CHN,Asia/Shanghai,sr:complex:44518
1616,sr:venue:2709,Show Court,Shanghai,China,CHN,Asia/Shanghai,sr:complex:44518
1617,sr:venue:9573,Court 7,Shanghai,China,CHN,Asia/Shanghai,sr:complex:44518
1618,sr:venue:13196,Court A,Shanghai,China,CHN,Asia/Shanghai,sr:complex:44518
1619,sr:venue:13198,Court B,Shanghai,China,CHN,Asia/Shanghai,sr:complex:44518
1620,sr:venue:13200,Court C,Shanghai,China,CHN,Asia/Shanghai,sr:complex:44518
1621,sr:venue:18631,Court 1,Shanghai,China,CHN,Asia/Shanghai,sr:complex:44518
1622,sr:venue:18633,Court 2,Shanghai,China,CHN,Asia/Shanghai,sr:complex:44518
1623,sr:venue:18635,Court 3,Shanghai,China,CHN,Asia/Shanghai,sr:complex:44518
1624,sr:venue:23518,Indoor East,Shanghai,China,CHN,Asia/Shanghai,sr:complex:44518
1625,sr:venue:24396,Indoor 1,Shanghai,China,CHN,Asia/Shanghai,sr:complex:44518
1626,sr:venue:24398,Indoor 3,Shanghai,China,CHN,Asia/Shanghai,sr:complex:44518
1627,sr:venue:35072,Show Court 3,Shanghai,China,CHN,Asia/Shanghai,sr:complex:44518
1628,sr:venue:47156,Grandstand 2,Shanghai,China,CHN,Asia/Shanghai,sr:complex:44518
1629,sr:venue:80369,Indoor A1,Shanghai,China,CHN,Asia/Shanghai,sr:complex:44518
1630,sr:venue:80371,Indoor A3,Shanghai,China,CHN,Asia/Shanghai,sr:complex:44518
1631,sr:venue:1349,Centre Court,Seoul,Republic of Korea,KOR,Asia/Seoul,sr:complex:44520
1632,sr:venue:1350,Court 2,Seoul,Republic of Korea,KOR,Asia/Seoul,sr:complex:44520
1633,sr:venue:1351,Court 13,Seoul,Republic of Korea,KOR,Asia/Seoul,sr:complex:44520
1634,sr:venue:9485,Court 12,Seoul,Republic of Korea,KOR,Asia/Seoul,sr:complex:44520
1635,sr:venue:84065,Grandstand,Seoul,Republic of Korea,KOR,Asia/Seoul,sr:complex:44520
1636,sr:venue:84067,Show Court 1,Seoul,Republic of Korea,KOR,Asia/Seoul,sr:complex:44520
1637,sr:venue:84153,Indoor Court 5,Seoul,Republic of Korea,KOR,Asia/Seoul,sr:complex:44520
1638,sr:venue:1344,CENTRE,Tashkent,Uzbekistan,UZB,Asia/Tashkent,sr:complex:44522
1639,sr:venue:1345,COURT 3,Tashkent,Uzbekistan,UZB,Asia/Tashkent,sr:complex:44522
1640,sr:venue:1346,COURT 4,Tashkent,Uzbekistan,UZB,Asia/Tashkent,sr:complex:44522
1641,sr:venue:1347,COURT 5,Tashkent,Uzbekistan,UZB,Asia/Tashkent,sr:complex:44522
1642,sr:venue:2084,Court 1,Tashkent,Uzbekistan,UZB,Asia/Tashkent,sr:complex:44522
1643,sr:venue:2085,Court 2,Tashkent,Uzbekistan,UZB,Asia/Tashkent,sr:complex:44522
1644,sr:venue:14766,Campo Centrale,Cordenons,Italy,ITA,Europe/Rome,sr:complex:44640
1645,sr:venue:14768,Campo 11,Cordenons,Italy,ITA,Europe/Rome,sr:complex:44640
1646,sr:venue:14770,Campo 12,Cordenons,Italy,ITA,Europe/Rome,sr:complex:44640
1647,sr:venue:14780,Campo 13,Cordenons,Italy,ITA,Europe/Rome,sr:complex:44640
1648,sr:venue:14782,Campo 14,Cordenons,Italy,ITA,Europe/Rome,sr:complex:44640
1649,sr:venue:26283,Court 6,Cordenons,Italy,ITA,Europe/Rome,sr:complex:44640
1650,sr:venue:26285,Court 7 (Center),Cordenons,Italy,ITA,Europe/Rome,sr:complex:44640
1651,sr:venue:26287,Court 8,Cordenons,Italy,ITA,Europe/Rome,sr:complex:44640
1652,sr:venue:35650,Centre Court,Cordenons,Italy,ITA,Europe/Rome,sr:complex:44640
1653,sr:venue:44300,Serena Wines 1881,Cordenons,Italy,ITA,Europe/Rome,sr:complex:44640
1654,sr:venue:44318,Acqua Maniva,Cordenons,Italy,ITA,Europe/Rome,sr:complex:44640
1655,sr:venue:53231,Court 13,Cordenons,Italy,ITA,Europe/Rome,sr:complex:44640
1656,sr:venue:65341,Court 12,Cordenons,Italy,ITA,Europe/Rome,sr:complex:44640
1657,sr:venue:72873,Serena Maniva Centre,Cordenons,Italy,ITA,Europe/Rome,sr:complex:44640
1658,sr:venue:1364,Center,Beijing,China,CHN,Asia/Shanghai,sr:complex:46526
1659,sr:venue:1365,Court 1,Beijing,China,CHN,Asia/Shanghai,sr:complex:46526
1660,sr:venue:1366,Court 4,Beijing,China,CHN,Asia/Shanghai,sr:complex:46526
1661,sr:venue:1367,Court 5,Beijing,China,CHN,Asia/Shanghai,sr:complex:46526
1662,sr:venue:1368,Court 7,Beijing,China,CHN,Asia/Shanghai,sr:complex:46526
1663,sr:venue:1369,Court 8,Beijing,China,CHN,Asia/Shanghai,sr:complex:46526
1664,sr:venue:1370,Court 9,Beijing,China,CHN,Asia/Shanghai,sr:complex:46526
1665,sr:venue:1371,Court 2,Beijing,China,CHN,Asia/Shanghai,sr:complex:46526
1666,sr:venue:2102,Lotus,Beijing,China,CHN,Asia/Shanghai,sr:complex:46526
1667,sr:venue:2103,Moon,Beijing,China,CHN,Asia/Shanghai,sr:complex:46526
1668,sr:venue:2104,Court 3,Beijing,China,CHN,Asia/Shanghai,sr:complex:46526
1669,sr:venue:9523,Court 6,Beijing,China,CHN,Asia/Shanghai,sr:complex:46526
1670,sr:venue:15152,Brad Drewett,Beijing,China,CHN,Asia/Shanghai,sr:complex:46526
1671,sr:venue:33578,Capital Group Diamond,Beijing,China,CHN,Asia/Shanghai,sr:complex:46526
1672,sr:venue:3108,Stade de la Source,Orleans,France,FRA,Europe/Paris,sr:complex:46550
1673,sr:venue:15012,La Foret 4,Orleans,France,FRA,Europe/Paris,sr:complex:46550
1674,sr:venue:15054,La Foret 1,Orleans,France,FRA,Europe/Paris,sr:complex:46550
1675,sr:venue:87428,Court 1,Orleans,France,FRA,Europe/Paris,sr:complex:46550
1676,sr:venue:87430,Court 2,Orleans,France,FRA,Europe/Paris,sr:complex:46550
1677,sr:venue:87432,Court 3,Orleans,France,FRA,Europe/Paris,sr:complex:46550
1678,sr:venue:87434,Court 4,Orleans,France,FRA,Europe/Paris,sr:complex:46550
1679,sr:venue:34868,Grandstand,Florence,Italy,ITA,Europe/Rome,sr:complex:46552
1680,sr:venue:24048,Court 2,Linz,Austria,AUT,Europe/Vienna,sr:complex:47140
1681,sr:venue:24050,Court 3,Linz,Austria,AUT,Europe/Vienna,sr:complex:47140
1682,sr:venue:35086,Show Court,Linz,Austria,AUT,Europe/Vienna,sr:complex:47140
1683,sr:venue:16996,Stadium Court,"Fairfield, CT",USA,USA,America/New_York,sr:complex:47146
1684,sr:venue:16998,Court 1,"Fairfield, CT",USA,USA,America/New_York,sr:complex:47146
1685,sr:venue:18868,Eve Zimmerman Court,"Fairfield, CT",USA,USA,America/New_York,sr:complex:47146
1686,sr:venue:18870,Court 6,"Fairfield, CT",USA,USA,America/New_York,sr:complex:47146
1687,sr:venue:18872,Court 7,"Fairfield, CT",USA,USA,America/New_York,sr:complex:47146
1688,sr:venue:20225,Alumni Hall,"Fairfield, CT",USA,USA,America/New_York,sr:complex:47146
1689,sr:venue:20749,Campus Field,"Fairfield, CT",USA,USA,America/New_York,sr:complex:47146
1690,sr:venue:24062,Court 2,"Fairfield, CT",USA,USA,America/New_York,sr:complex:47146
1691,sr:venue:24064,Court 4,"Fairfield, CT",USA,USA,America/New_York,sr:complex:47146
1692,sr:venue:24066,Court 5,"Fairfield, CT",USA,USA,America/New_York,sr:complex:47146
1693,sr:venue:66689,Cammisa Court,"Fairfield, CT",USA,USA,America/New_York,sr:complex:47146
1694,sr:venue:66693,Kennedy-Grossman Court,"Fairfield, CT",USA,USA,America/New_York,sr:complex:47146
1695,sr:venue:74536,Tad Taube Court,"Fairfield, CT",USA,USA,America/New_York,sr:complex:47146
1696,sr:venue:84461,Leif Haase Court,"Fairfield, CT",USA,USA,America/New_York,sr:complex:47146
1697,sr:venue:949,Luzhniki Stadium,Moscow,Russia,RUS,Europe/Moscow,sr:complex:47302
1698,sr:venue:24334,Center Court,Ismaning,Germany,DEU,Europe/Berlin,sr:complex:47306
1699,sr:venue:24336,Court 1,Ismaning,Germany,DEU,Europe/Berlin,sr:complex:47306
1700,sr:venue:24338,Court 2,Ismaning,Germany,DEU,Europe/Berlin,sr:complex:47306
1701,sr:venue:24340,Court 3,Ismaning,Germany,DEU,Europe/Berlin,sr:complex:47306
1702,sr:venue:24342,Court 4,Ismaning,Germany,DEU,Europe/Berlin,sr:complex:47306
1703,sr:venue:26343,Centre Court,Playford City,Australia,AUS,Australia/Adelaide,sr:complex:47815
1704,sr:venue:26345,Court 1,Playford City,Australia,AUS,Australia/Adelaide,sr:complex:47815
1705,sr:venue:26347,Court 2,Playford City,Australia,AUS,Australia/Adelaide,sr:complex:47815
1706,sr:venue:26349,Court 3,Playford City,Australia,AUS,Australia/Adelaide,sr:complex:47815
1707,sr:venue:26351,Court 4,Playford City,Australia,AUS,Australia/Adelaide,sr:complex:47815
1708,sr:venue:26353,Court 5,Playford City,Australia,AUS,Australia/Adelaide,sr:complex:47815
1709,sr:venue:15270,Center Court,Eckental,Germany,DEU,Europe/Berlin,sr:complex:47817
1710,sr:venue:15272,Court 1,Eckental,Germany,DEU,Europe/Berlin,sr:complex:47817
1711,sr:venue:25170,Court 2,Eckental,Germany,DEU,Europe/Berlin,sr:complex:47817
1712,sr:venue:15349,Court 2,Guayaquil,Ecuador,ECU,America/Guayaquil,sr:complex:47819
1713,sr:venue:26252,Court 3,Guayaquil,Ecuador,ECU,America/Guayaquil,sr:complex:47819
1714,sr:venue:26258,Court 4,Guayaquil,Ecuador,ECU,America/Guayaquil,sr:complex:47819
1715,sr:venue:39107,Court 5,Guayaquil,Ecuador,ECU,America/Guayaquil,sr:complex:47819
1716,sr:venue:39109,Court 6,Guayaquil,Ecuador,ECU,America/Guayaquil,sr:complex:47819
1717,sr:venue:44702,Cancha 3,Guayaquil,Ecuador,ECU,America/Guayaquil,sr:complex:47819
1718,sr:venue:14240,Centre Court,Milan,Italy,ITA,Europe/Rome,sr:complex:47893
1719,sr:venue:21760,Court 14,Milan,Italy,ITA,Europe/Rome,sr:complex:47893
1720,sr:venue:25368,Court 1,Milan,Italy,ITA,Europe/Rome,sr:complex:47893
1721,sr:venue:25370,Court 2,Milan,Italy,ITA,Europe/Rome,sr:complex:47893
1722,sr:venue:30841,Court 15,Milan,Italy,ITA,Europe/Rome,sr:complex:47893
1723,sr:venue:48601,Allianz Cloud Court,Milan,Italy,ITA,Europe/Rome,sr:complex:47893
1724,sr:venue:84463,Court 3,Milan,Italy,ITA,Europe/Rome,sr:complex:47893
1725,sr:venue:48953,Court 5,Maia,Portugal,PRT,Europe/Lisbon,sr:complex:48857
1726,sr:venue:48955,Center Court,Maia,Portugal,PRT,Europe/Lisbon,sr:complex:48857
1727,sr:venue:48957,Court 4,Maia,Portugal,PRT,Europe/Lisbon,sr:complex:48857
1728,sr:venue:19144,Center Court,"Honolulu, HI",USA,USA,Pacific/Honolulu,sr:complex:49319
1729,sr:venue:19146,Court 1,"Honolulu, HI",USA,USA,Pacific/Honolulu,sr:complex:49319
1730,sr:venue:19150,Court 6,"Honolulu, HI",USA,USA,Pacific/Honolulu,sr:complex:49319
1731,sr:venue:25802,Court 2,"Honolulu, HI",USA,USA,Pacific/Honolulu,sr:complex:49319
1732,sr:venue:25804,Court 3,"Honolulu, HI",USA,USA,Pacific/Honolulu,sr:complex:49319
1733,sr:venue:25958,Court 4,"Honolulu, HI",USA,USA,Pacific/Honolulu,sr:complex:49319
1734,sr:venue:31399,Court 5,"Honolulu, HI",USA,USA,Pacific/Honolulu,sr:complex:49319
1735,sr:venue:31401,Stadium,"Honolulu, HI",USA,USA,Pacific/Honolulu,sr:complex:49319
1736,sr:venue:31403,Court 10,"Honolulu, HI",USA,USA,Pacific/Honolulu,sr:complex:49319
1737,sr:venue:42104,Court 9,"Honolulu, HI",USA,USA,Pacific/Honolulu,sr:complex:49319
1738,sr:venue:25342,Court 3,Canberra,Australia,AUS,Australia/ACT,sr:complex:49633
1739,sr:venue:25344,Court 1,Canberra,Australia,AUS,Australia/ACT,sr:complex:49633
1740,sr:venue:28099,Court 13,Canberra,Australia,AUS,Australia/ACT,sr:complex:49633
1741,sr:venue:28115,Court 11,Canberra,Australia,AUS,Australia/ACT,sr:complex:49633
1742,sr:venue:28117,Court 10,Canberra,Australia,AUS,Australia/ACT,sr:complex:49633
1743,sr:venue:49653,Court 2,Canberra,Australia,AUS,Australia/ACT,sr:complex:49633
1744,sr:venue:10644,Stade Numa-Daly Magenta,Noumea,New Caledonia,NCL,Pacific/Noumea,sr:complex:49635
1745,sr:venue:15483,Court N'godrela,Noumea,New Caledonia,NCL,Pacific/Noumea,sr:complex:49635
1746,sr:venue:15485,Court Morault,Noumea,New Caledonia,NCL,Pacific/Noumea,sr:complex:49635
1747,sr:venue:15493,Court 7,Noumea,New Caledonia,NCL,Pacific/Noumea,sr:complex:49635
1748,sr:venue:15495,Court 8,Noumea,New Caledonia,NCL,Pacific/Noumea,sr:complex:49635
1749,sr:venue:81579,Court Hertz,Noumea,New Caledonia,NCL,Pacific/Noumea,sr:complex:49635
1750,sr:venue:49805,Centre Court,Melbourne,Australia,AUS,Australia/Melbourne,sr:complex:49803
1751,sr:venue:17100,Court 1,Santiago,Chile,CHL,America/Santiago,sr:complex:50605
1752,sr:venue:17102,Court 2,Santiago,Chile,CHL,America/Santiago,sr:complex:50605
1753,sr:venue:17104,Court 3,Santiago,Chile,CHL,America/Santiago,sr:complex:50605
1754,sr:venue:26008,Cancha Central,Santiago,Chile,CHL,America/Santiago,sr:complex:50605
1755,sr:venue:50607,San Carlos De Apoquindo,Santiago,Chile,CHL,America/Santiago,sr:complex:50605
1756,sr:venue:76925,Court Jaime Fillol,Santiago,Chile,CHL,America/Santiago,sr:complex:50605
1757,sr:venue:57820,Centre Court,Cagliari,Italy,ITA,Europe/Rome,sr:complex:50973
1758,sr:venue:57822,Court 14,Cagliari,Italy,ITA,Europe/Rome,sr:complex:50973
1759,sr:venue:57824,Court 2,Cagliari,Italy,ITA,Europe/Rome,sr:complex:50973
1760,sr:venue:87850,Court 11,Cagliari,Italy,ITA,Europe/Rome,sr:complex:50973
1761,sr:venue:23922,Cancha 1,Santa Cruz de la Sierra,Bolivia,BOL,America/La_Paz,sr:complex:51757
1762,sr:venue:23928,Cancha 2,Santa Cruz de la Sierra,Bolivia,BOL,America/La_Paz,sr:complex:51757
1763,sr:venue:23934,Court 5,Santa Cruz de la Sierra,Bolivia,BOL,America/La_Paz,sr:complex:51757
1764,sr:venue:34170,Court 4,Santa Cruz de la Sierra,Bolivia,BOL,America/La_Paz,sr:complex:51757
1765,sr:venue:34448,Cancha 3,Santa Cruz de la Sierra,Bolivia,BOL,America/La_Paz,sr:complex:51757
1766,sr:venue:34450,Cancha 6,Santa Cruz de la Sierra,Bolivia,BOL,America/La_Paz,sr:complex:51757
1767,sr:venue:34456,Cancha 7,Santa Cruz de la Sierra,Bolivia,BOL,America/La_Paz,sr:complex:51757
1768,sr:venue:34458,Cancha 5,Santa Cruz de la Sierra,Bolivia,BOL,America/La_Paz,sr:complex:51757
1769,sr:venue:67281,Cancha Central,Santa Cruz de la Sierra,Bolivia,BOL,America/La_Paz,sr:complex:51757
1770,sr:venue:86884,Estadio,Metepec,Mexico,MEX,America/Mexico_City,sr:complex:51771
1771,sr:venue:86886,Grandstand,Metepec,Mexico,MEX,America/Mexico_City,sr:complex:51771
1772,sr:venue:86888,Cancha 1,Metepec,Mexico,MEX,America/Mexico_City,sr:complex:51771
1773,sr:venue:77117,Cancha Central,Asuncion,Paraguay,PRY,America/Asuncion,sr:complex:51791
1774,sr:venue:77119,Cancha 3,Asuncion,Paraguay,PRY,America/Asuncion,sr:complex:51791
1775,sr:venue:77121,Cancha 4,Asuncion,Paraguay,PRY,America/Asuncion,sr:complex:51791
1776,sr:venue:28996,Court 3,Tbilisi,Georgia,GEO,Asia/Tbilisi,sr:complex:51805
1777,sr:venue:28998,Court 2,Tbilisi,Georgia,GEO,Asia/Tbilisi,sr:complex:51805
1778,sr:venue:29000,Court 1,Tbilisi,Georgia,GEO,Asia/Tbilisi,sr:complex:51805
1779,sr:venue:29104,Court 4,Tbilisi,Georgia,GEO,Asia/Tbilisi,sr:complex:51805
1780,sr:venue:39229,Centre Court,Tbilisi,Georgia,GEO,Asia/Tbilisi,sr:complex:51805
1781,sr:venue:52277,Centralni Teren,Zajecar,Serbia,SRB,Europe/Belgrade,sr:complex:52275
1782,sr:venue:52279,Teren 6,Zajecar,Serbia,SRB,Europe/Belgrade,sr:complex:52275
1783,sr:venue:52281,Teren 7,Zajecar,Serbia,SRB,Europe/Belgrade,sr:complex:52275
1784,sr:venue:52283,Teren 8,Zajecar,Serbia,SRB,Europe/Belgrade,sr:complex:52275
1785,sr:venue:52285,Teren 9,Zajecar,Serbia,SRB,Europe/Belgrade,sr:complex:52275
1786,sr:venue:52287,Teren 10,Zajecar,Serbia,SRB,Europe/Belgrade,sr:complex:52275
1787,sr:venue:35740,Pista 12,Castellon,Spain,ESP,Europe/Madrid,sr:complex:52527
1788,sr:venue:35744,Pista 13,Castellon,Spain,ESP,Europe/Madrid,sr:complex:52527
1789,sr:venue:35758,Pista 11,Castellon,Spain,ESP,Europe/Madrid,sr:complex:52527
1790,sr:venue:35798,Pista 14,Castellon,Spain,ESP,Europe/Madrid,sr:complex:52527
1791,sr:venue:29542,Court 9,Prague,Czechia,CZE,Europe/Prague,sr:complex:52537
1792,sr:venue:44018,Court 1,Roehampton,England,ENG,Europe/London,sr:complex:52559
1793,sr:venue:52561,Center Court,Roehampton,England,ENG,Europe/London,sr:complex:52559
1794,sr:venue:14636,Court 3,"Lexington, KY",USA,USA,America/New_York,sr:complex:52665
1795,sr:venue:22164,Court 2,"Lexington, KY",USA,USA,America/New_York,sr:complex:52665
1796,sr:venue:52697,Center Court,"Lexington, KY",USA,USA,America/New_York,sr:complex:52665
1797,sr:venue:19899,Court 1,Zhengzhou,China,CHN,Asia/Shanghai,sr:complex:53263
1798,sr:venue:19901,Court 2,Zhengzhou,China,CHN,Asia/Shanghai,sr:complex:53263
1799,sr:venue:74488,Center Court,Zhengzhou,China,CHN,Asia/Shanghai,sr:complex:53263
1800,sr:venue:74490,Grandstand,Zhengzhou,China,CHN,Asia/Shanghai,sr:complex:53263
1801,sr:venue:58784,Centre Court,Bad Homburg,Germany,DEU,Europe/Berlin,sr:complex:53979
1802,sr:venue:58800,Court 1,Bad Homburg,Germany,DEU,Europe/Berlin,sr:complex:53979
1803,sr:venue:58802,Court 2,Bad Homburg,Germany,DEU,Europe/Berlin,sr:complex:53979
1804,sr:venue:1758,Court 3,Rome,Italy,ITA,Europe/Rome,sr:complex:54105
1805,sr:venue:1759,Court 4,Rome,Italy,ITA,Europe/Rome,sr:complex:54105
1806,sr:venue:1760,Court 5,Rome,Italy,ITA,Europe/Rome,sr:complex:54105
1807,sr:venue:1761,Court 6,Rome,Italy,ITA,Europe/Rome,sr:complex:54105
1808,sr:venue:1762,Campo Centrale,Rome,Italy,ITA,Europe/Rome,sr:complex:54105
1809,sr:venue:1764,Pietrangeli,Rome,Italy,ITA,Europe/Rome,sr:complex:54105
1810,sr:venue:2356,Court 1,Rome,Italy,ITA,Europe/Rome,sr:complex:54105
1811,sr:venue:2357,Court 2,Rome,Italy,ITA,Europe/Rome,sr:complex:54105
1812,sr:venue:2358,Court 10,Rome,Italy,ITA,Europe/Rome,sr:complex:54105
1813,sr:venue:6500,Super Tennis Arena,Rome,Italy,ITA,Europe/Rome,sr:complex:54105
1814,sr:venue:14060,Grand Stand Arena,Rome,Italy,ITA,Europe/Rome,sr:complex:54105
1815,sr:venue:71013,Court 12,Rome,Italy,ITA,Europe/Rome,sr:complex:54105
1816,sr:venue:71015,Court 13,Rome,Italy,ITA,Europe/Rome,sr:complex:54105
1817,sr:venue:82505,Court 14,Rome,Italy,ITA,Europe/Rome,sr:complex:54105
1818,sr:venue:82507,Court 15,Rome,Italy,ITA,Europe/Rome,sr:complex:54105
1819,sr:venue:87932,BNP Paribas Arena,Rome,Italy,ITA,Europe/Rome,sr:complex:54105
1820,sr:venue:88220,Court 7,Rome,Italy,ITA,Europe/Rome,sr:complex:54105
1821,sr:venue:88222,Court 8,Rome,Italy,ITA,Europe/Rome,sr:complex:54105
1822,sr:venue:88224,Campo 6,Rome,Italy,ITA,Europe/Rome,sr:complex:54105
1823,sr:venue:88226,Campo 4,Rome,Italy,ITA,Europe/Rome,sr:complex:54105
1824,sr:venue:88228,Campo 7,Rome,Italy,ITA,Europe/Rome,sr:complex:54105
1825,sr:venue:88230,Campo 8,Rome,Italy,ITA,Europe/Rome,sr:complex:54105
1826,sr:venue:88246,Campo 5,Rome,Italy,ITA,Europe/Rome,sr:complex:54105
1827,sr:venue:55023,Forte Village Court,Sardinia,Italy,ITA,Europe/Rome,sr:complex:55029
1828,sr:venue:55025,Sardegna Court,Sardinia,Italy,ITA,Europe/Rome,sr:complex:55029
1829,sr:venue:55027,Court 5,Sardinia,Italy,ITA,Europe/Rome,sr:complex:55029
1830,sr:venue:56908,Court 2,Antalya,Turkiye,TUR,Europe/Istanbul,sr:complex:56886
1831,sr:venue:15433,Center Court,Abu Dhabi,United Arab Emirates,ARE,Asia/Dubai,sr:complex:56888
1832,sr:venue:49315,Stadium Court,Abu Dhabi,United Arab Emirates,ARE,Asia/Dubai,sr:complex:56888
1833,sr:venue:56896,Court 1,Abu Dhabi,United Arab Emirates,ARE,Asia/Dubai,sr:complex:56888
1834,sr:venue:56898,Court 2,Abu Dhabi,United Arab Emirates,ARE,Asia/Dubai,sr:complex:56888
1835,sr:venue:56900,Court 3,Abu Dhabi,United Arab Emirates,ARE,Asia/Dubai,sr:complex:56888
1836,sr:venue:56902,Court 4,Abu Dhabi,United Arab Emirates,ARE,Asia/Dubai,sr:complex:56888
1837,sr:venue:76201,ADCB Court 1,Abu Dhabi,United Arab Emirates,ARE,Asia/Dubai,sr:complex:56888
1838,sr:venue:51685,Court 10,Potchefstroom,South Africa,ZAF,Africa/Johannesburg,sr:complex:57152
1839,sr:venue:51695,Court 1,Potchefstroom,South Africa,ZAF,Africa/Johannesburg,sr:complex:57152
1840,sr:venue:51941,Court 8,Potchefstroom,South Africa,ZAF,Africa/Johannesburg,sr:complex:57152
1841,sr:venue:57156,Palapajetta Court,Biella,Italy,ITA,Europe/Rome,sr:complex:57154
1842,sr:venue:57158,Jocker Court,Biella,Italy,ITA,Europe/Rome,sr:complex:57154
1843,sr:venue:57190,Cancha Central,Concepcion,Chile,CHL,America/Santiago,sr:complex:57188
1844,sr:venue:57192,Cancha 1,Concepcion,Chile,CHL,America/Santiago,sr:complex:57188
1845,sr:venue:57194,Cancha 2,Concepcion,Chile,CHL,America/Santiago,sr:complex:57188
1846,sr:venue:57250,Center Court,Kallang,Singapore,SGP,Asia/Singapore,sr:complex:57248
1847,sr:venue:39775,Court 12,Lyon,France,FRA,Europe/Paris,sr:complex:57286
1848,sr:venue:57326,Court 2,Saint Petersburg,Russia,RUS,Europe/Moscow,sr:complex:57308
1849,sr:venue:15238,CANCHA 1,Cordoba,Argentina,ARG,America/Argentina/Cordoba,sr:complex:57930
1850,sr:venue:15240,CANCHA 3,Cordoba,Argentina,ARG,America/Argentina/Cordoba,sr:complex:57930
1851,sr:venue:82061,Cancha Central,Cordoba,Argentina,ARG,America/Argentina/Cordoba,sr:complex:57930
1852,sr:venue:57952,Center Court,Istanbul,Turkiye,TUR,Europe/Istanbul,sr:complex:57950
1853,sr:venue:57954,Court 1,Istanbul,Turkiye,TUR,Europe/Istanbul,sr:complex:57950
1854,sr:venue:57956,Court 2,Istanbul,Turkiye,TUR,Europe/Istanbul,sr:complex:57950
1855,sr:venue:57980,Court Can Uner,Istanbul,Turkiye,TUR,Europe/Istanbul,sr:complex:57950
1856,sr:venue:63225,Court 3,Istanbul,Turkiye,TUR,Europe/Istanbul,sr:complex:57950
1857,sr:venue:87906,Grandstand,Istanbul,Turkiye,TUR,Europe/Istanbul,sr:complex:57950
1858,sr:venue:33970,Court 15,Zagreb,Croatia,HRV,Europe/Zagreb,sr:complex:58380
1859,sr:venue:34014,Court 14,Zagreb,Croatia,HRV,Europe/Zagreb,sr:complex:58380
1860,sr:venue:58180,Court 13,Zagreb,Croatia,HRV,Europe/Zagreb,sr:complex:58380
1861,sr:venue:58384,Court 16,Zagreb,Croatia,HRV,Europe/Zagreb,sr:complex:58380
1862,sr:venue:58386,Court 17,Zagreb,Croatia,HRV,Europe/Zagreb,sr:complex:58380
1863,sr:venue:58574,Center Court,Parma,Italy,ITA,Europe/Rome,sr:complex:58572
1864,sr:venue:58576,Grand Stand,Parma,Italy,ITA,Europe/Rome,sr:complex:58572
1865,sr:venue:58578,Court 1,Parma,Italy,ITA,Europe/Rome,sr:complex:58572
1866,sr:venue:39709,Stadium,"Little Rock, AR",USA,USA,America/Chicago,sr:complex:58652
1867,sr:venue:39711,Court 1,"Little Rock, AR",USA,USA,America/Chicago,sr:complex:58652
1868,sr:venue:39713,Court 13,"Little Rock, AR",USA,USA,America/Chicago,sr:complex:58652
1869,sr:venue:39751,Indoor Ct1,"Little Rock, AR",USA,USA,America/Chicago,sr:complex:58652
1870,sr:venue:39753,Indoor Ct3,"Little Rock, AR",USA,USA,America/Chicago,sr:complex:58652
1871,sr:venue:82747,Court 2,"Little Rock, AR",USA,USA,America/Chicago,sr:complex:58652
1872,sr:venue:21980,Court 1,Porto,Portugal,PRT,Europe/Lisbon,sr:complex:58874
1873,sr:venue:22088,Court 2,Porto,Portugal,PRT,Europe/Lisbon,sr:complex:58874
1874,sr:venue:64687,Court Vila Gale Hotel,Porto,Portugal,PRT,Europe/Lisbon,sr:complex:58874
1875,sr:venue:64689,Court McDonalds Antas,Porto,Portugal,PRT,Europe/Lisbon,sr:complex:58874
1876,sr:venue:64691,Court Carlsberg,Porto,Portugal,PRT,Europe/Lisbon,sr:complex:58874
1877,sr:venue:72435,Banco Carregosa,Porto,Portugal,PRT,Europe/Lisbon,sr:complex:58874
1878,sr:venue:16320,Grandstand,Perugia,Italy,ITA,Europe/Rome,sr:complex:58972
1879,sr:venue:16322,Court 3,Perugia,Italy,ITA,Europe/Rome,sr:complex:58972
1880,sr:venue:16326,Campo 4,Perugia,Italy,ITA,Europe/Rome,sr:complex:58972
1881,sr:venue:31393,Center Court,Perugia,Italy,ITA,Europe/Rome,sr:complex:58972
1882,sr:venue:88244,Court 5,Perugia,Italy,ITA,Europe/Rome,sr:complex:58972
1883,sr:venue:52959,Court 2,Anif,Austria,AUT,Europe/Vienna,sr:complex:59004
1884,sr:venue:52961,Court 6,Anif,Austria,AUT,Europe/Vienna,sr:complex:59004
1885,sr:venue:52963,Court 1,Anif,Austria,AUT,Europe/Vienna,sr:complex:59004
1886,sr:venue:52965,Court 3,Anif,Austria,AUT,Europe/Vienna,sr:complex:59004
1887,sr:venue:52967,Court 7,Anif,Austria,AUT,Europe/Vienna,sr:complex:59004
1888,sr:venue:52969,Court 8,Anif,Austria,AUT,Europe/Vienna,sr:complex:59004
1889,sr:venue:59006,Center Court,Anif,Austria,AUT,Europe/Vienna,sr:complex:59004
1890,sr:venue:14284,Center Court,Braunschweig,Germany,DEU,Europe/Berlin,sr:complex:59008
1891,sr:venue:14286,Court 11,Braunschweig,Germany,DEU,Europe/Berlin,sr:complex:59008
1892,sr:venue:14310,Court 5,Braunschweig,Germany,DEU,Europe/Berlin,sr:complex:59008
1893,sr:venue:14312,Court 7,Braunschweig,Germany,DEU,Europe/Berlin,sr:complex:59008
1894,sr:venue:21808,Court 12,Braunschweig,Germany,DEU,Europe/Berlin,sr:complex:59008
1895,sr:venue:83240,Brawo Center Court,Braunschweig,Germany,DEU,Europe/Berlin,sr:complex:59008
1896,sr:venue:88558,Tenzer Center Court,Braunschweig,Germany,DEU,Europe/Berlin,sr:complex:59008
1897,sr:venue:88560,Clamex Court,Braunschweig,Germany,DEU,Europe/Berlin,sr:complex:59008
1898,sr:venue:88562,Ecovis Court,Braunschweig,Germany,DEU,Europe/Berlin,sr:complex:59008
1899,sr:venue:34116,Court 1,Iasi,Romania,ROU,Europe/Bucharest,sr:complex:59082
1900,sr:venue:34118,Court 3,Iasi,Romania,ROU,Europe/Bucharest,sr:complex:59082
1901,sr:venue:34122,Court 4,Iasi,Romania,ROU,Europe/Bucharest,sr:complex:59082
1902,sr:venue:34124,Court 2,Iasi,Romania,ROU,Europe/Bucharest,sr:complex:59082
1903,sr:venue:53631,Court 5,Iasi,Romania,ROU,Europe/Bucharest,sr:complex:59082
1904,sr:venue:64779,Center Court,Iasi,Romania,ROU,Europe/Bucharest,sr:complex:59082
1905,sr:venue:65323,Court 6,Iasi,Romania,ROU,Europe/Bucharest,sr:complex:59082
1906,sr:venue:42966,Court 1,Amersfoort,Netherlands,NLD,Europe/Brussels,sr:complex:59090
1907,sr:venue:42968,Court 2,Amersfoort,Netherlands,NLD,Europe/Brussels,sr:complex:59090
1908,sr:venue:42970,Court 3,Amersfoort,Netherlands,NLD,Europe/Brussels,sr:complex:59090
1909,sr:venue:42972,Center Court,Amersfoort,Netherlands,NLD,Europe/Brussels,sr:complex:59090
1910,sr:venue:43230,Van Mossel Kia Court,Amersfoort,Netherlands,NLD,Europe/Brussels,sr:complex:59090
1911,sr:venue:59092,KNLTB Court,Amersfoort,Netherlands,NLD,Europe/Brussels,sr:complex:59090
1912,sr:venue:59094,Schoonderbeekbouw Court,Amersfoort,Netherlands,NLD,Europe/Brussels,sr:complex:59090
1913,sr:venue:14304,Grandstand,Todi,Italy,ITA,Europe/Rome,sr:complex:59096
1914,sr:venue:14306,Campo 1,Todi,Italy,ITA,Europe/Rome,sr:complex:59096
1915,sr:venue:21620,Centre Court,Todi,Italy,ITA,Europe/Rome,sr:complex:59096
1916,sr:venue:64667,Court 4,Todi,Italy,ITA,Europe/Rome,sr:complex:59096
1917,sr:venue:83659,Court 6,Todi,Italy,ITA,Europe/Rome,sr:complex:59096
1918,sr:venue:88936,Court 1,Todi,Italy,ITA,Europe/Rome,sr:complex:59096
1919,sr:venue:88938,Court 2,Todi,Italy,ITA,Europe/Rome,sr:complex:59096
1920,sr:venue:88940,Court 3,Todi,Italy,ITA,Europe/Rome,sr:complex:59096
1921,sr:venue:59206,Centre Court,Gydnia,Poland,POL,Europe/Warsaw,sr:complex:59204
1922,sr:venue:59208,Court 1,Gydnia,Poland,POL,Europe/Warsaw,sr:complex:59204
1923,sr:venue:59210,Court 2,Gydnia,Poland,POL,Europe/Warsaw,sr:complex:59204
1924,sr:venue:18531,Court 1,Los Cabos,Mexico,MEX,America/Mexico_City,sr:complex:59212
1925,sr:venue:32317,Grandstand Caliente,Los Cabos,Mexico,MEX,America/Mexico_City,sr:complex:59212
1926,sr:venue:43934,Court 2,Los Cabos,Mexico,MEX,America/Mexico_City,sr:complex:59212
1927,sr:venue:65327,Stadium CSC,Los Cabos,Mexico,MEX,America/Mexico_City,sr:complex:59212
1928,sr:venue:1943,Goran Ivanisevic Stadium,Umag,Croatia,HRV,Europe/Zagreb,sr:complex:59214
1929,sr:venue:1944,Grandstand,Umag,Croatia,HRV,Europe/Zagreb,sr:complex:59214
1930,sr:venue:1945,Court 1,Umag,Croatia,HRV,Europe/Zagreb,sr:complex:59214
1931,sr:venue:1946,Court 2,Umag,Croatia,HRV,Europe/Zagreb,sr:complex:59214
1932,sr:venue:1954,Court 4,Umag,Croatia,HRV,Europe/Zagreb,sr:complex:59214
1933,sr:venue:2453,Court 3,Umag,Croatia,HRV,Europe/Zagreb,sr:complex:59214
1934,sr:venue:14606,Court 5,Umag,Croatia,HRV,Europe/Zagreb,sr:complex:59214
1935,sr:venue:78889,Studenac Arena,Umag,Croatia,HRV,Europe/Zagreb,sr:complex:59214
1936,sr:venue:16820,Court 16,"Cary, NC",USA,USA,America/New_York,sr:complex:59292
1937,sr:venue:23514,Court 15,"Cary, NC",USA,USA,America/New_York,sr:complex:59292
1938,sr:venue:23516,Court 13,"Cary, NC",USA,USA,America/New_York,sr:complex:59292
1939,sr:venue:23562,Court 14,"Cary, NC",USA,USA,America/New_York,sr:complex:59292
1940,sr:venue:56150,Indoor 3,"Cary, NC",USA,USA,America/New_York,sr:complex:59292
1941,sr:venue:59294,Stadium,"Cary, NC",USA,USA,America/New_York,sr:complex:59292
1942,sr:venue:79205,Court 10,"Cary, NC",USA,USA,America/New_York,sr:complex:59292
1943,sr:venue:83178,Court 4,"Cary, NC",USA,USA,America/New_York,sr:complex:59292
1944,sr:venue:83184,Court 12,"Cary, NC",USA,USA,America/New_York,sr:complex:59292
1945,sr:venue:23248,Court 2,Trieste,Italy,ITA,Europe/Rome,sr:complex:59332
1946,sr:venue:23270,Court 4,Trieste,Italy,ITA,Europe/Rome,sr:complex:59332
1947,sr:venue:23284,Center court,Trieste,Italy,ITA,Europe/Rome,sr:complex:59332
1948,sr:venue:23286,Court 1,Trieste,Italy,ITA,Europe/Rome,sr:complex:59332
1949,sr:venue:23290,Court 3,Trieste,Italy,ITA,Europe/Rome,sr:complex:59332
1950,sr:venue:33948,Indoor 8,Trieste,Italy,ITA,Europe/Rome,sr:complex:59332
1951,sr:venue:33950,Indoor 7,Trieste,Italy,ITA,Europe/Rome,sr:complex:59332
1952,sr:venue:34046,Court 9,Trieste,Italy,ITA,Europe/Rome,sr:complex:59332
1953,sr:venue:16024,Center Court,"Charleston, SC",USA,USA,America/New_York,sr:complex:59348
1954,sr:venue:57816,Court 1,"Charleston, SC",USA,USA,America/New_York,sr:complex:59348
1955,sr:venue:57818,Court 2,"Charleston, SC",USA,USA,America/New_York,sr:complex:59348
1956,sr:venue:74308,Court 3,"Charleston, SC",USA,USA,America/New_York,sr:complex:59348
1957,sr:venue:81237,Court 7,"Charleston, SC",USA,USA,America/New_York,sr:complex:59348
1958,sr:venue:44664,Center Court,"Concord, MA",USA,USA,America/New_York,sr:complex:59464
1959,sr:venue:59550,Court 1,"Concord, MA",USA,USA,America/New_York,sr:complex:59464
1960,sr:venue:59634,Court 2,"Concord, MA",USA,USA,America/New_York,sr:complex:59464
1961,sr:venue:14666,Svijany Court,Liberec,Czechia,CZE,Europe/Prague,sr:complex:59544
1962,sr:venue:14668,Gea Court,Liberec,Czechia,CZE,Europe/Prague,sr:complex:59544
1963,sr:venue:14670,Mlyn Perner Court,Liberec,Czechia,CZE,Europe/Prague,sr:complex:59544
1964,sr:venue:59546,Syner Court,Liberec,Czechia,CZE,Europe/Prague,sr:complex:59544
1965,sr:venue:59548,Pernerka Court,Liberec,Czechia,CZE,Europe/Prague,sr:complex:59544
1966,sr:venue:72911,Wilson,Liberec,Czechia,CZE,Europe/Prague,sr:complex:59544
1967,sr:venue:73093,INDOOR B,Liberec,Czechia,CZE,Europe/Prague,sr:complex:59544
1968,sr:venue:73095,INDOOR C,Liberec,Czechia,CZE,Europe/Prague,sr:complex:59544
1969,sr:venue:14718,Center Court,San Marino,San Marino,SMR,Europe/San_Marino,sr:complex:59730
1970,sr:venue:14720,Court 2 De Luigi,San Marino,San Marino,SMR,Europe/San_Marino,sr:complex:59730
1971,sr:venue:14722,Court 3,San Marino,San Marino,SMR,Europe/San_Marino,sr:complex:59730
1972,sr:venue:83280,Court 1,San Marino,San Marino,SMR,Europe/San_Marino,sr:complex:59730
1973,sr:venue:83282,Court 2,San Marino,San Marino,SMR,Europe/San_Marino,sr:complex:59730
1974,sr:venue:59756,Campo 4,Verona,Italy,ITA,Europe/Rome,sr:complex:59754
1975,sr:venue:59758,Campo 5,Verona,Italy,ITA,Europe/Rome,sr:complex:59754
1976,sr:venue:59760,Campo Centrale,Verona,Italy,ITA,Europe/Rome,sr:complex:59754
1977,sr:venue:59882,Campo 6,Verona,Italy,ITA,Europe/Rome,sr:complex:59754
1978,sr:venue:78915,Volvo Arena,Verona,Italy,ITA,Europe/Rome,sr:complex:59754
1979,sr:venue:78917,Grandstand,Verona,Italy,ITA,Europe/Rome,sr:complex:59754
1980,sr:venue:59776,Centre Court,Luedenscheid,Germany,DEU,Europe/Berlin,sr:complex:59774
1981,sr:venue:59778,Court 3,Luedenscheid,Germany,DEU,Europe/Berlin,sr:complex:59774
1982,sr:venue:59782,Court 7,Luedenscheid,Germany,DEU,Europe/Berlin,sr:complex:59774
1983,sr:venue:59878,Court 1,Luedenscheid,Germany,DEU,Europe/Berlin,sr:complex:59774
1984,sr:venue:72959,Court 2,Luedenscheid,Germany,DEU,Europe/Berlin,sr:complex:59774
1985,sr:venue:72961,Indoor 1,Luedenscheid,Germany,DEU,Europe/Berlin,sr:complex:59774
1986,sr:venue:72963,Indoor 2,Luedenscheid,Germany,DEU,Europe/Berlin,sr:complex:59774
1987,sr:venue:33988,Court 1,"Chicago, IL",USA,USA,America/Chicago,sr:complex:59868
1988,sr:venue:33990,Court 2,"Chicago, IL",USA,USA,America/Chicago,sr:complex:59868
1989,sr:venue:33992,Court 3,"Chicago, IL",USA,USA,America/Chicago,sr:complex:59868
1990,sr:venue:33994,Court 4,"Chicago, IL",USA,USA,America/Chicago,sr:complex:59868
1991,sr:venue:33996,Court 5,"Chicago, IL",USA,USA,America/Chicago,sr:complex:59868
1992,sr:venue:34036,Indoor 10,"Chicago, IL",USA,USA,America/Chicago,sr:complex:59868
1993,sr:venue:34076,Indoor 8,"Chicago, IL",USA,USA,America/Chicago,sr:complex:59868
1994,sr:venue:59870,Stadium,"Chicago, IL",USA,USA,America/Chicago,sr:complex:59868
1995,sr:venue:59932,Center Court,"Chicago, IL",USA,USA,America/Chicago,sr:complex:59868
1996,sr:venue:60740,Indoor 9,"Chicago, IL",USA,USA,America/Chicago,sr:complex:59868
1997,sr:venue:65387,Court 21,"Chicago, IL",USA,USA,America/Chicago,sr:complex:59868
1998,sr:venue:65389,Court 23,"Chicago, IL",USA,USA,America/Chicago,sr:complex:59868
1999,sr:venue:72299,Indoor 6,"Chicago, IL",USA,USA,America/Chicago,sr:complex:59868
2000,sr:venue:59892,Court 1,"Cleveland, OH",USA,USA,America/New_York,sr:complex:59890
2001,sr:venue:59894,Court 2,"Cleveland, OH",USA,USA,America/New_York,sr:complex:59890
2002,sr:venue:59930,Stadium Court,"Cleveland, OH",USA,USA,America/New_York,sr:complex:59890
2003,sr:venue:65701,Indoor 1,"Cleveland, OH",USA,USA,America/New_York,sr:complex:59890
2004,sr:venue:65703,Indoor 2,"Cleveland, OH",USA,USA,America/New_York,sr:complex:59890
2005,sr:venue:1804,Center Court,Warsaw,Poland,POL,Europe/Warsaw,sr:complex:59994
2006,sr:venue:1805,Court 1,Warsaw,Poland,POL,Europe/Warsaw,sr:complex:59994
2007,sr:venue:1806,Court 2,Warsaw,Poland,POL,Europe/Warsaw,sr:complex:59994
2008,sr:venue:1807,Court 3,Warsaw,Poland,POL,Europe/Warsaw,sr:complex:59994
2009,sr:venue:44526,Court 4,Warsaw,Poland,POL,Europe/Warsaw,sr:complex:59994
2010,sr:venue:59992,Court 6,Warsaw,Poland,POL,Europe/Warsaw,sr:complex:59994
2011,sr:venue:60020,Indoor 1,Warsaw,Poland,POL,Europe/Warsaw,sr:complex:59994
2012,sr:venue:60024,Indoor 2,Warsaw,Poland,POL,Europe/Warsaw,sr:complex:59994
2013,sr:venue:72755,Indoor 3,Warsaw,Poland,POL,Europe/Warsaw,sr:complex:59994
2014,sr:venue:22688,Klenert Court,Karlsruhe,Germany,DEU,Europe/Berlin,sr:complex:60188
2015,sr:venue:39701,Center Court,Karlsruhe,Germany,DEU,Europe/Berlin,sr:complex:60188
2016,sr:venue:39705,Staerk Court,Karlsruhe,Germany,DEU,Europe/Berlin,sr:complex:60188
2017,sr:venue:60260,Court 1,Karlsruhe,Germany,DEU,Europe/Berlin,sr:complex:60188
2018,sr:venue:14876,Centre Court,Banja Luka,Bosnia & Herzegovina,BIH,Europe/Sarajevo,sr:complex:60190
2019,sr:venue:14878,Court 5,Banja Luka,Bosnia & Herzegovina,BIH,Europe/Sarajevo,sr:complex:60190
2020,sr:venue:14908,Court 3,Banja Luka,Bosnia & Herzegovina,BIH,Europe/Sarajevo,sr:complex:60190
2021,sr:venue:30073,Court 1,Banja Luka,Bosnia & Herzegovina,BIH,Europe/Sarajevo,sr:complex:60190
2022,sr:venue:33978,Central Cabesto,Cassis,France,FRA,Europe/Paris,sr:complex:60192
2023,sr:venue:33980,Court Club House,Cassis,France,FRA,Europe/Paris,sr:complex:60192
2024,sr:venue:33982,Court 8,Cassis,France,FRA,Europe/Paris,sr:complex:60192
2025,sr:venue:34020,Court 9,Cassis,France,FRA,Europe/Paris,sr:complex:60192
2026,sr:venue:60224,Court 1,Cassis,France,FRA,Europe/Paris,sr:complex:60192
2027,sr:venue:60226,Court 7,Cassis,France,FRA,Europe/Paris,sr:complex:60192
2028,sr:venue:65911,Court 2,Cassis,France,FRA,Europe/Paris,sr:complex:60192
2029,sr:venue:22974,Court 1,Kiev,Ukraine,UKR,Europe/Kyiv,sr:complex:60194
2030,sr:venue:22976,Court 5,Kiev,Ukraine,UKR,Europe/Kyiv,sr:complex:60194
2031,sr:venue:22980,Court 2,Kiev,Ukraine,UKR,Europe/Kyiv,sr:complex:60194
2032,sr:venue:59224,Court 3,Kiev,Ukraine,UKR,Europe/Kyiv,sr:complex:60194
2033,sr:venue:59226,Court 4,Kiev,Ukraine,UKR,Europe/Kyiv,sr:complex:60194
2034,sr:venue:60214,Court 10,Kiev,Ukraine,UKR,Europe/Kyiv,sr:complex:60194
2035,sr:venue:60216,Court 12,Kiev,Ukraine,UKR,Europe/Kyiv,sr:complex:60194
2036,sr:venue:60218,Court 11,Kiev,Ukraine,UKR,Europe/Kyiv,sr:complex:60194
2037,sr:venue:14882,Court 3,Seville,Spain,ESP,Europe/Madrid,sr:complex:60196
2038,sr:venue:14890,Court 2,Seville,Spain,ESP,Europe/Madrid,sr:complex:60196
2039,sr:venue:23346,Pista 4,Seville,Spain,ESP,Europe/Madrid,sr:complex:60196
2040,sr:venue:24148,Pista 1,Seville,Spain,ESP,Europe/Madrid,sr:complex:60196
2041,sr:venue:34022,Center Court,Seville,Spain,ESP,Europe/Madrid,sr:complex:60196
2042,sr:venue:34134,Central,Seville,Spain,ESP,Europe/Madrid,sr:complex:60196
2043,sr:venue:34138,Court 6,Seville,Spain,ESP,Europe/Madrid,sr:complex:60196
2044,sr:venue:34140,Court 5,Seville,Spain,ESP,Europe/Madrid,sr:complex:60196
2045,sr:venue:34180,Court 9,Seville,Spain,ESP,Europe/Madrid,sr:complex:60196
2046,sr:venue:35176,Court 1,Seville,Spain,ESP,Europe/Madrid,sr:complex:60196
2047,sr:venue:47356,Pista 6,Seville,Spain,ESP,Europe/Madrid,sr:complex:60196
2048,sr:venue:47358,Pista 5,Seville,Spain,ESP,Europe/Madrid,sr:complex:60196
2049,sr:venue:60220,Pista 2,Seville,Spain,ESP,Europe/Madrid,sr:complex:60196
2050,sr:venue:60222,Pista 3,Seville,Spain,ESP,Europe/Madrid,sr:complex:60196
2051,sr:venue:60200,Centre Court,Tulln,Austria,AUT,Europe/Berlin,sr:complex:60198
2052,sr:venue:60202,Court 1,Tulln,Austria,AUT,Europe/Berlin,sr:complex:60198
2053,sr:venue:60204,Court 2,Tulln,Austria,AUT,Europe/Berlin,sr:complex:60198
2054,sr:venue:60206,Court 3,Tulln,Austria,AUT,Europe/Berlin,sr:complex:60198
2055,sr:venue:73717,Grandstand,Tulln,Austria,AUT,Europe/Berlin,sr:complex:60198
2056,sr:venue:65945,Center Court,Istanbul,Turkiye,TUR,Europe/Istanbul,sr:complex:60272
2057,sr:venue:65947,Court 9 Limak,Istanbul,Turkiye,TUR,Europe/Istanbul,sr:complex:60272
2058,sr:venue:65949,Court 3,Istanbul,Turkiye,TUR,Europe/Istanbul,sr:complex:60272
2059,sr:venue:73697,Grand Tarabaya Court,Istanbul,Turkiye,TUR,Europe/Istanbul,sr:complex:60272
2060,sr:venue:83933,Indoor Center Court,Istanbul,Turkiye,TUR,Europe/Istanbul,sr:complex:60272
2061,sr:venue:14952,Cancha 2,Quito,Ecuador,ECU,America/Guayaquil,sr:complex:60274
2062,sr:venue:14988,Cancha 5,Quito,Ecuador,ECU,America/Guayaquil,sr:complex:60274
2063,sr:venue:15612,Cancha 1,Quito,Ecuador,ECU,America/Guayaquil,sr:complex:60274
2064,sr:venue:15614,Cancha 3,Quito,Ecuador,ECU,America/Guayaquil,sr:complex:60274
2065,sr:venue:17760,Estadio,Quito,Ecuador,ECU,America/Guayaquil,sr:complex:60274
2066,sr:venue:27077,Cancha 4,Quito,Ecuador,ECU,America/Guayaquil,sr:complex:60274
2067,sr:venue:60354,Cancha 8,Quito,Ecuador,ECU,America/Guayaquil,sr:complex:60274
2068,sr:venue:88506,Cancha Central,Quito,Ecuador,ECU,America/Guayaquil,sr:complex:60274
2069,sr:venue:14896,Central Court,Szczecin,Poland,POL,Europe/Warsaw,sr:complex:60276
2070,sr:venue:14898,Court 1,Szczecin,Poland,POL,Europe/Warsaw,sr:complex:60276
2071,sr:venue:14900,Court 2,Szczecin,Poland,POL,Europe/Warsaw,sr:complex:60276
2072,sr:venue:16822,Court 6,Szczecin,Poland,POL,Europe/Warsaw,sr:complex:60276
2073,sr:venue:23508,Court 8,Szczecin,Poland,POL,Europe/Warsaw,sr:complex:60276
2074,sr:venue:52431,Court 5,Szczecin,Poland,POL,Europe/Warsaw,sr:complex:60276
2075,sr:venue:52479,Court 4,Szczecin,Poland,POL,Europe/Warsaw,sr:complex:60276
2076,sr:venue:52481,Court 3,Szczecin,Poland,POL,Europe/Warsaw,sr:complex:60276
2077,sr:venue:52547,Court 7,Szczecin,Poland,POL,Europe/Warsaw,sr:complex:60276
2078,sr:venue:37005,Court Francoise Savatier,Rennes,France,FRA,Europe/Paris,sr:complex:60350
2079,sr:venue:50009,Court Le Liberte,Rennes,France,FRA,Europe/Paris,sr:complex:60350
2080,sr:venue:65953,Court Saint Gregoire 1,Rennes,France,FRA,Europe/Paris,sr:complex:60350
2081,sr:venue:83935,Colette Besson,Rennes,France,FRA,Europe/Paris,sr:complex:60350
2082,sr:venue:87366,Center Court,Asuncion,Paraguay,PRY,America/Asuncion,sr:complex:60384
2083,sr:venue:87368,Court 1,Asuncion,Paraguay,PRY,America/Asuncion,sr:complex:60384
2084,sr:venue:87370,Court 2,Asuncion,Paraguay,PRY,America/Asuncion,sr:complex:60384
2085,sr:venue:87420,Cancha 7,Asuncion,Paraguay,PRY,America/Asuncion,sr:complex:60384
2086,sr:venue:87422,Cancha 9,Asuncion,Paraguay,PRY,America/Asuncion,sr:complex:60384
2087,sr:venue:87450,Cacha 1,Asuncion,Paraguay,PRY,America/Asuncion,sr:complex:60384
2088,sr:venue:19881,Center Court,Biel,Switzerland,CHE,Europe/Zurich,sr:complex:60386
2089,sr:venue:57746,Court 2,Biel,Switzerland,CHE,Europe/Zurich,sr:complex:60386
2090,sr:venue:57748,Court 3,Biel,Switzerland,CHE,Europe/Zurich,sr:complex:60386
2091,sr:venue:57750,Court 1,Biel,Switzerland,CHE,Europe/Zurich,sr:complex:60386
2092,sr:venue:57778,Court 4,Biel,Switzerland,CHE,Europe/Zurich,sr:complex:60386
2093,sr:venue:66321,Match Court,Biel,Switzerland,CHE,Europe/Zurich,sr:complex:60386
2094,sr:venue:51485,Center,Hersonissos,Greece,GRC,Europe/Athens,sr:complex:60388
2095,sr:venue:58480,Court 20,Hersonissos,Greece,GRC,Europe/Athens,sr:complex:60388
2096,sr:venue:58482,Court 21,Hersonissos,Greece,GRC,Europe/Athens,sr:complex:60388
2097,sr:venue:87088,Court 17,Hersonissos,Greece,GRC,Europe/Athens,sr:complex:60388
2098,sr:venue:87090,Court 18,Hersonissos,Greece,GRC,Europe/Athens,sr:complex:60388
2099,sr:venue:88648,Center Court,Istanbul,Turkiye,TUR,Europe/Istanbul,sr:complex:60392
2100,sr:venue:88650,Court 1,Istanbul,Turkiye,TUR,Europe/Istanbul,sr:complex:60392
2101,sr:venue:88652,Court 2,Istanbul,Turkiye,TUR,Europe/Istanbul,sr:complex:60392
2102,sr:venue:88666,Court A,Istanbul,Turkiye,TUR,Europe/Istanbul,sr:complex:60392
2103,sr:venue:88668,Court B,Istanbul,Turkiye,TUR,Europe/Istanbul,sr:complex:60392
2104,sr:venue:1343,Court 2,Bucharest,Romania,ROU,Europe/Bucharest,sr:complex:60416
2105,sr:venue:1348,COURT 3,Bucharest,Romania,ROU,Europe/Bucharest,sr:complex:60416
2106,sr:venue:2087,Court 1,Bucharest,Romania,ROU,Europe/Bucharest,sr:complex:60416
2107,sr:venue:65939,Central Court,Bucharest,Romania,ROU,Europe/Bucharest,sr:complex:60416
2108,sr:venue:65941,Court 8,Bucharest,Romania,ROU,Europe/Bucharest,sr:complex:60416
2109,sr:venue:65943,Court 10,Bucharest,Romania,ROU,Europe/Bucharest,sr:complex:60416
2110,sr:venue:79791,Court 6,Bucharest,Romania,ROU,Europe/Bucharest,sr:complex:60416
2111,sr:venue:82419,National Tennis Center - Outdoor - Court 1,Bucharest,Romania,ROU,Europe/Bucharest,sr:complex:60416
2112,sr:venue:82453,Court 7,Bucharest,Romania,ROU,Europe/Bucharest,sr:complex:60416
2113,sr:venue:82455,Court 9,Bucharest,Romania,ROU,Europe/Bucharest,sr:complex:60416
2114,sr:venue:82457,National Tennis Center - Outdoor - Court 2,Bucharest,Romania,ROU,Europe/Bucharest,sr:complex:60416
2115,sr:venue:82459,National Tennis Center - Outdoor - Court 3,Bucharest,Romania,ROU,Europe/Bucharest,sr:complex:60416
2116,sr:venue:82461,National Tennis Center - Outdoor - Court 7,Bucharest,Romania,ROU,Europe/Bucharest,sr:complex:60416
2117,sr:venue:82463,National Tennis Center - Outdoor - Court 8,Bucharest,Romania,ROU,Europe/Bucharest,sr:complex:60416
2118,sr:venue:82465,National Tennis Center - Outdoor - Court 9,Bucharest,Romania,ROU,Europe/Bucharest,sr:complex:60416
2119,sr:venue:82479,National Tennis Center - Outdoor - Court 06,Bucharest,Romania,ROU,Europe/Bucharest,sr:complex:60416
2120,sr:venue:82981,National Tennis Center - Outdoor - Court 10,Bucharest,Romania,ROU,Europe/Bucharest,sr:complex:60416
2121,sr:venue:85818,National Tennis Center - Indoor - Court 02,Bucharest,Romania,ROU,Europe/Bucharest,sr:complex:60416
2122,sr:venue:85820,National Tennis Center - Indoor - Court 03,Bucharest,Romania,ROU,Europe/Bucharest,sr:complex:60416
2123,sr:venue:15317,Estadio 1. de Maio,Braga,Portugal,PRT,Europe/Lisbon,sr:complex:60418
2124,sr:venue:29200,Center Court,Braga,Portugal,PRT,Europe/Lisbon,sr:complex:60418
2125,sr:venue:29202,Court 1,Braga,Portugal,PRT,Europe/Lisbon,sr:complex:60418
2126,sr:venue:29204,Court 2,Braga,Portugal,PRT,Europe/Lisbon,sr:complex:60418
2127,sr:venue:39375,Court 3,Braga,Portugal,PRT,Europe/Lisbon,sr:complex:60418
2128,sr:venue:39397,Indoor 6,Braga,Portugal,PRT,Europe/Lisbon,sr:complex:60418
2129,sr:venue:39399,Indoor 5,Braga,Portugal,PRT,Europe/Lisbon,sr:complex:60418
2130,sr:venue:80277,Indoor 1,Braga,Portugal,PRT,Europe/Lisbon,sr:complex:60418
2131,sr:venue:80279,Indoor 2,Braga,Portugal,PRT,Europe/Lisbon,sr:complex:60418
2132,sr:venue:60424,Center Court,Ambato,Ecuador,ECU,America/Guayaquil,sr:complex:60420
2133,sr:venue:60426,Court 1,Ambato,Ecuador,ECU,America/Guayaquil,sr:complex:60420
2134,sr:venue:60428,Court 2,Ambato,Ecuador,ECU,America/Guayaquil,sr:complex:60420
2135,sr:venue:60430,Court 3,Ambato,Ecuador,ECU,America/Guayaquil,sr:complex:60420
2136,sr:venue:60466,Court 4,Ambato,Ecuador,ECU,America/Guayaquil,sr:complex:60420
2137,sr:venue:15016,Centre Court,Sibiu,Romania,ROU,Europe/Bucharest,sr:complex:60538
2138,sr:venue:15018,Court 5,Sibiu,Romania,ROU,Europe/Bucharest,sr:complex:60538
2139,sr:venue:15020,Court 6,Sibiu,Romania,ROU,Europe/Bucharest,sr:complex:60538
2140,sr:venue:15022,Court 8,Sibiu,Romania,ROU,Europe/Bucharest,sr:complex:60538
2141,sr:venue:18703,Court 7,Sibiu,Romania,ROU,Europe/Bucharest,sr:complex:60538
2142,sr:venue:60552,Barnes Stadium,"San Diego, CA",USA,USA,America/Los_Angeles,sr:complex:60540
2143,sr:venue:60554,Stadium 2,"San Diego, CA",USA,USA,America/Los_Angeles,sr:complex:60540
2144,sr:venue:64031,Court 1,"San Diego, CA",USA,USA,America/Los_Angeles,sr:complex:60540
2145,sr:venue:66055,Grandstand,"San Diego, CA",USA,USA,America/Los_Angeles,sr:complex:60540
2146,sr:venue:66651,Stadium Court,"San Diego, CA",USA,USA,America/Los_Angeles,sr:complex:60540
2147,sr:venue:66653,Hologic Court 2,"San Diego, CA",USA,USA,America/Los_Angeles,sr:complex:60540
2148,sr:venue:73869,Court 2,"San Diego, CA",USA,USA,America/Los_Angeles,sr:complex:60540
2149,sr:venue:86698,Court 3,"San Diego, CA",USA,USA,America/Los_Angeles,sr:complex:60540
2150,sr:venue:29710,Court 2,Naples,Italy,ITA,Europe/Rome,sr:complex:60640
2151,sr:venue:60680,Arena,Naples,Italy,ITA,Europe/Rome,sr:complex:60640
2152,sr:venue:60690,Campo D'Avalos,Naples,Italy,ITA,Europe/Rome,sr:complex:60640
2153,sr:venue:60692,Campo Fabrizio Gasparini,Naples,Italy,ITA,Europe/Rome,sr:complex:60640
2154,sr:venue:60694,Court 1,Naples,Italy,ITA,Europe/Rome,sr:complex:60640
2155,sr:venue:66881,TC Pozzuoli Court 1,Naples,Italy,ITA,Europe/Rome,sr:complex:60640
2156,sr:venue:66883,TC Pozzuoli Court 2,Naples,Italy,ITA,Europe/Rome,sr:complex:60640
2157,sr:venue:77201,Campo 2,Naples,Italy,ITA,Europe/Rome,sr:complex:60640
2158,sr:venue:82141,Centre Court,Naples,Italy,ITA,Europe/Rome,sr:complex:60640
2159,sr:venue:60862,Center Court,Naples,Italy,ITA,Europe/Rome,sr:complex:60860
2160,sr:venue:60864,Court 1,Naples,Italy,ITA,Europe/Rome,sr:complex:60860
2161,sr:venue:60866,Court 2,Naples,Italy,ITA,Europe/Rome,sr:complex:60860
2162,sr:venue:60884,Court 3,Naples,Italy,ITA,Europe/Rome,sr:complex:60860
2163,sr:venue:61050,Center Court,Santa Cruz de Tenerife,Spain,ESP,Europe/Madrid,sr:complex:61026
2164,sr:venue:61052,Court 2,Santa Cruz de Tenerife,Spain,ESP,Europe/Madrid,sr:complex:61026
2165,sr:venue:61054,Court 3,Santa Cruz de Tenerife,Spain,ESP,Europe/Madrid,sr:complex:61026
2166,sr:venue:61128,Court 1,Santa Cruz de Tenerife,Spain,ESP,Europe/Madrid,sr:complex:61026
2167,sr:venue:61387,Grandstand,Santa Cruz de Tenerife,Spain,ESP,Europe/Madrid,sr:complex:61026
2168,sr:venue:69563,Court 5,Santa Cruz de Tenerife,Spain,ESP,Europe/Madrid,sr:complex:61026
2169,sr:venue:69613,Court 6,Santa Cruz de Tenerife,Spain,ESP,Europe/Madrid,sr:complex:61026
2170,sr:venue:86792,Abama Arena,Santa Cruz de Tenerife,Spain,ESP,Europe/Madrid,sr:complex:61026
2171,sr:venue:86794,Court 4,Santa Cruz de Tenerife,Spain,ESP,Europe/Madrid,sr:complex:61026
2172,sr:venue:61012,Tennis Centar Punta,Losinj,Croatia,HRV,Europe/Zagreb,sr:complex:61028
2173,sr:venue:27127,Court 4,Bergamo,Italy,ITA,Europe/Rome,sr:complex:61333
2174,sr:venue:27295,PalaAgnelli,Bergamo,Italy,ITA,Europe/Rome,sr:complex:61333
2175,sr:venue:61371,Italcementi,Bergamo,Italy,ITA,Europe/Rome,sr:complex:61333
2176,sr:venue:67367,Palaintred,Bergamo,Italy,ITA,Europe/Rome,sr:complex:61333
2177,sr:venue:61395,Court 1,"Midland, Michigan",USA,USA,UTC,sr:complex:61339
2178,sr:venue:61397,Meredith McGrath Stadium Court,"Midland, Michigan",USA,USA,UTC,sr:complex:61339
2179,sr:venue:61399,Court 2,"Midland, Michigan",USA,USA,UTC,sr:complex:61339
2180,sr:venue:67397,Court 4,"Midland, Michigan",USA,USA,UTC,sr:complex:61339
2181,sr:venue:61465,Court Pierre Troisgros,Roanne,France,FRA,Europe/Paris,sr:complex:61425
2182,sr:venue:61467,Court 1,Roanne,France,FRA,Europe/Paris,sr:complex:61425
2183,sr:venue:61499,Centre Court,Turin,Italy,ITA,Europe/Rome,sr:complex:61437
2184,sr:venue:85454,Inalpi Arena,Turin,Italy,ITA,Europe/Rome,sr:complex:61437
2185,sr:venue:29206,Court 1,Brasilia,Brazil,BRA,Brazil/East,sr:complex:61551
2186,sr:venue:29208,Quadra 2,Brasilia,Brazil,BRA,Brazil/East,sr:complex:61551
2187,sr:venue:29210,Court 3,Brasilia,Brazil,BRA,Brazil/East,sr:complex:61551
2188,sr:venue:29212,Central,Brasilia,Brazil,BRA,Brazil/East,sr:complex:61551
2189,sr:venue:61625,Quadra 9,Brasilia,Brazil,BRA,Brazil/East,sr:complex:61551
2190,sr:venue:61637,Indoor 5,Brasilia,Brazil,BRA,Brazil/East,sr:complex:61551
2191,sr:venue:61639,Indoor 4,Brasilia,Brazil,BRA,Brazil/East,sr:complex:61551
2192,sr:venue:87094,Quadra 3,Brasilia,Brazil,BRA,Brazil/East,sr:complex:61551
2193,sr:venue:28179,Court 3,Manama,Bahrain,BHR,Asia/Bahrain,sr:complex:61553
2194,sr:venue:28181,Court 4,Manama,Bahrain,BHR,Asia/Bahrain,sr:complex:61553
2195,sr:venue:28183,Court 5,Manama,Bahrain,BHR,Asia/Bahrain,sr:complex:61553
2196,sr:venue:28185,Center Court,Manama,Bahrain,BHR,Asia/Bahrain,sr:complex:61553
2197,sr:venue:28187,Court 1,Manama,Bahrain,BHR,Asia/Bahrain,sr:complex:61553
2198,sr:venue:38754,Court 7,Manama,Bahrain,BHR,Asia/Bahrain,sr:complex:61553
2199,sr:venue:38756,Court CC,Manama,Bahrain,BHR,Asia/Bahrain,sr:complex:61553
2200,sr:venue:61603,Court 2,Manama,Bahrain,BHR,Asia/Bahrain,sr:complex:61553
2201,sr:venue:61557,Center Court,Bari,Italy,ITA,Europe/Rome,sr:complex:61555
2202,sr:venue:61559,Court 1,Bari,Italy,ITA,Europe/Rome,sr:complex:61555
2203,sr:venue:61561,Court 3,Bari,Italy,ITA,Europe/Rome,sr:complex:61555
2204,sr:venue:61563,Court 2,Bari,Italy,ITA,Europe/Rome,sr:complex:61555
2205,sr:venue:61659,Indoor Court,Bari,Italy,ITA,Europe/Rome,sr:complex:61555
2206,sr:venue:29062,Estadio Puerto Vallarta,Puerto Vallarta,Mexico,MEX,America/Mexico_City,sr:complex:61565
2207,sr:venue:29064,Cancha La Aficion,Puerto Vallarta,Mexico,MEX,America/Mexico_City,sr:complex:61565
2208,sr:venue:61567,Center Court,Puerto Vallarta,Mexico,MEX,America/Mexico_City,sr:complex:61565
2209,sr:venue:61571,Court 2,Puerto Vallarta,Mexico,MEX,America/Mexico_City,sr:complex:61565
2210,sr:venue:61573,Court 3,Puerto Vallarta,Mexico,MEX,America/Mexico_City,sr:complex:61565
2211,sr:venue:61631,Cancha 7,Puerto Vallarta,Mexico,MEX,America/Mexico_City,sr:complex:61565
2212,sr:venue:70141,Estadio Puerto Magico,Puerto Vallarta,Mexico,MEX,America/Mexico_City,sr:complex:61565
2213,sr:venue:70143,Cancha Vino America,Puerto Vallarta,Mexico,MEX,America/Mexico_City,sr:complex:61565
2214,sr:venue:53855,Center Court,Forli,Italy,ITA,Europe/Rome,sr:complex:61641
2215,sr:venue:53857,Grandstand,Forli,Italy,ITA,Europe/Rome,sr:complex:61641
2216,sr:venue:53917,Court 1,Forli,Italy,ITA,Europe/Rome,sr:complex:61641
2217,sr:venue:53919,Court 2,Forli,Italy,ITA,Europe/Rome,sr:complex:61641
2218,sr:venue:58760,Court 3,Forli,Italy,ITA,Europe/Rome,sr:complex:61641
2219,sr:venue:61839,Citta Di Forl√¨,Forli,Italy,ITA,Europe/Rome,sr:complex:61641
2220,sr:venue:61841,Gencom,Forli,Italy,ITA,Europe/Rome,sr:complex:61641
2221,sr:venue:3814,Centre Court 1,Sao Paulo,Brazil,BRA,America/Sao_Paulo,sr:complex:61643
2222,sr:venue:3816,Court 1,Sao Paulo,Brazil,BRA,America/Sao_Paulo,sr:complex:61643
2223,sr:venue:3818,Court 2,Sao Paulo,Brazil,BRA,America/Sao_Paulo,sr:complex:61643
2224,sr:venue:13840,Court 3,Sao Paulo,Brazil,BRA,America/Sao_Paulo,sr:complex:61643
2225,sr:venue:15660,Court 7,Sao Paulo,Brazil,BRA,America/Sao_Paulo,sr:complex:61643
2226,sr:venue:17801,Court 11,Sao Paulo,Brazil,BRA,America/Sao_Paulo,sr:complex:61643
2227,sr:venue:25872,Court 4,Sao Paulo,Brazil,BRA,America/Sao_Paulo,sr:complex:61643
2228,sr:venue:27403,Court 12,Sao Paulo,Brazil,BRA,America/Sao_Paulo,sr:complex:61643
2229,sr:venue:27405,Court 9,Sao Paulo,Brazil,BRA,America/Sao_Paulo,sr:complex:61643
2230,sr:venue:27407,Court 10,Sao Paulo,Brazil,BRA,America/Sao_Paulo,sr:complex:61643
2231,sr:venue:27409,Court 8,Sao Paulo,Brazil,BRA,America/Sao_Paulo,sr:complex:61643
2232,sr:venue:27411,Court 13,Sao Paulo,Brazil,BRA,America/Sao_Paulo,sr:complex:61643
2233,sr:venue:27581,Centre Court,Sao Paulo,Brazil,BRA,America/Sao_Paulo,sr:complex:61643
2234,sr:venue:38613,Court 14,Sao Paulo,Brazil,BRA,America/Sao_Paulo,sr:complex:61643
2235,sr:venue:46950,Quadra 13,Sao Paulo,Brazil,BRA,America/Sao_Paulo,sr:complex:61643
2236,sr:venue:46968,Quadra 14,Sao Paulo,Brazil,BRA,America/Sao_Paulo,sr:complex:61643
2237,sr:venue:46994,Quadra 8,Sao Paulo,Brazil,BRA,America/Sao_Paulo,sr:complex:61643
2238,sr:venue:47372,Quadra 3,Sao Paulo,Brazil,BRA,America/Sao_Paulo,sr:complex:61643
2239,sr:venue:21754,Center Court,Antalya,Turkiye,TUR,Europe/Istanbul,sr:complex:61645
2240,sr:venue:23014,Court 5,Antalya,Turkiye,TUR,Europe/Istanbul,sr:complex:61645
2241,sr:venue:23032,Court 6,Antalya,Turkiye,TUR,Europe/Istanbul,sr:complex:61645
2242,sr:venue:23048,Court 4,Antalya,Turkiye,TUR,Europe/Istanbul,sr:complex:61645
2243,sr:venue:23112,Court 9,Antalya,Turkiye,TUR,Europe/Istanbul,sr:complex:61645
2244,sr:venue:23114,Court 2,Antalya,Turkiye,TUR,Europe/Istanbul,sr:complex:61645
2245,sr:venue:23120,Court 8,Antalya,Turkiye,TUR,Europe/Istanbul,sr:complex:61645
2246,sr:venue:23126,Court 11,Antalya,Turkiye,TUR,Europe/Istanbul,sr:complex:61645
2247,sr:venue:23128,Court 10,Antalya,Turkiye,TUR,Europe/Istanbul,sr:complex:61645
2248,sr:venue:23948,Court 16,Antalya,Turkiye,TUR,Europe/Istanbul,sr:complex:61645
2249,sr:venue:23950,Court 13,Antalya,Turkiye,TUR,Europe/Istanbul,sr:complex:61645
2250,sr:venue:25480,Court 7,Antalya,Turkiye,TUR,Europe/Istanbul,sr:complex:61645
2251,sr:venue:49771,Court 22,Antalya,Turkiye,TUR,Europe/Istanbul,sr:complex:61645
2252,sr:venue:49773,Court 17,Antalya,Turkiye,TUR,Europe/Istanbul,sr:complex:61645
2253,sr:venue:49775,Court 20,Antalya,Turkiye,TUR,Europe/Istanbul,sr:complex:61645
2254,sr:venue:49777,Court 21,Antalya,Turkiye,TUR,Europe/Istanbul,sr:complex:61645
2255,sr:venue:56904,Court 1,Antalya,Turkiye,TUR,Europe/Istanbul,sr:complex:61645
2256,sr:venue:56910,Court 3,Antalya,Turkiye,TUR,Europe/Istanbul,sr:complex:61645
2257,sr:venue:57018,Court 14,Antalya,Turkiye,TUR,Europe/Istanbul,sr:complex:61645
2258,sr:venue:57026,Court 23,Antalya,Turkiye,TUR,Europe/Istanbul,sr:complex:61645
2259,sr:venue:57028,Court 24,Antalya,Turkiye,TUR,Europe/Istanbul,sr:complex:61645
2260,sr:venue:28802,Court 3,Angers,France,FRA,Europe/Paris,sr:complex:61707
2261,sr:venue:28804,Court Central,Angers,France,FRA,Europe/Paris,sr:complex:61707
2262,sr:venue:28810,Court 7,Angers,France,FRA,Europe/Paris,sr:complex:61707
2263,sr:venue:39177,Court 4,Angers,France,FRA,Europe/Paris,sr:complex:61707
2264,sr:venue:39185,Court 5,Angers,France,FRA,Europe/Paris,sr:complex:61707
2265,sr:venue:39209,Centre Court,Angers,France,FRA,Europe/Paris,sr:complex:61707
2266,sr:venue:57982,Court 6,Angers,France,FRA,Europe/Paris,sr:complex:61707
2267,sr:venue:61741,Court 1,Rio de Janeiro,Brazil,BRA,Brazil/East,sr:complex:61737
2268,sr:venue:61743,Court 2,Rio de Janeiro,Brazil,BRA,Brazil/East,sr:complex:61737
2269,sr:venue:1352,Court 11,Seoul,Republic of Korea,KOR,Asia/Seoul,sr:complex:61761
2270,sr:venue:2687,Indoor 5,Seoul,Republic of Korea,KOR,Asia/Seoul,sr:complex:61761
2271,sr:venue:2689,Indoor 7,Seoul,Republic of Korea,KOR,Asia/Seoul,sr:complex:61761
2272,sr:venue:2691,Indoor 8,Seoul,Republic of Korea,KOR,Asia/Seoul,sr:complex:61761
2273,sr:venue:14944,Court 4,Seoul,Republic of Korea,KOR,Asia/Seoul,sr:complex:61761
2274,sr:venue:14956,Centre Court,Seoul,Republic of Korea,KOR,Asia/Seoul,sr:complex:61761
2275,sr:venue:16131,Court 3,Seoul,Republic of Korea,KOR,Asia/Seoul,sr:complex:61761
2276,sr:venue:34576,Indoor C5,Seoul,Republic of Korea,KOR,Asia/Seoul,sr:complex:61761
2277,sr:venue:34578,Indoor 6,Seoul,Republic of Korea,KOR,Asia/Seoul,sr:complex:61761
2278,sr:venue:79921,Grandstand,Seoul,Republic of Korea,KOR,Asia/Seoul,sr:complex:61761
2279,sr:venue:79923,Court 1,Seoul,Republic of Korea,KOR,Asia/Seoul,sr:complex:61761
2280,sr:venue:62189,Stadium,"Dallas, TX",USA,USA,America/Chicago,sr:complex:62147
2281,sr:venue:62191,Grandstand,"Dallas, TX",USA,USA,America/Chicago,sr:complex:62147
2282,sr:venue:86140,Styslinger / Altec Tennis Complex (at SMU) - Court 01,"Dallas, TX",USA,USA,America/Chicago,sr:complex:62147
2283,sr:venue:86142,Styslinger / Altec Tennis Complex (at SMU) - Court 02,"Dallas, TX",USA,USA,America/Chicago,sr:complex:62147
2284,sr:venue:86144,Styslinger / Altec Tennis Complex (at SMU) - Court 03,"Dallas, TX",USA,USA,America/Chicago,sr:complex:62147
2285,sr:venue:86146,Styslinger / Altec Tennis Complex (at SMU) - Court 05,"Dallas, TX",USA,USA,America/Chicago,sr:complex:62147
2286,sr:venue:1389,Court 1,Moscow,Russia,RUS,Europe/Moscow,sr:complex:62319
2287,sr:venue:1390,Court 2,Moscow,Russia,RUS,Europe/Moscow,sr:complex:62319
2288,sr:venue:1391,Court 3,Moscow,Russia,RUS,Europe/Moscow,sr:complex:62319
2289,sr:venue:16279,Court 9,Moscow,Russia,RUS,Europe/Moscow,sr:complex:62319
2290,sr:venue:22390,Court 5,Moscow,Russia,RUS,Europe/Moscow,sr:complex:62319
2291,sr:venue:22394,Court 8,Moscow,Russia,RUS,Europe/Moscow,sr:complex:62319
2292,sr:venue:22396,Court 11,Moscow,Russia,RUS,Europe/Moscow,sr:complex:62319
2293,sr:venue:22400,Court 4,Moscow,Russia,RUS,Europe/Moscow,sr:complex:62319
2294,sr:venue:22404,Court 10,Moscow,Russia,RUS,Europe/Moscow,sr:complex:62319
2295,sr:venue:22420,Court 12,Moscow,Russia,RUS,Europe/Moscow,sr:complex:62319
2296,sr:venue:22428,Court 7,Moscow,Russia,RUS,Europe/Moscow,sr:complex:62319
2297,sr:venue:22430,Court 6,Moscow,Russia,RUS,Europe/Moscow,sr:complex:62319
2298,sr:venue:22674,Court 10,Moscow,Russia,RUS,Europe/Moscow,sr:complex:62319
2299,sr:venue:61006,Central Court,Moscow,Russia,RUS,Europe/Moscow,sr:complex:62319
2300,sr:venue:22296,Court 4,Las Palmas de Gran Canaria,Spain,ESP,Europe/Madrid,sr:complex:62321
2301,sr:venue:22298,Court 5,Las Palmas de Gran Canaria,Spain,ESP,Europe/Madrid,sr:complex:62321
2302,sr:venue:22554,Court Center,Las Palmas de Gran Canaria,Spain,ESP,Europe/Madrid,sr:complex:62321
2303,sr:venue:32565,Court 2,Las Palmas de Gran Canaria,Spain,ESP,Europe/Madrid,sr:complex:62321
2304,sr:venue:56408,Court 3,Las Palmas de Gran Canaria,Spain,ESP,Europe/Madrid,sr:complex:62321
2305,sr:venue:57254,Grandstand,Las Palmas de Gran Canaria,Spain,ESP,Europe/Madrid,sr:complex:62321
2306,sr:venue:58190,Court 1,Las Palmas de Gran Canaria,Spain,ESP,Europe/Madrid,sr:complex:62321
2307,sr:venue:16071,Campo Centrale,Turin,Italy,ITA,Europe/Rome,sr:complex:62323
2308,sr:venue:62325,Court 1,Turin,Italy,ITA,Europe/Rome,sr:complex:62323
2309,sr:venue:62327,Campo 2,Turin,Italy,ITA,Europe/Rome,sr:complex:62323
2310,sr:venue:62329,Court 3,Turin,Italy,ITA,Europe/Rome,sr:complex:62323
2311,sr:venue:62331,Campo 4,Turin,Italy,ITA,Europe/Rome,sr:complex:62323
2312,sr:venue:71105,Campo 5,Turin,Italy,ITA,Europe/Rome,sr:complex:62323
2313,sr:venue:71183,Campo 9,Turin,Italy,ITA,Europe/Rome,sr:complex:62323
2314,sr:venue:71215,Indoor 1,Turin,Italy,ITA,Europe/Rome,sr:complex:62323
2315,sr:venue:71217,Indoor 2,Turin,Italy,ITA,Europe/Rome,sr:complex:62323
2316,sr:venue:77903,Campo 3,Turin,Italy,ITA,Europe/Rome,sr:complex:62323
2317,sr:venue:21990,Court 1,Nonthaburi,Thailand,THA,Asia/Bangkok,sr:complex:62401
2318,sr:venue:22030,Court A,Nonthaburi,Thailand,THA,Asia/Bangkok,sr:complex:62401
2319,sr:venue:22050,Court 8,Nonthaburi,Thailand,THA,Asia/Bangkok,sr:complex:62401
2320,sr:venue:22192,Court 3,Nonthaburi,Thailand,THA,Asia/Bangkok,sr:complex:62401
2321,sr:venue:31239,Court 2,Nonthaburi,Thailand,THA,Asia/Bangkok,sr:complex:62401
2322,sr:venue:65767,Center Court,Nonthaburi,Thailand,THA,Asia/Bangkok,sr:complex:62401
2323,sr:venue:75829,Court B,Nonthaburi,Thailand,THA,Asia/Bangkok,sr:complex:62401
2324,sr:venue:62411,Center Court,Roseto Degli Abruzzi,Italy,ITA,Europe/Rome,sr:complex:62409
2325,sr:venue:62413,Court 1,Roseto Degli Abruzzi,Italy,ITA,Europe/Rome,sr:complex:62409
2326,sr:venue:62415,Court 2,Roseto Degli Abruzzi,Italy,ITA,Europe/Rome,sr:complex:62409
2327,sr:venue:62417,Court 3,Roseto Degli Abruzzi,Italy,ITA,Europe/Rome,sr:complex:62409
2328,sr:venue:1602,Cancha Central,Santiago,Chile,CHL,America/Santiago,sr:complex:62419
2329,sr:venue:1603,Court 2,Santiago,Chile,CHL,America/Santiago,sr:complex:62419
2330,sr:venue:1604,Cancha 4,Santiago,Chile,CHL,America/Santiago,sr:complex:62419
2331,sr:venue:1605,Cancha 6,Santiago,Chile,CHL,America/Santiago,sr:complex:62419
2332,sr:venue:2233,Cancha 14,Santiago,Chile,CHL,America/Santiago,sr:complex:62419
2333,sr:venue:2234,Cancha 16,Santiago,Chile,CHL,America/Santiago,sr:complex:62419
2334,sr:venue:2235,Cancha 17,Santiago,Chile,CHL,America/Santiago,sr:complex:62419
2335,sr:venue:13830,Cancha 1,Santiago,Chile,CHL,America/Santiago,sr:complex:62419
2336,sr:venue:13832,Cancha 3,Santiago,Chile,CHL,America/Santiago,sr:complex:62419
2337,sr:venue:15858,Centre Court,Santiago,Chile,CHL,America/Santiago,sr:complex:62419
2338,sr:venue:15860,Court 16,Santiago,Chile,CHL,America/Santiago,sr:complex:62419
2339,sr:venue:15862,Court 15,Santiago,Chile,CHL,America/Santiago,sr:complex:62419
2340,sr:venue:15864,Court 11,Santiago,Chile,CHL,America/Santiago,sr:complex:62419
2341,sr:venue:25740,Court 4,Santiago,Chile,CHL,America/Santiago,sr:complex:62419
2342,sr:venue:26188,Central,Santiago,Chile,CHL,America/Santiago,sr:complex:62419
2343,sr:venue:35892,Court 6,Santiago,Chile,CHL,America/Santiago,sr:complex:62419
2344,sr:venue:35916,Court 7,Santiago,Chile,CHL,America/Santiago,sr:complex:62419
2345,sr:venue:35918,Court 8,Santiago,Chile,CHL,America/Santiago,sr:complex:62419
2346,sr:venue:57598,Cancha 11,Santiago,Chile,CHL,America/Santiago,sr:complex:62419
2347,sr:venue:2403,Estadio Hernan Ramirez Villegas,Pereira,Colombia,COL,America/Bogota,sr:complex:62595
2348,sr:venue:62597,Cancha 1,Pereira,Colombia,COL,America/Bogota,sr:complex:62595
2349,sr:venue:62599,Cancha 2,Pereira,Colombia,COL,America/Bogota,sr:complex:62595
2350,sr:venue:62601,Cancha 3,Pereira,Colombia,COL,America/Bogota,sr:complex:62595
2351,sr:venue:62603,Cancha 4,Pereira,Colombia,COL,America/Bogota,sr:complex:62595
2352,sr:venue:62605,Estadio,Pereira,Colombia,COL,America/Bogota,sr:complex:62595
2353,sr:venue:62607,Cancha Central,Pereira,Colombia,COL,America/Bogota,sr:complex:62595
2354,sr:venue:62609,Campo 1,Pereira,Colombia,COL,America/Bogota,sr:complex:62595
2355,sr:venue:62611,Campo 2,Pereira,Colombia,COL,America/Bogota,sr:complex:62595
2356,sr:venue:62613,Campo 3,Pereira,Colombia,COL,America/Bogota,sr:complex:62595
2357,sr:venue:62615,Campo 4,Pereira,Colombia,COL,America/Bogota,sr:complex:62595
2358,sr:venue:62703,Cancha Santiago Giraldo,Pereira,Colombia,COL,America/Bogota,sr:complex:62595
2359,sr:venue:5660,Corner Arena,Lugano,Switzerland,CHE,Europe/Zurich,sr:complex:62617
2360,sr:venue:28539,Centrale,Lugano,Switzerland,CHE,Europe/Zurich,sr:complex:62617
2361,sr:venue:28541,Campo 1,Lugano,Switzerland,CHE,Europe/Zurich,sr:complex:62617
2362,sr:venue:28543,Court 2,Lugano,Switzerland,CHE,Europe/Zurich,sr:complex:62617
2363,sr:venue:28591,Court 3,Lugano,Switzerland,CHE,Europe/Zurich,sr:complex:62617
2364,sr:venue:28593,Court 4,Lugano,Switzerland,CHE,Europe/Zurich,sr:complex:62617
2365,sr:venue:28599,Court 5,Lugano,Switzerland,CHE,Europe/Zurich,sr:complex:62617
2366,sr:venue:28613,TC Cureglia Court 1,Lugano,Switzerland,CHE,Europe/Zurich,sr:complex:62617
2367,sr:venue:28615,TC Cureglia Court 2,Lugano,Switzerland,CHE,Europe/Zurich,sr:complex:62617
2368,sr:venue:39006,Indoor 2,Lugano,Switzerland,CHE,Europe/Zurich,sr:complex:62617
2369,sr:venue:39008,Indoor 1,Lugano,Switzerland,CHE,Europe/Zurich,sr:complex:62617
2370,sr:venue:38818,Court Marc Gicquel,Saint-Brieuc,France,FRA,Europe/Paris,sr:complex:62619
2371,sr:venue:62621,Center Court,Saint-Brieuc,France,FRA,Europe/Paris,sr:complex:62619
2372,sr:venue:62623,Court 1,Saint-Brieuc,France,FRA,Europe/Paris,sr:complex:62619
2373,sr:venue:62625,Court 2,Saint-Brieuc,France,FRA,Europe/Paris,sr:complex:62619
2374,sr:venue:62627,Court 3,Saint-Brieuc,France,FRA,Europe/Paris,sr:complex:62619
2375,sr:venue:62629,Court 4,Saint-Brieuc,France,FRA,Europe/Paris,sr:complex:62619
2376,sr:venue:28521,Estadio Rafael Osuna,Mexico City,Mexico,MEX,America/Mexico_City,sr:complex:62811
2377,sr:venue:28523,Grandstand,Mexico City,Mexico,MEX,America/Mexico_City,sr:complex:62811
2378,sr:venue:29414,Estadio,Mexico City,Mexico,MEX,America/Mexico_City,sr:complex:62811
2379,sr:venue:62813,Central,Mexico City,Mexico,MEX,America/Mexico_City,sr:complex:62811
2380,sr:venue:62815,Cancha 1,Mexico City,Mexico,MEX,America/Mexico_City,sr:complex:62811
2381,sr:venue:62817,Cancha 2,Mexico City,Mexico,MEX,America/Mexico_City,sr:complex:62811
2382,sr:venue:62819,Cancha 3,Mexico City,Mexico,MEX,America/Mexico_City,sr:complex:62811
2383,sr:venue:62821,Cancha 4,Mexico City,Mexico,MEX,America/Mexico_City,sr:complex:62811
2384,sr:venue:57984,Central,Salinas,Ecuador,ECU,America/Guayaquil,sr:complex:62823
2385,sr:venue:57986,Cancha 3,Salinas,Ecuador,ECU,America/Guayaquil,sr:complex:62823
2386,sr:venue:57988,Cancha 4,Salinas,Ecuador,ECU,America/Guayaquil,sr:complex:62823
2387,sr:venue:58196,Cancha 5,Salinas,Ecuador,ECU,America/Guayaquil,sr:complex:62823
2388,sr:venue:58310,Court 3,Salinas,Ecuador,ECU,America/Guayaquil,sr:complex:62823
2389,sr:venue:58312,Court 4,Salinas,Ecuador,ECU,America/Guayaquil,sr:complex:62823
2390,sr:venue:58314,Court 5,Salinas,Ecuador,ECU,America/Guayaquil,sr:complex:62823
2391,sr:venue:58316,Cancha Central,Salinas,Ecuador,ECU,America/Guayaquil,sr:complex:62823
2392,sr:venue:58318,Court 1,Salinas,Ecuador,ECU,America/Guayaquil,sr:complex:62823
2393,sr:venue:62433,Cancha 1,Salinas,Ecuador,ECU,America/Guayaquil,sr:complex:62823
2394,sr:venue:62435,Cancha 2,Salinas,Ecuador,ECU,America/Guayaquil,sr:complex:62823
2395,sr:venue:72587,Cancha Central A. Gomez,Salinas,Ecuador,ECU,America/Guayaquil,sr:complex:62823
2396,sr:venue:72589,Cancha N. Lapenti,Salinas,Ecuador,ECU,America/Guayaquil,sr:complex:62823
2397,sr:venue:72591,Cancha R. Viver,Salinas,Ecuador,ECU,America/Guayaquil,sr:complex:62823
2398,sr:venue:72593,Cancha P. Segura,Salinas,Ecuador,ECU,America/Guayaquil,sr:complex:62823
2399,sr:venue:62849,Court 6,Sanremo,Italy,ITA,Europe/Rome,sr:complex:62847
2400,sr:venue:62851,Court 5,Sanremo,Italy,ITA,Europe/Rome,sr:complex:62847
2401,sr:venue:62853,Center Court,Sanremo,Italy,ITA,Europe/Rome,sr:complex:62847
2402,sr:venue:70549,Centrale,Sanremo,Italy,ITA,Europe/Rome,sr:complex:62847
2403,sr:venue:70551,Campo 1,Sanremo,Italy,ITA,Europe/Rome,sr:complex:62847
2404,sr:venue:70553,Campo 2,Sanremo,Italy,ITA,Europe/Rome,sr:complex:62847
2405,sr:venue:1737,Court Central,Monte Carlo,Monaco,MCO,Europe/Paris,sr:complex:62903
2406,sr:venue:1738,Court Des Princes,Monte Carlo,Monaco,MCO,Europe/Paris,sr:complex:62903
2407,sr:venue:1739,EA de Massy,Monte Carlo,Monaco,MCO,Europe/Paris,sr:complex:62903
2408,sr:venue:1740,Court 9,Monte Carlo,Monaco,MCO,Europe/Paris,sr:complex:62903
2409,sr:venue:1753,Court 11,Monte Carlo,Monaco,MCO,Europe/Paris,sr:complex:62903
2410,sr:venue:6228,Court 14,Monte Carlo,Monaco,MCO,Europe/Paris,sr:complex:62903
2411,sr:venue:18055,Court Rainier III,Monte Carlo,Monaco,MCO,Europe/Paris,sr:complex:62903
2412,sr:venue:57918,Court 7,Monte Carlo,Monaco,MCO,Europe/Paris,sr:complex:62903
2413,sr:venue:57920,Court 13,Monte Carlo,Monaco,MCO,Europe/Paris,sr:complex:62903
2414,sr:venue:13846,Center,Sarasota,USA,USA,America/New_York,sr:complex:62905
2415,sr:venue:13848,Court 4,Sarasota,USA,USA,America/New_York,sr:complex:62905
2416,sr:venue:13850,Court 5,Sarasota,USA,USA,America/New_York,sr:complex:62905
2417,sr:venue:16044,Court 9,Sarasota,USA,USA,America/New_York,sr:complex:62905
2418,sr:venue:18051,Court 2,Sarasota,USA,USA,America/New_York,sr:complex:62905
2419,sr:venue:18053,Court 3,Sarasota,USA,USA,America/New_York,sr:complex:62905
2420,sr:venue:19907,Court 8,Sarasota,USA,USA,America/New_York,sr:complex:62905
2421,sr:venue:28713,Court 7,Sarasota,USA,USA,America/New_York,sr:complex:62905
2422,sr:venue:28715,Court 1,Sarasota,USA,USA,America/New_York,sr:complex:62905
2423,sr:venue:39111,Elizabeth Moore Court,Sarasota,USA,USA,America/New_York,sr:complex:62905
2424,sr:venue:62951,Remington Reynolds Court,Sarasota,USA,USA,America/New_York,sr:complex:62905
2425,sr:venue:70715,Nick Bollettieri Court,Sarasota,USA,USA,America/New_York,sr:complex:62905
2426,sr:venue:70721,Court 10,Sarasota,USA,USA,America/New_York,sr:complex:62905
2427,sr:venue:18057,Campo 5,Barletta,Italy,ITA,Europe/Rome,sr:complex:62907
2428,sr:venue:39419,Center,Barletta,Italy,ITA,Europe/Rome,sr:complex:62907
2429,sr:venue:39421,Court 3,Barletta,Italy,ITA,Europe/Rome,sr:complex:62907
2430,sr:venue:39423,Court 4,Barletta,Italy,ITA,Europe/Rome,sr:complex:62907
2431,sr:venue:39431,Grand Stand,Barletta,Italy,ITA,Europe/Rome,sr:complex:62907
2432,sr:venue:39469,Indoor Angiulli Bari1,Barletta,Italy,ITA,Europe/Rome,sr:complex:62907
2433,sr:venue:39471,Indoor Angiulli Bari2,Barletta,Italy,ITA,Europe/Rome,sr:complex:62907
2434,sr:venue:39473,Indoor Angiulli Bari3,Barletta,Italy,ITA,Europe/Rome,sr:complex:62907
2435,sr:venue:59904,Campo 1,Barletta,Italy,ITA,Europe/Rome,sr:complex:62907
2436,sr:venue:59906,Campo 2,Barletta,Italy,ITA,Europe/Rome,sr:complex:62907
2437,sr:venue:62955,Court 5,Barletta,Italy,ITA,Europe/Rome,sr:complex:62907
2438,sr:venue:62957,Court 1,Barletta,Italy,ITA,Europe/Rome,sr:complex:62907
2439,sr:venue:62959,Court 2,Barletta,Italy,ITA,Europe/Rome,sr:complex:62907
2440,sr:venue:82293,Indoor,Barletta,Italy,ITA,Europe/Rome,sr:complex:62907
2441,sr:venue:82295,Sporting 2,Barletta,Italy,ITA,Europe/Rome,sr:complex:62907
2442,sr:venue:87604,Campo indoor Montefalcone,Barletta,Italy,ITA,Europe/Rome,sr:complex:62907
2443,sr:venue:87610,Campo 2 indoor Montefalcone,Barletta,Italy,ITA,Europe/Rome,sr:complex:62907
2444,sr:venue:63035,Center Court,Aguascalientes,Mexico,MEX,America/Mexico_City,sr:complex:63033
2445,sr:venue:63037,Court 1,Aguascalientes,Mexico,MEX,America/Mexico_City,sr:complex:63033
2446,sr:venue:63039,Court 2,Aguascalientes,Mexico,MEX,America/Mexico_City,sr:complex:63033
2447,sr:venue:63041,Court 3,Aguascalientes,Mexico,MEX,America/Mexico_City,sr:complex:63033
2448,sr:venue:63043,Court 4,Aguascalientes,Mexico,MEX,America/Mexico_City,sr:complex:63033
2449,sr:venue:63045,Cancha Central,Aguascalientes,Mexico,MEX,America/Mexico_City,sr:complex:63033
2450,sr:venue:63047,Cancha 1,Aguascalientes,Mexico,MEX,America/Mexico_City,sr:complex:63033
2451,sr:venue:63049,Cancha 2,Aguascalientes,Mexico,MEX,America/Mexico_City,sr:complex:63033
2452,sr:venue:63051,Cancha 3,Aguascalientes,Mexico,MEX,America/Mexico_City,sr:complex:63033
2453,sr:venue:63053,Cancha 4,Aguascalientes,Mexico,MEX,America/Mexico_City,sr:complex:63033
2454,sr:venue:54027,OTP Court,Split,Croatia,HRV,Europe/Zagreb,sr:complex:63055
2455,sr:venue:57826,Center Court,Split,Croatia,HRV,Europe/Zagreb,sr:complex:63055
2456,sr:venue:57828,Court 3,Split,Croatia,HRV,Europe/Zagreb,sr:complex:63055
2457,sr:venue:57830,Court 4,Split,Croatia,HRV,Europe/Zagreb,sr:complex:63055
2458,sr:venue:63205,Court 1,Split,Croatia,HRV,Europe/Zagreb,sr:complex:63055
2459,sr:venue:63207,Court 2,Split,Croatia,HRV,Europe/Zagreb,sr:complex:63055
2460,sr:venue:63253,Practice 1,Split,Croatia,HRV,Europe/Zagreb,sr:complex:63055
2461,sr:venue:87494,Stadion Mile Moralic,Split,Croatia,HRV,Europe/Zagreb,sr:complex:63055
2462,sr:venue:13918,Center,"Tallahassee, FL",USA,USA,America/New_York,sr:complex:63057
2463,sr:venue:13920,Court 1,"Tallahassee, FL",USA,USA,America/New_York,sr:complex:63057
2464,sr:venue:13924,Court 4,"Tallahassee, FL",USA,USA,America/New_York,sr:complex:63057
2465,sr:venue:13946,Court 3,"Tallahassee, FL",USA,USA,America/New_York,sr:complex:63057
2466,sr:venue:19925,Stadium Court,"Tallahassee, FL",USA,USA,America/New_York,sr:complex:63057
2467,sr:venue:26248,Court 5,"Tallahassee, FL",USA,USA,America/New_York,sr:complex:63057
2468,sr:venue:49171,Court 2,"Tallahassee, FL",USA,USA,America/New_York,sr:complex:63057
2469,sr:venue:51857,Gene Cox Stadium,"Tallahassee, FL",USA,USA,America/New_York,sr:complex:63057
2470,sr:venue:1940,Center Court,Istanbul,Turkiye,TUR,Europe/Istanbul,sr:complex:63059
2471,sr:venue:1941,Court A,Istanbul,Turkiye,TUR,Europe/Istanbul,sr:complex:63059
2472,sr:venue:1942,Court B,Istanbul,Turkiye,TUR,Europe/Istanbul,sr:complex:63059
2473,sr:venue:1951,Court C,Istanbul,Turkiye,TUR,Europe/Istanbul,sr:complex:63059
2474,sr:venue:14904,Court 6,Istanbul,Turkiye,TUR,Europe/Istanbul,sr:complex:63059
2475,sr:venue:16814,Court Steigenberger,Istanbul,Turkiye,TUR,Europe/Istanbul,sr:complex:63059
2476,sr:venue:22572,Court 7,Istanbul,Turkiye,TUR,Europe/Istanbul,sr:complex:63059
2477,sr:venue:34404,Indoor 3,Istanbul,Turkiye,TUR,Europe/Istanbul,sr:complex:63059
2478,sr:venue:34406,Indoor 2,Istanbul,Turkiye,TUR,Europe/Istanbul,sr:complex:63059
2479,sr:venue:39085,Pamukspor 1,Istanbul,Turkiye,TUR,Europe/Istanbul,sr:complex:63059
2480,sr:venue:55233,Indoor 1,Istanbul,Turkiye,TUR,Europe/Istanbul,sr:complex:63059
2481,sr:venue:60286,Court 9,Istanbul,Turkiye,TUR,Europe/Istanbul,sr:complex:63059
2482,sr:venue:60348,Court 9,Istanbul,Turkiye,TUR,Europe/Istanbul,sr:complex:63059
2483,sr:venue:77483,Centre Court,Ostrava,Czechia,CZE,Europe/Prague,sr:complex:63245
2484,sr:venue:77485,Court 3,Ostrava,Czechia,CZE,Europe/Prague,sr:complex:63245
2485,sr:venue:77487,Court 4,Ostrava,Czechia,CZE,Europe/Prague,sr:complex:63245
2486,sr:venue:1763,Center Court,Rome,Italy,ITA,Europe/Rome,sr:complex:63247
2487,sr:venue:18169,Campo 3,Rome,Italy,ITA,Europe/Rome,sr:complex:63247
2488,sr:venue:18173,Campo 5,Rome,Italy,ITA,Europe/Rome,sr:complex:63247
2489,sr:venue:29194,Court 4,Rome,Italy,ITA,Europe/Rome,sr:complex:63247
2490,sr:venue:29262,Campo Centrale,Rome,Italy,ITA,Europe/Rome,sr:complex:63247
2491,sr:venue:29518,Court 3 Banco del Fucino,Rome,Italy,ITA,Europe/Rome,sr:complex:63247
2492,sr:venue:77469,FUSP Center Court,Rome,Italy,ITA,Europe/Rome,sr:complex:63247
2493,sr:venue:77471,Decathlon Court,Rome,Italy,ITA,Europe/Rome,sr:complex:63247
2494,sr:venue:77473,SICEurope Court,Rome,Italy,ITA,Europe/Rome,sr:complex:63247
2495,sr:venue:87738,Court Banca del Fucino (5),Rome,Italy,ITA,Europe/Rome,sr:complex:63247
2496,sr:venue:87740,Center Court Decathlon,Rome,Italy,ITA,Europe/Rome,sr:complex:63247
2497,sr:venue:87742,Court Sic Europe (3),Rome,Italy,ITA,Europe/Rome,sr:complex:63247
2498,sr:venue:13874,Court 6,Savannah,USA,USA,America/New_York,sr:complex:63249
2499,sr:venue:13876,Court 16,Savannah,USA,USA,America/New_York,sr:complex:63249
2500,sr:venue:20031,Court 15,Savannah,USA,USA,America/New_York,sr:complex:63249
2501,sr:venue:29060,Savannah Toyota Court,Savannah,USA,USA,America/New_York,sr:complex:63249
2502,sr:venue:32421,The Landings Club,Savannah,USA,USA,America/New_York,sr:complex:63249
2503,sr:venue:63251,Center Court,Savannah,USA,USA,America/New_York,sr:complex:63249
2504,sr:venue:63273,Landings Company Court,Savannah,USA,USA,America/New_York,sr:complex:63249
2505,sr:venue:70873,Atlantic Radiology Court,Savannah,USA,USA,America/New_York,sr:complex:63249
2506,sr:venue:34544,Court 6,Saint Malo,France,FRA,Europe/Paris,sr:complex:63309
2507,sr:venue:46324,Court 1,Saint Malo,France,FRA,Europe/Paris,sr:complex:63309
2508,sr:venue:46326,Court 2,Saint Malo,France,FRA,Europe/Paris,sr:complex:63309
2509,sr:venue:53391,Court Central,Saint Malo,France,FRA,Europe/Paris,sr:complex:63309
2510,sr:venue:53409,Court 4,Saint Malo,France,FRA,Europe/Paris,sr:complex:63309
2511,sr:venue:77559,Indoor Central,Saint Malo,France,FRA,Europe/Paris,sr:complex:63309
2512,sr:venue:77561,Indoor 1,Saint Malo,France,FRA,Europe/Paris,sr:complex:63309
2513,sr:venue:77563,Indoor 2,Saint Malo,France,FRA,Europe/Paris,sr:complex:63309
2514,sr:venue:63313,Centre Court,Mauthausen,Austria,AUT,Europe/Vienna,sr:complex:63311
2515,sr:venue:63315,Court 1,Mauthausen,Austria,AUT,Europe/Vienna,sr:complex:63311
2516,sr:venue:63317,Court 2,Mauthausen,Austria,AUT,Europe/Vienna,sr:complex:63311
2517,sr:venue:63319,Cancha 3,Mauthausen,Austria,AUT,Europe/Vienna,sr:complex:63311
2518,sr:venue:82491,Stadium,Mauthausen,Austria,AUT,Europe/Vienna,sr:complex:63311
2519,sr:venue:18161,Court 1,Aix-en-Provence,France,FRA,Europe/Paris,sr:complex:63321
2520,sr:venue:18163,Court 3,Aix-en-Provence,France,FRA,Europe/Paris,sr:complex:63321
2521,sr:venue:18177,Court 5,Aix-en-Provence,France,FRA,Europe/Paris,sr:complex:63321
2522,sr:venue:18183,Court Smart Trade,Aix-en-Provence,France,FRA,Europe/Paris,sr:complex:63321
2523,sr:venue:18185,Court Nissan,Aix-en-Provence,France,FRA,Europe/Paris,sr:complex:63321
2524,sr:venue:18193,Court Central Cepac,Aix-en-Provence,France,FRA,Europe/Paris,sr:complex:63321
2525,sr:venue:39361,Court 2,Aix-en-Provence,France,FRA,Europe/Paris,sr:complex:63321
2526,sr:venue:70971,Court Credit Agricole,Aix-en-Provence,France,FRA,Europe/Paris,sr:complex:63321
2527,sr:venue:70975,Court Eiffage,Aix-en-Provence,France,FRA,Europe/Paris,sr:complex:63321
2528,sr:venue:63325,Center Court,Salvador,Brazil,BRA,America/Bahia,sr:complex:63323
2529,sr:venue:63373,Court 4,Salvador,Brazil,BRA,America/Bahia,sr:complex:63323
2530,sr:venue:14040,Court Ideal Groupe,Bordeaux,France,FRA,Europe/Paris,sr:complex:63407
2531,sr:venue:14042,Court 11,Bordeaux,France,FRA,Europe/Paris,sr:complex:63407
2532,sr:venue:14062,Court 12,Bordeaux,France,FRA,Europe/Paris,sr:complex:63407
2533,sr:venue:18197,Court Patrice Dominguez,Bordeaux,France,FRA,Europe/Paris,sr:complex:63407
2534,sr:venue:18199,Court 2,Bordeaux,France,FRA,Europe/Paris,sr:complex:63407
2535,sr:venue:29426,Indoors 16,Bordeaux,France,FRA,Europe/Paris,sr:complex:63407
2536,sr:venue:29428,Indoors 17,Bordeaux,France,FRA,Europe/Paris,sr:complex:63407
2537,sr:venue:29430,Indoors 18,Bordeaux,France,FRA,Europe/Paris,sr:complex:63407
2538,sr:venue:63493,Court 4,Bordeaux,France,FRA,Europe/Paris,sr:complex:63407
2539,sr:venue:82577,CENTRAL SCC FRANCE,Bordeaux,France,FRA,Europe/Paris,sr:complex:63407
2540,sr:venue:82579,CENTRAL BIS ALPHA HOLDING,Bordeaux,France,FRA,Europe/Paris,sr:complex:63407
2541,sr:venue:82581,COURT 11 OCI INFORMATIQUE,Bordeaux,France,FRA,Europe/Paris,sr:complex:63407
2542,sr:venue:87942,Court Central PVTISTES,Bordeaux,France,FRA,Europe/Paris,sr:complex:63407
2543,sr:venue:87944,Court SVR,Bordeaux,France,FRA,Europe/Paris,sr:complex:63407
2544,sr:venue:87946,Court INTERSPORT,Bordeaux,France,FRA,Europe/Paris,sr:complex:63407
2545,sr:venue:63411,Center Court,Coquimbo,Chile,CHL,America/Santiago,sr:complex:63409
2546,sr:venue:63413,Court 1,Coquimbo,Chile,CHL,America/Santiago,sr:complex:63409
2547,sr:venue:63415,Court 3,Coquimbo,Chile,CHL,America/Santiago,sr:complex:63409
2548,sr:venue:63417,Cancha 4,Coquimbo,Chile,CHL,America/Santiago,sr:complex:63409
2549,sr:venue:63419,Court 2,Coquimbo,Chile,CHL,America/Santiago,sr:complex:63409
2550,sr:venue:66897,Cancha Central,Coquimbo,Chile,CHL,America/Santiago,sr:complex:63409
2551,sr:venue:66899,Cancha 2,Coquimbo,Chile,CHL,America/Santiago,sr:complex:63409
2552,sr:venue:66901,Cancha 3,Coquimbo,Chile,CHL,America/Santiago,sr:complex:63409
2553,sr:venue:20045,Court 11,Shymkent,Kazakhstan,KAZ,Asia/Almaty,sr:complex:63427
2554,sr:venue:20047,Court 8,Shymkent,Kazakhstan,KAZ,Asia/Almaty,sr:complex:63427
2555,sr:venue:20053,Court 7,Shymkent,Kazakhstan,KAZ,Asia/Almaty,sr:complex:63427
2556,sr:venue:23768,Court 6,Shymkent,Kazakhstan,KAZ,Asia/Almaty,sr:complex:63427
2557,sr:venue:23774,Court 5,Shymkent,Kazakhstan,KAZ,Asia/Almaty,sr:complex:63427
2558,sr:venue:27201,Court 4,Shymkent,Kazakhstan,KAZ,Asia/Almaty,sr:complex:63427
2559,sr:venue:27203,Court 3,Shymkent,Kazakhstan,KAZ,Asia/Almaty,sr:complex:63427
2560,sr:venue:27205,Court 2,Shymkent,Kazakhstan,KAZ,Asia/Almaty,sr:complex:63427
2561,sr:venue:28519,Court 10,Shymkent,Kazakhstan,KAZ,Asia/Almaty,sr:complex:63427
2562,sr:venue:28579,Court 12,Shymkent,Kazakhstan,KAZ,Asia/Almaty,sr:complex:63427
2563,sr:venue:39115,Court 9,Shymkent,Kazakhstan,KAZ,Asia/Almaty,sr:complex:63427
2564,sr:venue:39281,Centre Court,Shymkent,Kazakhstan,KAZ,Asia/Almaty,sr:complex:63427
2565,sr:venue:57068,Court 1,Shymkent,Kazakhstan,KAZ,Asia/Almaty,sr:complex:63427
2566,sr:venue:63499,Court Central,Paris,France,FRA,Europe/Paris,sr:complex:63429
2567,sr:venue:63501,Court 1,Paris,France,FRA,Europe/Paris,sr:complex:63429
2568,sr:venue:63503,Court 2,Paris,France,FRA,Europe/Paris,sr:complex:63429
2569,sr:venue:71141,Court 3,Paris,France,FRA,Europe/Paris,sr:complex:63429
2570,sr:venue:19917,Court 1,Francavilla al Mare,Italy,ITA,Europe/Rome,sr:complex:63527
2571,sr:venue:19919,Court 2,Francavilla al Mare,Italy,ITA,Europe/Rome,sr:complex:63527
2572,sr:venue:19921,Court 3,Francavilla al Mare,Italy,ITA,Europe/Rome,sr:complex:63527
2573,sr:venue:19927,Grandstand,Francavilla al Mare,Italy,ITA,Europe/Rome,sr:complex:63527
2574,sr:venue:19929,Campo Centrale,Francavilla al Mare,Italy,ITA,Europe/Rome,sr:complex:63527
2575,sr:venue:39291,Court 6,Troisdorf,Germany,DEU,Europe/Berlin,sr:complex:63649
2576,sr:venue:39293,Court 1,Troisdorf,Germany,DEU,Europe/Berlin,sr:complex:63649
2577,sr:venue:39301,Court 7,Troisdorf,Germany,DEU,Europe/Berlin,sr:complex:63649
2578,sr:venue:39307,Court 8,Troisdorf,Germany,DEU,Europe/Berlin,sr:complex:63649
2579,sr:venue:39309,Court 5,Troisdorf,Germany,DEU,Europe/Berlin,sr:complex:63649
2580,sr:venue:39311,Centre Court 3,Troisdorf,Germany,DEU,Europe/Berlin,sr:complex:63649
2581,sr:venue:39313,Court 4,Troisdorf,Germany,DEU,Europe/Berlin,sr:complex:63649
2582,sr:venue:39315,Court 2,Troisdorf,Germany,DEU,Europe/Berlin,sr:complex:63649
2583,sr:venue:52311,Center Court,Troisdorf,Germany,DEU,Europe/Berlin,sr:complex:63649
2584,sr:venue:63675,B and B Court,Troisdorf,Germany,DEU,Europe/Berlin,sr:complex:63649
2585,sr:venue:17276,Court 1,Bratislava,Slovakia,SVK,Europe/Bratislava,sr:complex:63833
2586,sr:venue:22398,Court 4,Bratislava,Slovakia,SVK,Europe/Bratislava,sr:complex:63833
2587,sr:venue:22416,Court 6,Bratislava,Slovakia,SVK,Europe/Bratislava,sr:complex:63833
2588,sr:venue:63965,Court 9,Bratislava,Slovakia,SVK,Europe/Bratislava,sr:complex:63833
2589,sr:venue:71633,Central Court,Bratislava,Slovakia,SVK,Europe/Bratislava,sr:complex:63833
2590,sr:venue:71635,Court 8,Bratislava,Slovakia,SVK,Europe/Bratislava,sr:complex:63833
2591,sr:venue:71691,Court 11,Bratislava,Slovakia,SVK,Europe/Bratislava,sr:complex:63833
2592,sr:venue:26671,Stadium,"Orlando, FL",USA,USA,America/New_York,sr:complex:63835
2593,sr:venue:26681,Court 5,"Orlando, FL",USA,USA,America/New_York,sr:complex:63835
2594,sr:venue:26683,Court 3,"Orlando, FL",USA,USA,America/New_York,sr:complex:63835
2595,sr:venue:27689,Court 1,"Orlando, FL",USA,USA,America/New_York,sr:complex:63835
2596,sr:venue:39976,Court 4,"Orlando, FL",USA,USA,America/New_York,sr:complex:63835
2597,sr:venue:39984,Court 2,"Orlando, FL",USA,USA,America/New_York,sr:complex:63835
2598,sr:venue:40046,Court 6,"Orlando, FL",USA,USA,America/New_York,sr:complex:63835
2599,sr:venue:61997,Indoor 2,"Orlando, FL",USA,USA,America/New_York,sr:complex:63835
2600,sr:venue:14122,Center Court,Prostejov,Czechia,CZE,Europe/Prague,sr:complex:63907
2601,sr:venue:14124,Court 1,Prostejov,Czechia,CZE,Europe/Prague,sr:complex:63907
2602,sr:venue:59764,Court 6,Prostejov,Czechia,CZE,Europe/Prague,sr:complex:63907
2603,sr:venue:59772,Court 2,Prostejov,Czechia,CZE,Europe/Prague,sr:complex:63907
2604,sr:venue:63905,Prostejov Arena,Prostejov,Czechia,CZE,Europe/Prague,sr:complex:63907
2605,sr:venue:1843,Court 1,Halle,Germany,DEU,Europe/Berlin,sr:complex:63933
2606,sr:venue:1844,Court 2,Halle,Germany,DEU,Europe/Berlin,sr:complex:63933
2607,sr:venue:2387,Court 3,Halle,Germany,DEU,Europe/Berlin,sr:complex:63933
2608,sr:venue:14170,Court 4,Halle,Germany,DEU,Europe/Berlin,sr:complex:63933
2609,sr:venue:14172,Court 5,Halle,Germany,DEU,Europe/Berlin,sr:complex:63933
2610,sr:venue:14174,Court 6,Halle,Germany,DEU,Europe/Berlin,sr:complex:63933
2611,sr:venue:58726,Centre Court,Halle,Germany,DEU,Europe/Berlin,sr:complex:63933
2612,sr:venue:83017,Schauinsland-Reisen Court,Halle,Germany,DEU,Europe/Berlin,sr:complex:63933
2613,sr:venue:83039,OWL Arena,Halle,Germany,DEU,Europe/Berlin,sr:complex:63933
2614,sr:venue:88396,heristo-arena,Halle,Germany,DEU,Europe/Berlin,sr:complex:63933
2615,sr:venue:25482,Court 5,Corrientes,Argentina,ARG,America/Argentina/Cordoba,sr:complex:63937
2616,sr:venue:25484,Court 2,Corrientes,Argentina,ARG,America/Argentina/Cordoba,sr:complex:63937
2617,sr:venue:25486,Court 6,Corrientes,Argentina,ARG,America/Argentina/Cordoba,sr:complex:63937
2618,sr:venue:25488,Court 1,Corrientes,Argentina,ARG,America/Argentina/Cordoba,sr:complex:63937
2619,sr:venue:25490,Court 3,Corrientes,Argentina,ARG,America/Argentina/Cordoba,sr:complex:63937
2620,sr:venue:35492,Court 4,Corrientes,Argentina,ARG,America/Argentina/Cordoba,sr:complex:63937
2621,sr:venue:63939,Center Court,Corrientes,Argentina,ARG,America/Argentina/Cordoba,sr:complex:63937
2622,sr:venue:64217,Estadio Leonardo Mayer,Corrientes,Argentina,ARG,America/Argentina/Cordoba,sr:complex:63937
2623,sr:venue:58728,Centre Court,Berlin,Germany,DEU,Europe/Berlin,sr:complex:63941
2624,sr:venue:58698,Court 2,Gaiba,Italy,ITA,Europe/Rome,sr:complex:63943
2625,sr:venue:58700,Court 1,Gaiba,Italy,ITA,Europe/Rome,sr:complex:63943
2626,sr:venue:58702,Center Court,Gaiba,Italy,ITA,Europe/Rome,sr:complex:63943
2627,sr:venue:58714,Court 4,Gaiba,Italy,ITA,Europe/Rome,sr:complex:63943
2628,sr:venue:64261,Court 3,Gaiba,Italy,ITA,Europe/Rome,sr:complex:63943
2629,sr:venue:61849,Court Diego Schwarzman,Buenos Aires,Argentina,ARG,America/Argentina/Buenos_Aires,sr:complex:64051
2630,sr:venue:64289,Enrique Morea,Buenos Aires,Argentina,ARG,America/Argentina/Buenos_Aires,sr:complex:64051
2631,sr:venue:74522,Cancha Central,Buenos Aires,Argentina,ARG,America/Argentina/Buenos_Aires,sr:complex:64051
2632,sr:venue:75897,Cancha 2,Buenos Aires,Argentina,ARG,America/Argentina/Buenos_Aires,sr:complex:64051
2633,sr:venue:75899,Cancha 3,Buenos Aires,Argentina,ARG,America/Argentina/Buenos_Aires,sr:complex:64051
2634,sr:venue:64293,Court 1,London,England,ENG,Europe/London,sr:complex:64265
2635,sr:venue:64295,Court 2,London,England,ENG,Europe/London,sr:complex:64265
2636,sr:venue:64297,Court 3,London,England,ENG,Europe/London,sr:complex:64265
2637,sr:venue:64299,Court 4,London,England,ENG,Europe/London,sr:complex:64265
2638,sr:venue:64301,Court 5,London,England,ENG,Europe/London,sr:complex:64265
2639,sr:venue:64303,Court 7,London,England,ENG,Europe/London,sr:complex:64265
2640,sr:venue:64305,Court 8,London,England,ENG,Europe/London,sr:complex:64265
2641,sr:venue:64307,Court 9,London,England,ENG,Europe/London,sr:complex:64265
2642,sr:venue:64309,Court 10,London,England,ENG,Europe/London,sr:complex:64265
2643,sr:venue:64311,Stadium Court,London,England,ENG,Europe/London,sr:complex:64265
2644,sr:venue:64313,Court 12,London,England,ENG,Europe/London,sr:complex:64265
2645,sr:venue:64315,Court 13,London,England,ENG,Europe/London,sr:complex:64265
2646,sr:venue:64317,Court 14,London,England,ENG,Europe/London,sr:complex:64265
2647,sr:venue:64319,Court 15,London,England,ENG,Europe/London,sr:complex:64265
2648,sr:venue:64321,Court 16,London,England,ENG,Europe/London,sr:complex:64265
2649,sr:venue:64323,Court 18,London,England,ENG,Europe/London,sr:complex:64265
2650,sr:venue:64355,Court 6,London,England,ENG,Europe/London,sr:complex:64265
2651,sr:venue:64357,Court 17,London,England,ENG,Europe/London,sr:complex:64265
2652,sr:venue:78501,Show Court 1,London,England,ENG,Europe/London,sr:complex:64265
2653,sr:venue:78503,Court 11,London,England,ENG,Europe/London,sr:complex:64265
2654,sr:venue:88430,Roehampton Court A,London,England,ENG,Europe/London,sr:complex:64265
2655,sr:venue:88432,Roehampton Court B,London,England,ENG,Europe/London,sr:complex:64265
2656,sr:venue:88434,No.2 Court,London,England,ENG,Europe/London,sr:complex:64265
2657,sr:venue:64371,Center Court,Malaga,Spain,ESP,Europe/Madrid,sr:complex:64369
2658,sr:venue:64373,Court 1,Malaga,Spain,ESP,Europe/Madrid,sr:complex:64369
2659,sr:venue:64375,Court 2,Malaga,Spain,ESP,Europe/Madrid,sr:complex:64369
2660,sr:venue:64377,Court 3,Malaga,Spain,ESP,Europe/Madrid,sr:complex:64369
2661,sr:venue:31811,Court 2,Troyes,France,FRA,US/Pacific,sr:complex:64379
2662,sr:venue:31817,Court 1,Troyes,France,FRA,US/Pacific,sr:complex:64379
2663,sr:venue:31819,Court 3,Troyes,France,FRA,US/Pacific,sr:complex:64379
2664,sr:venue:64381,Center Court,Troyes,France,FRA,US/Pacific,sr:complex:64379
2665,sr:venue:64653,Indoor 1,Troyes,France,FRA,US/Pacific,sr:complex:64379
2666,sr:venue:64655,Indoor 2,Troyes,France,FRA,US/Pacific,sr:complex:64379
2667,sr:venue:78587,Court Amplitude,Troyes,France,FRA,US/Pacific,sr:complex:64379
2668,sr:venue:83154,Intermarche,Troyes,France,FRA,US/Pacific,sr:complex:64379
2669,sr:venue:83156,Cheurlin Dangin,Troyes,France,FRA,US/Pacific,sr:complex:64379
2670,sr:venue:64669,Court 2,Salzburg,Austria,AUT,Europe/Vienna,sr:complex:64571
2671,sr:venue:64671,Court 1,Salzburg,Austria,AUT,Europe/Vienna,sr:complex:64571
2672,sr:venue:64673,Center Court,Salzburg,Austria,AUT,Europe/Vienna,sr:complex:64571
2673,sr:venue:78681,Court 3,Salzburg,Austria,AUT,Europe/Vienna,sr:complex:64571
2674,sr:venue:31371,Court 1,Contrexeville,France,FRA,Europe/Paris,sr:complex:64573
2675,sr:venue:31375,Court Central,Contrexeville,France,FRA,Europe/Paris,sr:complex:64573
2676,sr:venue:31377,Court 2,Contrexeville,France,FRA,Europe/Paris,sr:complex:64573
2677,sr:venue:42438,Court 3,Contrexeville,France,FRA,Europe/Paris,sr:complex:64573
2678,sr:venue:59034,Court 4,Contrexeville,France,FRA,Europe/Paris,sr:complex:64573
2679,sr:venue:64753,Center Court,Rome,USA,USA,America/New_York,sr:complex:64751
2680,sr:venue:64755,Court 1,Rome,USA,USA,America/New_York,sr:complex:64751
2681,sr:venue:64757,Court 3,Rome,USA,USA,America/New_York,sr:complex:64751
2682,sr:venue:64793,Court 4,Rome,USA,USA,America/New_York,sr:complex:64751
2683,sr:venue:64795,Court 5,Rome,USA,USA,America/New_York,sr:complex:64751
2684,sr:venue:64873,Center,"Indianapolis, IN",USA,USA,America/Indiana/Indianapolis,sr:complex:64871
2685,sr:venue:64875,Court 1,"Indianapolis, IN",USA,USA,America/Indiana/Indianapolis,sr:complex:64871
2686,sr:venue:64877,Court 2,"Indianapolis, IN",USA,USA,America/Indiana/Indianapolis,sr:complex:64871
2687,sr:venue:64879,Court 3,"Indianapolis, IN",USA,USA,America/Indiana/Indianapolis,sr:complex:64871
2688,sr:venue:64881,Court 4,"Indianapolis, IN",USA,USA,America/Indiana/Indianapolis,sr:complex:64871
2689,sr:venue:32553,Court 3,Pozoblanco,Spain,ESP,Europe/Madrid,sr:complex:64883
2690,sr:venue:32555,Court 4,Pozoblanco,Spain,ESP,Europe/Madrid,sr:complex:64883
2691,sr:venue:32557,Court 2,Pozoblanco,Spain,ESP,Europe/Madrid,sr:complex:64883
2692,sr:venue:32559,Court 1,Pozoblanco,Spain,ESP,Europe/Madrid,sr:complex:64883
2693,sr:venue:32746,Pista Fabian Dorado,Pozoblanco,Spain,ESP,Europe/Madrid,sr:complex:64883
2694,sr:venue:44292,Pista 2,Pozoblanco,Spain,ESP,Europe/Madrid,sr:complex:64883
2695,sr:venue:44296,Pista 4,Pozoblanco,Spain,ESP,Europe/Madrid,sr:complex:64883
2696,sr:venue:44298,Pista 3,Pozoblanco,Spain,ESP,Europe/Madrid,sr:complex:64883
2697,sr:venue:59228,Center Court,Pozoblanco,Spain,ESP,Europe/Madrid,sr:complex:64883
2698,sr:venue:14612,Center Court,Tampere,Finland,FIN,Europe/Helsinki,sr:complex:64885
2699,sr:venue:14614,Court 1,Tampere,Finland,FIN,Europe/Helsinki,sr:complex:64885
2700,sr:venue:16496,Court 5,Tampere,Finland,FIN,Europe/Helsinki,sr:complex:64885
2701,sr:venue:31957,Court 4,Tampere,Finland,FIN,Europe/Helsinki,sr:complex:64885
2702,sr:venue:31959,Court 7,Tampere,Finland,FIN,Europe/Helsinki,sr:complex:64885
2703,sr:venue:31963,Court 3,Tampere,Finland,FIN,Europe/Helsinki,sr:complex:64885
2704,sr:venue:14406,Centrale,San Benedetto,Italy,ITA,Europe/Rome,sr:complex:65099
2705,sr:venue:14408,Campo 2,San Benedetto,Italy,ITA,Europe/Rome,sr:complex:65099
2706,sr:venue:14410,Campo 3,San Benedetto,Italy,ITA,Europe/Rome,sr:complex:65099
2707,sr:venue:18393,Court 4,Winnipeg,Canada,CAN,America/Chicago,sr:complex:65103
2708,sr:venue:18395,Court 6,Winnipeg,Canada,CAN,America/Chicago,sr:complex:65103
2709,sr:venue:18397,Court 8,Winnipeg,Canada,CAN,America/Chicago,sr:complex:65103
2710,sr:venue:31355,Court 9,Winnipeg,Canada,CAN,America/Chicago,sr:complex:65103
2711,sr:venue:31395,Court 10,Winnipeg,Canada,CAN,America/Chicago,sr:complex:65103
2712,sr:venue:31397,Court 11,Winnipeg,Canada,CAN,America/Chicago,sr:complex:65103
2713,sr:venue:42086,Court 2,Winnipeg,Canada,CAN,America/Chicago,sr:complex:65103
2714,sr:venue:42088,Court 3,Winnipeg,Canada,CAN,America/Chicago,sr:complex:65103
2715,sr:venue:65187,Court 1,Winnipeg,Canada,CAN,America/Chicago,sr:complex:65103
2716,sr:venue:65141,Centre Court,Zug,Switzerland,CHE,Europe/Zurich,sr:complex:65105
2717,sr:venue:65143,Court 1,Zug,Switzerland,CHE,Europe/Zurich,sr:complex:65105
2718,sr:venue:65145,Court 2,Zug,Switzerland,CHE,Europe/Zurich,sr:complex:65105
2719,sr:venue:78957,Jego Court 1,Zug,Switzerland,CHE,Europe/Zurich,sr:complex:65105
2720,sr:venue:78959,Tramondo Court 2,Zug,Switzerland,CHE,Europe/Zurich,sr:complex:65105
2721,sr:venue:83418,Topcar Court 2,Zug,Switzerland,CHE,Europe/Zurich,sr:complex:65105
2722,sr:venue:88790,Redcomet Arena,Zug,Switzerland,CHE,Europe/Zurich,sr:complex:65105
2723,sr:venue:14632,Stadium 1,"Lexington, KY",USA,USA,America/New_York,sr:complex:65205
2724,sr:venue:14638,Court 6,"Lexington, KY",USA,USA,America/New_York,sr:complex:65205
2725,sr:venue:18449,Indoor 1,"Lexington, KY",USA,USA,America/New_York,sr:complex:65205
2726,sr:venue:18451,Indoor 2,"Lexington, KY",USA,USA,America/New_York,sr:complex:65205
2727,sr:venue:18459,Indoor 4,"Lexington, KY",USA,USA,America/New_York,sr:complex:65205
2728,sr:venue:52729,Indoor 11,"Lexington, KY",USA,USA,America/New_York,sr:complex:65205
2729,sr:venue:52731,Indoor 9,"Lexington, KY",USA,USA,America/New_York,sr:complex:65205
2730,sr:venue:65207,Center Court,"Lexington, KY",USA,USA,America/New_York,sr:complex:65205
2731,sr:venue:65209,Court 1,"Lexington, KY",USA,USA,America/New_York,sr:complex:65205
2732,sr:venue:65211,Court 2,"Lexington, KY",USA,USA,America/New_York,sr:complex:65205
2733,sr:venue:65213,Court 3,"Lexington, KY",USA,USA,America/New_York,sr:complex:65205
2734,sr:venue:79053,Court 7,"Lexington, KY",USA,USA,America/New_York,sr:complex:65205
2735,sr:venue:88902,Stadium 2,"Lexington, KY",USA,USA,America/New_York,sr:complex:65205
2736,sr:venue:65287,Stadium 6,Iasi,Romania,ROU,Europe/Bucharest,sr:complex:65215
2737,sr:venue:15355,Cancha Central,Lima,Peru,PER,America/Lima,sr:complex:65347
2738,sr:venue:17200,Estadio,Lima,Peru,PER,America/Lima,sr:complex:65347
2739,sr:venue:17202,Cancha 6,Lima,Peru,PER,America/Lima,sr:complex:65347
2740,sr:venue:17204,Cancha 7,Lima,Peru,PER,America/Lima,sr:complex:65347
2741,sr:venue:24640,Cancha 1,Lima,Peru,PER,America/Lima,sr:complex:65347
2742,sr:venue:24642,Cancha 2,Lima,Peru,PER,America/Lima,sr:complex:65347
2743,sr:venue:24846,Cancha 8,Lima,Peru,PER,America/Lima,sr:complex:65347
2744,sr:venue:60778,Center Court,Lima,Peru,PER,America/Lima,sr:complex:65347
2745,sr:venue:60874,Cancha 3,Lima,Peru,PER,America/Lima,sr:complex:65347
2746,sr:venue:60878,Cancha 11,Lima,Peru,PER,America/Lima,sr:complex:65347
2747,sr:venue:60880,Cancha 10,Lima,Peru,PER,America/Lima,sr:complex:65347
2748,sr:venue:60882,Cancha 9,Lima,Peru,PER,America/Lima,sr:complex:65347
2749,sr:venue:61014,Cancha 13,Lima,Peru,PER,America/Lima,sr:complex:65347
2750,sr:venue:22718,Court 2,West Vancouver,Canada,CAN,America/Vancouver,sr:complex:65435
2751,sr:venue:22720,Court 1,West Vancouver,Canada,CAN,America/Vancouver,sr:complex:65435
2752,sr:venue:22724,Centre Court,West Vancouver,Canada,CAN,America/Vancouver,sr:complex:65435
2753,sr:venue:44680,Polygon Court,West Vancouver,Canada,CAN,America/Vancouver,sr:complex:65435
2754,sr:venue:88844,Artemis Gold,West Vancouver,Canada,CAN,America/Vancouver,sr:complex:65435
2755,sr:venue:88846,Court 3,West Vancouver,Canada,CAN,America/Vancouver,sr:complex:65435
2756,sr:venue:88860,Indoor 1,West Vancouver,Canada,CAN,America/Vancouver,sr:complex:65435
2757,sr:venue:88862,Indoor 2,West Vancouver,Canada,CAN,America/Vancouver,sr:complex:65435
2758,sr:venue:43984,Court 6,Grodzisk Mazowiecki,Poland,POL,Europe/Warsaw,sr:complex:65437
2759,sr:venue:43988,Court 7,Grodzisk Mazowiecki,Poland,POL,Europe/Warsaw,sr:complex:65437
2760,sr:venue:43992,Court 8,Grodzisk Mazowiecki,Poland,POL,Europe/Warsaw,sr:complex:65437
2761,sr:venue:44022,Court 9,Grodzisk Mazowiecki,Poland,POL,Europe/Warsaw,sr:complex:65437
2762,sr:venue:58964,GKS Pogon Stadium,Grodzisk Mazowiecki,Poland,POL,Europe/Warsaw,sr:complex:65437
2763,sr:venue:65293,Center Court,Grodzisk Mazowiecki,Poland,POL,Europe/Warsaw,sr:complex:65437
2764,sr:venue:65295,Court 12,Grodzisk Mazowiecki,Poland,POL,Europe/Warsaw,sr:complex:65437
2765,sr:venue:65297,Court 13,Grodzisk Mazowiecki,Poland,POL,Europe/Warsaw,sr:complex:65437
2766,sr:venue:65299,Court 14,Grodzisk Mazowiecki,Poland,POL,Europe/Warsaw,sr:complex:65437
2767,sr:venue:14524,Court Central,Granby,Canada,CAN,Canada/Eastern,sr:complex:65597
2768,sr:venue:14526,Court 3,Granby,Canada,CAN,Canada/Eastern,sr:complex:65597
2769,sr:venue:14528,Court 4,Granby,Canada,CAN,Canada/Eastern,sr:complex:65597
2770,sr:venue:14530,Court 1,Granby,Canada,CAN,Canada/Eastern,sr:complex:65597
2771,sr:venue:14532,Court 7,Granby,Canada,CAN,Canada/Eastern,sr:complex:65597
2772,sr:venue:31909,Court 8,Granby,Canada,CAN,Canada/Eastern,sr:complex:65597
2773,sr:venue:32101,Indoor Court 1,Granby,Canada,CAN,Canada/Eastern,sr:complex:65597
2774,sr:venue:32103,Indoor Court 3,Granby,Canada,CAN,Canada/Eastern,sr:complex:65597
2775,sr:venue:63869,Indoor 4,Granby,Canada,CAN,Canada/Eastern,sr:complex:65597
2776,sr:venue:64071,Indoor 2,Granby,Canada,CAN,Canada/Eastern,sr:complex:65597
2777,sr:venue:65667,Centre Court,Prague,Czechia,CZE,Europe/Prague,sr:complex:65601
2778,sr:venue:65669,Court 5,Prague,Czechia,CZE,Europe/Prague,sr:complex:65601
2779,sr:venue:65671,Court 7,Prague,Czechia,CZE,Europe/Prague,sr:complex:65601
2780,sr:venue:65765,Court 8,Prague,Czechia,CZE,Europe/Prague,sr:complex:65601
2781,sr:venue:14906,Court 4,Banja Luka,Bosnia & Herzegovina,BIH,Europe/Sarajevo,sr:complex:65603
2782,sr:venue:65675,Central Court,Banja Luka,Bosnia & Herzegovina,BIH,Europe/Sarajevo,sr:complex:65603
2783,sr:venue:65677,Grandstand,Banja Luka,Bosnia & Herzegovina,BIH,Europe/Sarajevo,sr:complex:65603
2784,sr:venue:65679,Court 1,Banja Luka,Bosnia & Herzegovina,BIH,Europe/Sarajevo,sr:complex:65603
2785,sr:venue:73147,Court 2,Banja Luka,Bosnia & Herzegovina,BIH,Europe/Sarajevo,sr:complex:65603
2786,sr:venue:14794,Center Court,Como,Italy,ITA,Europe/Rome,sr:complex:65717
2787,sr:venue:14796,Court 1,Como,Italy,ITA,Europe/Rome,sr:complex:65717
2788,sr:venue:14798,Court 2,Como,Italy,ITA,Europe/Rome,sr:complex:65717
2789,sr:venue:33956,Court 5,Como,Italy,ITA,Europe/Rome,sr:complex:65717
2790,sr:venue:33958,Indoor 1,Como,Italy,ITA,Europe/Rome,sr:complex:65717
2791,sr:venue:33960,Indoor 2,Como,Italy,ITA,Europe/Rome,sr:complex:65717
2792,sr:venue:73581,TC Giussano Indoors 3,Como,Italy,ITA,Europe/Rome,sr:complex:65717
2793,sr:venue:73583,TC Giussano Indoors 4,Como,Italy,ITA,Europe/Rome,sr:complex:65717
2794,sr:venue:73585,TC Giussano Indoors 5,Como,Italy,ITA,Europe/Rome,sr:complex:65717
2795,sr:venue:83791,Court 3,Como,Italy,ITA,Europe/Rome,sr:complex:65717
2796,sr:venue:83807,Indoor 4,Como,Italy,ITA,Europe/Rome,sr:complex:65717
2797,sr:venue:83809,Indoor 5,Como,Italy,ITA,Europe/Rome,sr:complex:65717
2798,sr:venue:60096,Pista 4,Mallorca,Spain,ESP,Europe/Madrid,sr:complex:65719
2799,sr:venue:65721,Pista 1,Mallorca,Spain,ESP,Europe/Madrid,sr:complex:65719
2800,sr:venue:65723,Pista 2,Mallorca,Spain,ESP,Europe/Madrid,sr:complex:65719
2801,sr:venue:65725,Pista 3,Mallorca,Spain,ESP,Europe/Madrid,sr:complex:65719
2802,sr:venue:65727,Court 1,Mallorca,Spain,ESP,Europe/Madrid,sr:complex:65719
2803,sr:venue:65729,Court 2,Mallorca,Spain,ESP,Europe/Madrid,sr:complex:65719
2804,sr:venue:65731,Court 3,Mallorca,Spain,ESP,Europe/Madrid,sr:complex:65719
2805,sr:venue:65733,Grandstand,Mallorca,Spain,ESP,Europe/Madrid,sr:complex:65719
2806,sr:venue:65735,Court Central,Mallorca,Spain,ESP,Europe/Madrid,sr:complex:65719
2807,sr:venue:65737,Center Court,Mallorca,Spain,ESP,Europe/Madrid,sr:complex:65719
2808,sr:venue:30717,Court 17,Toulouse,France,FRA,Europe/Paris,sr:complex:65739
2809,sr:venue:30719,Court 16,Toulouse,France,FRA,Europe/Paris,sr:complex:65739
2810,sr:venue:30729,Court Central,Toulouse,France,FRA,Europe/Paris,sr:complex:65739
2811,sr:venue:65741,Centre Court,Toulouse,France,FRA,Europe/Paris,sr:complex:65739
2812,sr:venue:65743,Court 1,Toulouse,France,FRA,Europe/Paris,sr:complex:65739
2813,sr:venue:65745,Court 2,Toulouse,France,FRA,Europe/Paris,sr:complex:65739
2814,sr:venue:65747,Court 3,Toulouse,France,FRA,Europe/Paris,sr:complex:65739
2815,sr:venue:65749,Court 4,Toulouse,France,FRA,Europe/Paris,sr:complex:65739
2816,sr:venue:65893,Lapietra Center Court,Bari,Italy,ITA,Europe/Rome,sr:complex:65849
2817,sr:venue:65915,Ferrovie Del Sud Est Court,Bari,Italy,ITA,Europe/Rome,sr:complex:65849
2818,sr:venue:65917,Court 2 Coop,Bari,Italy,ITA,Europe/Rome,sr:complex:65849
2819,sr:venue:73725,Court Maldarizzi,Bari,Italy,ITA,Europe/Rome,sr:complex:65849
2820,sr:venue:73779,Crt 2 - Tato Paride,Bari,Italy,ITA,Europe/Rome,sr:complex:65849
2821,sr:venue:82863,Crt 1 - San Marzano,Bari,Italy,ITA,Europe/Rome,sr:complex:65849
2822,sr:venue:31795,Court 9,Vilnius,Lithuania,LTU,Europe/Vilnius,sr:complex:65975
2823,sr:venue:31801,Court 6,Vilnius,Lithuania,LTU,Europe/Vilnius,sr:complex:65975
2824,sr:venue:31803,Court 2,Vilnius,Lithuania,LTU,Europe/Vilnius,sr:complex:65975
2825,sr:venue:31805,Court 1,Vilnius,Lithuania,LTU,Europe/Vilnius,sr:complex:65975
2826,sr:venue:42040,Court 4,Vilnius,Lithuania,LTU,Europe/Vilnius,sr:complex:65975
2827,sr:venue:42050,Court 7,Vilnius,Lithuania,LTU,Europe/Vilnius,sr:complex:65975
2828,sr:venue:42052,Court 3,Vilnius,Lithuania,LTU,Europe/Vilnius,sr:complex:65975
2829,sr:venue:42494,Court 5,Vilnius,Lithuania,LTU,Europe/Vilnius,sr:complex:65975
2830,sr:venue:57700,Sportima Arena,Vilnius,Lithuania,LTU,Europe/Vilnius,sr:complex:65975
2831,sr:venue:58688,Court 12,Vilnius,Lithuania,LTU,Europe/Vilnius,sr:complex:65975
2832,sr:venue:66885,Court 17,Vilnius,Lithuania,LTU,Europe/Vilnius,sr:complex:65975
2833,sr:venue:66887,Centre Court,Vilnius,Lithuania,LTU,Europe/Vilnius,sr:complex:65975
2834,sr:venue:43520,Indoor 2,Taipei,Chinese Taipei,TPE,Asia/Taipei,sr:complex:65981
2835,sr:venue:43522,Indoor 1,Taipei,Chinese Taipei,TPE,Asia/Taipei,sr:complex:65981
2836,sr:venue:68431,Indoor 11,Taipei,Chinese Taipei,TPE,Asia/Taipei,sr:complex:65981
2837,sr:venue:68437,Indoor 13,Taipei,Chinese Taipei,TPE,Asia/Taipei,sr:complex:65981
2838,sr:venue:68499,Indoor 12,Taipei,Chinese Taipei,TPE,Asia/Taipei,sr:complex:65981
2839,sr:venue:68549,Indoor 14,Taipei,Chinese Taipei,TPE,Asia/Taipei,sr:complex:65981
2840,sr:venue:77827,Center Court,Taipei,Chinese Taipei,TPE,Asia/Taipei,sr:complex:65981
2841,sr:venue:77829,Show Court,Taipei,Chinese Taipei,TPE,Asia/Taipei,sr:complex:65981
2842,sr:venue:77831,Court 1,Taipei,Chinese Taipei,TPE,Asia/Taipei,sr:complex:65981
2843,sr:venue:77869,Indoor Court,Taipei,Chinese Taipei,TPE,Asia/Taipei,sr:complex:65981
2844,sr:venue:77885,Court 2,Taipei,Chinese Taipei,TPE,Asia/Taipei,sr:complex:65981
2845,sr:venue:58968,Court 6,Sofia,Bulgaria,BGR,Europe/Sofia,sr:complex:65983
2846,sr:venue:72099,Center Court,Sofia,Bulgaria,BGR,Europe/Sofia,sr:complex:65983
2847,sr:venue:83657,Court 3,Sofia,Bulgaria,BGR,Europe/Sofia,sr:complex:65983
2848,sr:venue:65987,Center Court,"Columbus, OH",USA,USA,America/New_York,sr:complex:65985
2849,sr:venue:65989,Court 1,"Columbus, OH",USA,USA,America/New_York,sr:complex:65985
2850,sr:venue:65991,Court 2,"Columbus, OH",USA,USA,America/New_York,sr:complex:65985
2851,sr:venue:65993,Court 3,"Columbus, OH",USA,USA,America/New_York,sr:complex:65985
2852,sr:venue:29634,Court 4,Villa Maria,Argentina,ARG,America/Argentina/Cordoba,sr:complex:65997
2853,sr:venue:29636,Court 2,Villa Maria,Argentina,ARG,America/Argentina/Cordoba,sr:complex:65997
2854,sr:venue:29638,Cancha 9,Villa Maria,Argentina,ARG,America/Argentina/Cordoba,sr:complex:65997
2855,sr:venue:29640,Court 3,Villa Maria,Argentina,ARG,America/Argentina/Cordoba,sr:complex:65997
2856,sr:venue:29642,Cancha 8,Villa Maria,Argentina,ARG,America/Argentina/Cordoba,sr:complex:65997
2857,sr:venue:29644,Cancha 10,Villa Maria,Argentina,ARG,America/Argentina/Cordoba,sr:complex:65997
2858,sr:venue:29646,Court 1,Villa Maria,Argentina,ARG,America/Argentina/Cordoba,sr:complex:65997
2859,sr:venue:29648,Cancha 11,Villa Maria,Argentina,ARG,America/Argentina/Cordoba,sr:complex:65997
2860,sr:venue:29650,Cancha 7,Villa Maria,Argentina,ARG,America/Argentina/Cordoba,sr:complex:65997
2861,sr:venue:29652,Cancha Central,Villa Maria,Argentina,ARG,America/Argentina/Cordoba,sr:complex:65997
2862,sr:venue:29654,Cancha 5,Villa Maria,Argentina,ARG,America/Argentina/Cordoba,sr:complex:65997
2863,sr:venue:57734,Cancha 2,Villa Maria,Argentina,ARG,America/Argentina/Cordoba,sr:complex:65997
2864,sr:venue:57736,Cancha 6,Villa Maria,Argentina,ARG,America/Argentina/Cordoba,sr:complex:65997
2865,sr:venue:57738,Cancha 3,Villa Maria,Argentina,ARG,America/Argentina/Cordoba,sr:complex:65997
2866,sr:venue:57740,Cancha 1,Villa Maria,Argentina,ARG,America/Argentina/Cordoba,sr:complex:65997
2867,sr:venue:57742,Cancha 4,Villa Maria,Argentina,ARG,America/Argentina/Cordoba,sr:complex:65997
2868,sr:venue:57744,Court Central,Villa Maria,Argentina,ARG,America/Argentina/Cordoba,sr:complex:65997
2869,sr:venue:28303,Court 1,Tel Aviv,Israel,ISR,Asia/Jerusalem,sr:complex:66093
2870,sr:venue:66097,Centre Court,Tel Aviv,Israel,ISR,Asia/Jerusalem,sr:complex:66093
2871,sr:venue:33928,Court Central,Monastir,Tunisia,TUN,Africa/Tunis,sr:complex:66187
2872,sr:venue:34156,Court 7,Monastir,Tunisia,TUN,Africa/Tunis,sr:complex:66187
2873,sr:venue:34158,Court 6,Monastir,Tunisia,TUN,Africa/Tunis,sr:complex:66187
2874,sr:venue:34534,Center Court,Monastir,Tunisia,TUN,Africa/Tunis,sr:complex:66187
2875,sr:venue:34908,Court 3,Monastir,Tunisia,TUN,Africa/Tunis,sr:complex:66187
2876,sr:venue:34970,Court 4,Monastir,Tunisia,TUN,Africa/Tunis,sr:complex:66187
2877,sr:venue:34972,Court 5,Monastir,Tunisia,TUN,Africa/Tunis,sr:complex:66187
2878,sr:venue:34974,Court 2,Monastir,Tunisia,TUN,Africa/Tunis,sr:complex:66187
2879,sr:venue:34976,Court 1,Monastir,Tunisia,TUN,Africa/Tunis,sr:complex:66187
2880,sr:venue:35602,Court 8,Monastir,Tunisia,TUN,Africa/Tunis,sr:complex:66187
2881,sr:venue:60042,Central Tag Heuer,Saint-Tropez,France,FRA,Europe/Paris,sr:complex:66565
2882,sr:venue:74027,Center Court,Saint-Tropez,France,FRA,Europe/Paris,sr:complex:66565
2883,sr:venue:74029,Court 1,Saint-Tropez,France,FRA,Europe/Paris,sr:complex:66565
2884,sr:venue:74031,Court 2,Saint-Tropez,France,FRA,Europe/Paris,sr:complex:66565
2885,sr:venue:74033,Court 3,Saint-Tropez,France,FRA,Europe/Paris,sr:complex:66565
2886,sr:venue:74163,Court 5,Saint-Tropez,France,FRA,Europe/Paris,sr:complex:66565
2887,sr:venue:74165,Court 6,Saint-Tropez,France,FRA,Europe/Paris,sr:complex:66565
2888,sr:venue:14046,Show Court 1,Busan,Republic of Korea,KOR,Asia/Seoul,sr:complex:66785
2889,sr:venue:14048,Court 3,Busan,Republic of Korea,KOR,Asia/Seoul,sr:complex:66785
2890,sr:venue:14050,Court 5,Busan,Republic of Korea,KOR,Asia/Seoul,sr:complex:66785
2891,sr:venue:16121,Show Court 2,Busan,Republic of Korea,KOR,Asia/Seoul,sr:complex:66785
2892,sr:venue:18165,Stadium,Busan,Republic of Korea,KOR,Asia/Seoul,sr:complex:66785
2893,sr:venue:20025,Court 4,Busan,Republic of Korea,KOR,Asia/Seoul,sr:complex:66785
2894,sr:venue:29416,Indoor C1,Busan,Republic of Korea,KOR,Asia/Seoul,sr:complex:66785
2895,sr:venue:29420,Indoor C4,Busan,Republic of Korea,KOR,Asia/Seoul,sr:complex:66785
2896,sr:venue:29422,Indoor C6,Busan,Republic of Korea,KOR,Asia/Seoul,sr:complex:66785
2897,sr:venue:66879,Center Court,Busan,Republic of Korea,KOR,Asia/Seoul,sr:complex:66785
2898,sr:venue:41042,Court 1,Hamburg,Germany,DEU,Europe/Berlin,sr:complex:66787
2899,sr:venue:66893,Court 3,Hamburg,Germany,DEU,Europe/Berlin,sr:complex:66787
2900,sr:venue:74726,Court 2,Hamburg,Germany,DEU,Europe/Berlin,sr:complex:66787
2901,sr:venue:84742,Center Court,Hamburg,Germany,DEU,Europe/Berlin,sr:complex:66787
2902,sr:venue:15304,Central Court,Ortisei,Italy,ITA,Europe/Rome,sr:complex:66951
2903,sr:venue:15306,Court 1,Ortisei,Italy,ITA,Europe/Rome,sr:complex:66951
2904,sr:venue:24052,Center Court,Ortisei,Italy,ITA,Europe/Rome,sr:complex:66951
2905,sr:venue:24054,Court 2,Ortisei,Italy,ITA,Europe/Rome,sr:complex:66951
2906,sr:venue:24056,Court 3,Ortisei,Italy,ITA,Europe/Rome,sr:complex:66951
2907,sr:venue:67163,Cancha 2,Tampico,Mexico,MEX,America/Mexico_City,sr:complex:66953
2908,sr:venue:67165,Cancha 3,Tampico,Mexico,MEX,America/Mexico_City,sr:complex:66953
2909,sr:venue:67231,Estadio,Tampico,Mexico,MEX,America/Mexico_City,sr:complex:66953
2910,sr:venue:15664,Pallazzetto Alzano,Bergamo,Italy,ITA,Europe/Rome,sr:complex:67275
2911,sr:venue:27125,Court 1,Bergamo,Italy,ITA,Europe/Rome,sr:complex:67275
2912,sr:venue:27131,Court 2,Bergamo,Italy,ITA,Europe/Rome,sr:complex:67275
2913,sr:venue:52689,Bergamo,Bergamo,Italy,ITA,Europe/Rome,sr:complex:67275
2914,sr:venue:67315,Center Court,Bergamo,Italy,ITA,Europe/Rome,sr:complex:67275
2915,sr:venue:28465,Court 16,Matsuyama,Japan,JPN,Asia/Tokyo,sr:complex:67459
2916,sr:venue:28467,Court 8,Matsuyama,Japan,JPN,Asia/Tokyo,sr:complex:67459
2917,sr:venue:28469,Court 6,Matsuyama,Japan,JPN,Asia/Tokyo,sr:complex:67459
2918,sr:venue:28471,Court 4,Matsuyama,Japan,JPN,Asia/Tokyo,sr:complex:67459
2919,sr:venue:74972,Center Court,Matsuyama,Japan,JPN,Asia/Tokyo,sr:complex:67459
2920,sr:venue:74974,Court 1,Matsuyama,Japan,JPN,Asia/Tokyo,sr:complex:67459
2921,sr:venue:74976,Court 2,Matsuyama,Japan,JPN,Asia/Tokyo,sr:complex:67459
2922,sr:venue:74978,Court 3,Matsuyama,Japan,JPN,Asia/Tokyo,sr:complex:67459
2923,sr:venue:75054,Court Indoor 12,Matsuyama,Japan,JPN,Asia/Tokyo,sr:complex:67459
2924,sr:venue:75088,Court Indoor 11,Matsuyama,Japan,JPN,Asia/Tokyo,sr:complex:67459
2925,sr:venue:15888,Court Central,Drummondville,Canada,CAN,America/Toronto,sr:complex:67621
2926,sr:venue:15890,Court 1,Drummondville,Canada,CAN,America/Toronto,sr:complex:67621
2927,sr:venue:54901,Centre Marcel Dionne,Drummondville,Canada,CAN,America/Toronto,sr:complex:67621
2928,sr:venue:44278,Centre Court,Yokkaichi,Japan,JPN,Asia/Tokyo,sr:complex:67855
2929,sr:venue:44280,Show Court 1,Yokkaichi,Japan,JPN,Asia/Tokyo,sr:complex:67855
2930,sr:venue:44282,Court 7,Yokkaichi,Japan,JPN,Asia/Tokyo,sr:complex:67855
2931,sr:venue:68083,Sub Centre,Yokkaichi,Japan,JPN,Asia/Tokyo,sr:complex:67855
2932,sr:venue:68085,Court 5,Yokkaichi,Japan,JPN,Asia/Tokyo,sr:complex:67855
2933,sr:venue:68157,Indoor Court 10,Yokkaichi,Japan,JPN,Asia/Tokyo,sr:complex:67855
2934,sr:venue:68159,Indoor Court 11,Yokkaichi,Japan,JPN,Asia/Tokyo,sr:complex:67855
2935,sr:venue:68161,Indoor Court 14,Yokkaichi,Japan,JPN,Asia/Tokyo,sr:complex:67855
2936,sr:venue:68163,Indoor Court 15,Yokkaichi,Japan,JPN,Asia/Tokyo,sr:complex:67855
2937,sr:venue:68259,Maspalomas Center Court,Maspalomas,Spain,ESP,Europe/Madrid,sr:complex:68141
2938,sr:venue:68261,EÓ Hotels Court,Maspalomas,Spain,ESP,Europe/Madrid,sr:complex:68141
2939,sr:venue:68263,Canary Islands Court,Maspalomas,Spain,ESP,Europe/Madrid,sr:complex:68141
2940,sr:venue:68983,Cancha Diego Schwartzman,Tigre,Argentina,ARG,America/Argentina/Buenos_Aires,sr:complex:68959
2941,sr:venue:68985,Cancha 2,Tigre,Argentina,ARG,America/Argentina/Buenos_Aires,sr:complex:68959
2942,sr:venue:68987,Cancha 3,Tigre,Argentina,ARG,America/Argentina/Buenos_Aires,sr:complex:68959
2943,sr:venue:81923,Club Nautico Hacoaj - Court 08,Tigre,Argentina,ARG,America/Argentina/Buenos_Aires,sr:complex:68959
2944,sr:venue:81925,Club Nautico Hacoaj - Center Court,Tigre,Argentina,ARG,America/Argentina/Buenos_Aires,sr:complex:68959
2945,sr:venue:81929,Club Nautico Hacoaj - Court 07,Tigre,Argentina,ARG,America/Argentina/Buenos_Aires,sr:complex:68959
2946,sr:venue:81975,Club Nautico Hacoaj - Court 06,Tigre,Argentina,ARG,America/Argentina/Buenos_Aires,sr:complex:68959
2947,sr:venue:86970,Cancha Central,Tigre,Argentina,ARG,America/Argentina/Buenos_Aires,sr:complex:68959
2948,sr:venue:60888,Court 5,Piracicaba,Brazil,BRA,America/Sao_Paulo,sr:complex:69121
2949,sr:venue:60892,Court 4,Piracicaba,Brazil,BRA,America/Sao_Paulo,sr:complex:69121
2950,sr:venue:60918,Court 6,Piracicaba,Brazil,BRA,America/Sao_Paulo,sr:complex:69121
2951,sr:venue:63217,Quadra 5,Piracicaba,Brazil,BRA,America/Sao_Paulo,sr:complex:69121
2952,sr:venue:63219,Quadra 4,Piracicaba,Brazil,BRA,America/Sao_Paulo,sr:complex:69121
2953,sr:venue:63221,Quadra 6,Piracicaba,Brazil,BRA,America/Sao_Paulo,sr:complex:69121
2954,sr:venue:63223,Quadra Central,Piracicaba,Brazil,BRA,America/Sao_Paulo,sr:complex:69121
2955,sr:venue:76145,Quadra 3,Piracicaba,Brazil,BRA,America/Sao_Paulo,sr:complex:69121
2956,sr:venue:76149,Quadra 7,Piracicaba,Brazil,BRA,America/Sao_Paulo,sr:complex:69121
2957,sr:venue:81793,Quadra 2,Piracicaba,Brazil,BRA,America/Sao_Paulo,sr:complex:69121
2958,sr:venue:81837,Indoor 1,Piracicaba,Brazil,BRA,America/Sao_Paulo,sr:complex:69121
2959,sr:venue:81839,Indoor 2,Piracicaba,Brazil,BRA,America/Sao_Paulo,sr:complex:69121
2960,sr:venue:81841,Indoor 3,Piracicaba,Brazil,BRA,America/Sao_Paulo,sr:complex:69121
2961,sr:venue:81843,Indoor 4,Piracicaba,Brazil,BRA,America/Sao_Paulo,sr:complex:69121
2962,sr:venue:69277,Court Central,Ottignies-Louvain-la-Neuve,Belgium,BEL,Europe/Brussels,sr:complex:69179
2963,sr:venue:69279,Court 1,Ottignies-Louvain-la-Neuve,Belgium,BEL,Europe/Brussels,sr:complex:69179
2964,sr:venue:69263,Cancha Central,Concepcion,Chile,CHL,America/Santiago,sr:complex:69183
2965,sr:venue:69265,Cancha 1,Concepcion,Chile,CHL,America/Santiago,sr:complex:69183
2966,sr:venue:69267,Cancha 2,Concepcion,Chile,CHL,America/Santiago,sr:complex:69183
2967,sr:venue:77491,Cancha 7,Concepcion,Chile,CHL,America/Santiago,sr:complex:69183
2968,sr:venue:77493,Cancha 3,Concepcion,Chile,CHL,America/Santiago,sr:complex:69183
2969,sr:venue:47216,Court 1,Cherbourg-en-Cotentin,France,FRA,Europe/Paris,sr:complex:69645
2970,sr:venue:47218,Court Central,Cherbourg-en-Cotentin,France,FRA,Europe/Paris,sr:complex:69645
2971,sr:venue:55105,Court 2,Cherbourg-en-Cotentin,France,FRA,Europe/Paris,sr:complex:69645
2972,sr:venue:60804,Court 4,Cherbourg-en-Cotentin,France,FRA,Europe/Paris,sr:complex:69645
2973,sr:venue:66677,Central,Cherbourg-en-Cotentin,France,FRA,Europe/Paris,sr:complex:69645
2974,sr:venue:66679,Court 5,Cherbourg-en-Cotentin,France,FRA,Europe/Paris,sr:complex:69645
2975,sr:venue:69769,Tourlaville,Cherbourg-en-Cotentin,France,FRA,Europe/Paris,sr:complex:69645
2976,sr:venue:69771,Jean Jaures,Cherbourg-en-Cotentin,France,FRA,Europe/Paris,sr:complex:69645
2977,sr:venue:69781,Center Court,Rome,USA,USA,America/New_York,sr:complex:69779
2978,sr:venue:69783,Court 1,Rome,USA,USA,America/New_York,sr:complex:69779
2979,sr:venue:69785,Court 2,Rome,USA,USA,America/New_York,sr:complex:69779
2980,sr:venue:69787,Court 3,Rome,USA,USA,America/New_York,sr:complex:69779
2981,sr:venue:88356,Rome Tennis Center - Court 04,Rome,USA,USA,America/New_York,sr:complex:69779
2982,sr:venue:69791,Center Court,Rovereto,Italy,ITA,Europe/Rome,sr:complex:69789
2983,sr:venue:69793,Court 1,Rovereto,Italy,ITA,Europe/Rome,sr:complex:69789
2984,sr:venue:69795,Court 2,Rovereto,Italy,ITA,Europe/Rome,sr:complex:69789
2985,sr:venue:69797,Court 3,Rovereto,Italy,ITA,Europe/Rome,sr:complex:69789
2986,sr:venue:69801,Center Court,Mérida,Mexico,MEX,America/Mexico_City,sr:complex:69799
2987,sr:venue:69803,Cancha 1,Mérida,Mexico,MEX,America/Mexico_City,sr:complex:69799
2988,sr:venue:69805,Cancha 2,Mérida,Mexico,MEX,America/Mexico_City,sr:complex:69799
2989,sr:venue:69807,Court 3,Mérida,Mexico,MEX,America/Mexico_City,sr:complex:69799
2990,sr:venue:69893,Estadio Akron,Mérida,Mexico,MEX,America/Mexico_City,sr:complex:69799
2991,sr:venue:86962,Estadio,Mérida,Mexico,MEX,America/Mexico_City,sr:complex:69799
2992,sr:venue:86964,Cancha 1,Mérida,Mexico,MEX,America/Mexico_City,sr:complex:69799
2993,sr:venue:86966,Cancha 2,Mérida,Mexico,MEX,America/Mexico_City,sr:complex:69799
2994,sr:venue:25550,Court 1,"Waco, TX",USA,USA,America/Chicago,sr:complex:69965
2995,sr:venue:25552,Court 3,"Waco, TX",USA,USA,America/Chicago,sr:complex:69965
2996,sr:venue:25556,Court 4,"Waco, TX",USA,USA,America/Chicago,sr:complex:69965
2997,sr:venue:25564,Court 6,"Waco, TX",USA,USA,America/Chicago,sr:complex:69965
2998,sr:venue:25566,Court 5,"Waco, TX",USA,USA,America/Chicago,sr:complex:69965
2999,sr:venue:26052,Court 2,"Waco, TX",USA,USA,America/Chicago,sr:complex:69965
3000,sr:venue:35370,Court 9,"Waco, TX",USA,USA,America/Chicago,sr:complex:69965
3001,sr:venue:35372,Court 7,"Waco, TX",USA,USA,America/Chicago,sr:complex:69965
3002,sr:venue:35374,Court 8,"Waco, TX",USA,USA,America/Chicago,sr:complex:69965
3003,sr:venue:35436,Center,"Waco, TX",USA,USA,America/Chicago,sr:complex:69965
3004,sr:venue:47366,Court 12,"Waco, TX",USA,USA,America/Chicago,sr:complex:69965
3005,sr:venue:47368,Court 11,"Waco, TX",USA,USA,America/Chicago,sr:complex:69965
3006,sr:venue:47406,Indoor 2,"Waco, TX",USA,USA,America/Chicago,sr:complex:69965
3007,sr:venue:47408,Indoor 3,"Waco, TX",USA,USA,America/Chicago,sr:complex:69965
3008,sr:venue:47488,Stadium,"Waco, TX",USA,USA,America/Chicago,sr:complex:69965
3009,sr:venue:64693,Court R3,"Waco, TX",USA,USA,America/Chicago,sr:complex:69965
3010,sr:venue:64695,Court R5,"Waco, TX",USA,USA,America/Chicago,sr:complex:69965
3011,sr:venue:70071,Grandstand,"Waco, TX",USA,USA,America/Chicago,sr:complex:69965
3012,sr:venue:83162,Hurd Tennis Center - Court 01,"Waco, TX",USA,USA,America/Chicago,sr:complex:69965
3013,sr:venue:83164,Hurd Tennis Center - Court 02,"Waco, TX",USA,USA,America/Chicago,sr:complex:69965
3014,sr:venue:83166,Hurd Tennis Center - Court 03,"Waco, TX",USA,USA,America/Chicago,sr:complex:69965
3015,sr:venue:83168,Hurd Tennis Center - Court 04,"Waco, TX",USA,USA,America/Chicago,sr:complex:69965
3016,sr:venue:83170,Hurd Tennis Center - Court 05,"Waco, TX",USA,USA,America/Chicago,sr:complex:69965
3017,sr:venue:83172,Hurd Tennis Center - Court 05,"Waco, TX",USA,USA,America/Chicago,sr:complex:69965
3018,sr:venue:48965,Court 2,"Austin, TX",USA,USA,America/Chicago,sr:complex:69971
3019,sr:venue:48967,Court 1,"Austin, TX",USA,USA,America/Chicago,sr:complex:69971
3020,sr:venue:48971,Court 5,"Austin, TX",USA,USA,America/Chicago,sr:complex:69971
3021,sr:venue:48973,Court 3,"Austin, TX",USA,USA,America/Chicago,sr:complex:69971
3022,sr:venue:48975,Court 6,"Austin, TX",USA,USA,America/Chicago,sr:complex:69971
3023,sr:venue:48977,Court 4,"Austin, TX",USA,USA,America/Chicago,sr:complex:69971
3024,sr:venue:70041,Stadium,"Austin, TX",USA,USA,America/Chicago,sr:complex:69971
3025,sr:venue:70043,Grandstand,"Austin, TX",USA,USA,America/Chicago,sr:complex:69971
3026,sr:venue:76923,Court 8,"Austin, TX",USA,USA,America/Chicago,sr:complex:69971
3027,sr:venue:82001,Center Court,"Austin, TX",USA,USA,America/Chicago,sr:complex:69971
3028,sr:venue:82003,Court 11,"Austin, TX",USA,USA,America/Chicago,sr:complex:69971
3029,sr:venue:70273,Court 1,Birmingham,England,ENG,Europe/London,sr:complex:70271
3030,sr:venue:70275,Court 2,Birmingham,England,ENG,Europe/London,sr:complex:70271
3031,sr:venue:70277,Court 3,Birmingham,England,ENG,Europe/London,sr:complex:70271
3032,sr:venue:70279,Court 4,Birmingham,England,ENG,Europe/London,sr:complex:70271
3033,sr:venue:77055,MINORU YONEYAMA CRT,Birmingham,England,ENG,Europe/London,sr:complex:70271
3034,sr:venue:77057,12BET COURT,Birmingham,England,ENG,Europe/London,sr:complex:70271
3035,sr:venue:29612,Pista 1,Les Franqueses Del Valles,Spain,ESP,Europe/Madrid,sr:complex:70335
3036,sr:venue:29614,Court 6,Les Franqueses Del Valles,Spain,ESP,Europe/Madrid,sr:complex:70335
3037,sr:venue:29616,Court 2,Les Franqueses Del Valles,Spain,ESP,Europe/Madrid,sr:complex:70335
3038,sr:venue:29620,Court 8,Les Franqueses Del Valles,Spain,ESP,Europe/Madrid,sr:complex:70335
3039,sr:venue:29622,Court 7,Les Franqueses Del Valles,Spain,ESP,Europe/Madrid,sr:complex:70335
3040,sr:venue:29716,Court 5,Les Franqueses Del Valles,Spain,ESP,Europe/Madrid,sr:complex:70335
3041,sr:venue:61247,Pista Central,Les Franqueses Del Valles,Spain,ESP,Europe/Madrid,sr:complex:70335
3042,sr:venue:67189,Pista 4,Les Franqueses Del Valles,Spain,ESP,Europe/Madrid,sr:complex:70335
3043,sr:venue:67191,Pista 3,Les Franqueses Del Valles,Spain,ESP,Europe/Madrid,sr:complex:70335
3044,sr:venue:52489,Pista Central,Girona,Spain,ESP,Europe/Madrid,sr:complex:70345
3045,sr:venue:52491,Pista 2,Girona,Spain,ESP,Europe/Madrid,sr:complex:70345
3046,sr:venue:61066,Court 14,Girona,Spain,ESP,Europe/Madrid,sr:complex:70345
3047,sr:venue:61070,Court 11,Girona,Spain,ESP,Europe/Madrid,sr:complex:70345
3048,sr:venue:61072,Court 10,Girona,Spain,ESP,Europe/Madrid,sr:complex:70345
3049,sr:venue:61074,Court 12,Girona,Spain,ESP,Europe/Madrid,sr:complex:70345
3050,sr:venue:61076,Court 13,Girona,Spain,ESP,Europe/Madrid,sr:complex:70345
3051,sr:venue:61078,Court 9,Girona,Spain,ESP,Europe/Madrid,sr:complex:70345
3052,sr:venue:61080,Court 8,Girona,Spain,ESP,Europe/Madrid,sr:complex:70345
3053,sr:venue:61144,Pista 5,Girona,Spain,ESP,Europe/Madrid,sr:complex:70345
3054,sr:venue:61146,Court 1,Girona,Spain,ESP,Europe/Madrid,sr:complex:70345
3055,sr:venue:61148,Court 3,Girona,Spain,ESP,Europe/Madrid,sr:complex:70345
3056,sr:venue:61150,Court 6,Girona,Spain,ESP,Europe/Madrid,sr:complex:70345
3057,sr:venue:61152,Pista 4,Girona,Spain,ESP,Europe/Madrid,sr:complex:70345
3058,sr:venue:66965,Court 2,Girona,Spain,ESP,Europe/Madrid,sr:complex:70345
3059,sr:venue:70709,Estadio Mextenis,Leon,Mexico,MEX,America/Mexico_City,sr:complex:70661
3060,sr:venue:70711,Grandstand Mifel,Leon,Mexico,MEX,America/Mexico_City,sr:complex:70661
3061,sr:venue:70713,Court 1,Leon,Mexico,MEX,America/Mexico_City,sr:complex:70661
3062,sr:venue:63263,Court 1,Split,Croatia,HRV,Europe/Zagreb,sr:complex:70663
3063,sr:venue:63269,Court 3,Split,Croatia,HRV,Europe/Zagreb,sr:complex:70663
3064,sr:venue:63271,Court 2,Split,Croatia,HRV,Europe/Zagreb,sr:complex:70663
3065,sr:venue:70761,Court Practice 8,Split,Croatia,HRV,Europe/Zagreb,sr:complex:70663
3066,sr:venue:70803,Indoor Court,Split,Croatia,HRV,Europe/Zagreb,sr:complex:70663
3067,sr:venue:63677,Teremeer Court,Troisdorf,Germany,DEU,Europe/Berlin,sr:complex:71287
3068,sr:venue:71389,Saturn Center Court,Troisdorf,Germany,DEU,Europe/Berlin,sr:complex:71287
3069,sr:venue:71409,B&B Court,Troisdorf,Germany,DEU,Europe/Berlin,sr:complex:71287
3070,sr:venue:29346,Court 2,La Bisbal D Emporda,Spain,ESP,Europe/Madrid,sr:complex:71431
3071,sr:venue:29348,Court 1,La Bisbal D Emporda,Spain,ESP,Europe/Madrid,sr:complex:71431
3072,sr:venue:29356,Court 4,La Bisbal D Emporda,Spain,ESP,Europe/Madrid,sr:complex:71431
3073,sr:venue:29358,Court 3,La Bisbal D Emporda,Spain,ESP,Europe/Madrid,sr:complex:71431
3074,sr:venue:39425,Center Court,La Bisbal D Emporda,Spain,ESP,Europe/Madrid,sr:complex:71431
3075,sr:venue:39479,Court 5,La Bisbal D Emporda,Spain,ESP,Europe/Madrid,sr:complex:71431
3076,sr:venue:58388,Pista Central,La Bisbal D Emporda,Spain,ESP,Europe/Madrid,sr:complex:71431
3077,sr:venue:71925,Table 1,Tunis,Tunisia,TUN,Africa/Tunis,sr:complex:71923
3078,sr:venue:71927,Table 2,Tunis,Tunisia,TUN,Africa/Tunis,sr:complex:71923
3079,sr:venue:71929,Table 3,Tunis,Tunisia,TUN,Africa/Tunis,sr:complex:71923
3080,sr:venue:71931,Table 4,Tunis,Tunisia,TUN,Africa/Tunis,sr:complex:71923
3081,sr:venue:71999,Center Court,Modena,Italy,ITA,Europe/Rome,sr:complex:71961
3082,sr:venue:72001,Court 4,Modena,Italy,ITA,Europe/Rome,sr:complex:71961
3083,sr:venue:72003,Court 3,Modena,Italy,ITA,Europe/Rome,sr:complex:71961
3084,sr:venue:72115,Center Court,Bloomfield Hills,USA,USA,UTC,sr:complex:72061
3085,sr:venue:72117,Court 2,Bloomfield Hills,USA,USA,UTC,sr:complex:72061
3086,sr:venue:72119,Court 3,Bloomfield Hills,USA,USA,UTC,sr:complex:72061
3087,sr:venue:78571,Stadium,Bloomfield Hills,USA,USA,UTC,sr:complex:72061
3088,sr:venue:78573,Court 1,Bloomfield Hills,USA,USA,UTC,sr:complex:72061
3089,sr:venue:72525,Center Court,Nice,France,FRA,Europe/Paris,sr:complex:72523
3090,sr:venue:72527,Court 1,Nice,France,FRA,Europe/Paris,sr:complex:72523
3091,sr:venue:14672,Center Court,Segovia,Spain,ESP,Europe/Madrid,sr:complex:72533
3092,sr:venue:14674,Court 1,Segovia,Spain,ESP,Europe/Madrid,sr:complex:72533
3093,sr:venue:14676,Court 2,Segovia,Spain,ESP,Europe/Madrid,sr:complex:72533
3094,sr:venue:22122,Court 3,Segovia,Spain,ESP,Europe/Madrid,sr:complex:72533
3095,sr:venue:32175,Court 4,Segovia,Spain,ESP,Europe/Madrid,sr:complex:72533
3096,sr:venue:65135,Pedro Munoz,Segovia,Spain,ESP,Europe/Madrid,sr:complex:72533
3097,sr:venue:65137,Pista 1,Segovia,Spain,ESP,Europe/Madrid,sr:complex:72533
3098,sr:venue:65139,Pista 4,Segovia,Spain,ESP,Europe/Madrid,sr:complex:72533
3099,sr:venue:83420,Pista 3,Segovia,Spain,ESP,Europe/Madrid,sr:complex:72533
3100,sr:venue:88792,Pista 2,Segovia,Spain,ESP,Europe/Madrid,sr:complex:72533
3101,sr:venue:18529,Grandstand,Los Cabos,Mexico,MEX,America/Mexico_City,sr:complex:72677
3102,sr:venue:59290,Court 3,Los Cabos,Mexico,MEX,America/Mexico_City,sr:complex:72677
3103,sr:venue:72679,STADIUM CSC,Los Cabos,Mexico,MEX,America/Mexico_City,sr:complex:72677
3104,sr:venue:72681,Center Court,Los Cabos,Mexico,MEX,America/Mexico_City,sr:complex:72677
3105,sr:venue:72683,Cancha 1,Los Cabos,Mexico,MEX,America/Mexico_City,sr:complex:72677
3106,sr:venue:72685,Cancha 2,Los Cabos,Mexico,MEX,America/Mexico_City,sr:complex:72677
3107,sr:venue:72689,Court 4,Los Cabos,Mexico,MEX,America/Mexico_City,sr:complex:72677
3108,sr:venue:72883,Estadio Mextenis,Los Cabos,Mexico,MEX,America/Mexico_City,sr:complex:72677
3109,sr:venue:88848,Estadio Alejandro Burillo,Los Cabos,Mexico,MEX,America/Mexico_City,sr:complex:72677
3110,sr:venue:1950,Court 6,"Stanford, CA",USA,USA,America/Los_Angeles,sr:complex:73167
3111,sr:venue:73169,Center Court,"Stanford, CA",USA,USA,America/Los_Angeles,sr:complex:73167
3112,sr:venue:73171,Court 1,"Stanford, CA",USA,USA,America/Los_Angeles,sr:complex:73167
3113,sr:venue:73173,Court 2,"Stanford, CA",USA,USA,America/Los_Angeles,sr:complex:73167
3114,sr:venue:73175,Court 3,"Stanford, CA",USA,USA,America/Los_Angeles,sr:complex:73167
3115,sr:venue:73177,Court 4,"Stanford, CA",USA,USA,America/Los_Angeles,sr:complex:73167
3116,sr:venue:31359,Stadium,Winnipeg,Canada,CAN,America/Chicago,sr:complex:73179
3117,sr:venue:73181,Center Court,Winnipeg,Canada,CAN,America/Chicago,sr:complex:73179
3118,sr:venue:73183,Court 1,Winnipeg,Canada,CAN,America/Chicago,sr:complex:73179
3119,sr:venue:73185,Court 2,Winnipeg,Canada,CAN,America/Chicago,sr:complex:73179
3120,sr:venue:73187,Court 4,Winnipeg,Canada,CAN,America/Chicago,sr:complex:73179
3121,sr:venue:73189,Court 3,Winnipeg,Canada,CAN,America/Chicago,sr:complex:73179
3122,sr:venue:73193,Center Court,Barranquilla,Colombia,COL,America/Bogota,sr:complex:73191
3123,sr:venue:73195,Court 1,Barranquilla,Colombia,COL,America/Bogota,sr:complex:73191
3124,sr:venue:73197,Court 2,Barranquilla,Colombia,COL,America/Bogota,sr:complex:73191
3125,sr:venue:73199,Court 3,Barranquilla,Colombia,COL,America/Bogota,sr:complex:73191
3126,sr:venue:73201,Court 4,Barranquilla,Colombia,COL,America/Bogota,sr:complex:73191
3127,sr:venue:74043,AO Arena,Manchester,England,ENG,Europe/London,sr:complex:73227
3128,sr:venue:23392,Central Court,Zhangjiagang,China,CHN,Asia/Shanghai,sr:complex:73463
3129,sr:venue:23394,Court 5,Zhangjiagang,China,CHN,Asia/Shanghai,sr:complex:73463
3130,sr:venue:23396,Court 6,Zhangjiagang,China,CHN,Asia/Shanghai,sr:complex:73463
3131,sr:venue:23398,Court 7,Zhangjiagang,China,CHN,Asia/Shanghai,sr:complex:73463
3132,sr:venue:23410,Court Indoor 11,Zhangjiagang,China,CHN,Asia/Shanghai,sr:complex:73463
3133,sr:venue:23412,Court Indoor 10,Zhangjiagang,China,CHN,Asia/Shanghai,sr:complex:73463
3134,sr:venue:23414,Indoor 12,Zhangjiagang,China,CHN,Asia/Shanghai,sr:complex:73463
3135,sr:venue:83793,Court Indoor 9,Zhangjiagang,China,CHN,Asia/Shanghai,sr:complex:73463
3136,sr:venue:73967,Court 1,Ljubljana,Slovenia,SVN,Europe/Ljubljana,sr:complex:73795
3137,sr:venue:73969,Court 3,Ljubljana,Slovenia,SVN,Europe/Ljubljana,sr:complex:73795
3138,sr:venue:73971,Court Mima Jausovec,Ljubljana,Slovenia,SVN,Europe/Ljubljana,sr:complex:73795
3139,sr:venue:73983,Court 8,Ljubljana,Slovenia,SVN,Europe/Ljubljana,sr:complex:73795
3140,sr:venue:79835,Court 7,Ljubljana,Slovenia,SVN,Europe/Ljubljana,sr:complex:73795
3141,sr:venue:73799,Center Court,Guangzhou,China,CHN,Asia/Shanghai,sr:complex:73797
3142,sr:venue:73801,Court 1,Guangzhou,China,CHN,Asia/Shanghai,sr:complex:73797
3143,sr:venue:73803,Court 2,Guangzhou,China,CHN,Asia/Shanghai,sr:complex:73797
3144,sr:venue:73805,Court 3,Guangzhou,China,CHN,Asia/Shanghai,sr:complex:73797
3145,sr:venue:73887,Court 5,Guangzhou,China,CHN,Asia/Shanghai,sr:complex:73797
3146,sr:venue:73951,Indoor 9,Guangzhou,China,CHN,Asia/Shanghai,sr:complex:73797
3147,sr:venue:73953,Indoor 10,Guangzhou,China,CHN,Asia/Shanghai,sr:complex:73797
3148,sr:venue:73955,Indoor 11,Guangzhou,China,CHN,Asia/Shanghai,sr:complex:73797
3149,sr:venue:73985,Court 6,Guangzhou,China,CHN,Asia/Shanghai,sr:complex:73797
3150,sr:venue:77715,Indoor Court,Guangzhou,China,CHN,Asia/Shanghai,sr:complex:73797
3151,sr:venue:23936,Court 7,Santa Cruz de la Sierra,Bolivia,BOL,America/La_Paz,sr:complex:73807
3152,sr:venue:34168,Court 9,Santa Cruz de la Sierra,Bolivia,BOL,America/La_Paz,sr:complex:73807
3153,sr:venue:73809,Center Court,Santa Cruz de la Sierra,Bolivia,BOL,America/La_Paz,sr:complex:73807
3154,sr:venue:73811,Court 1,Santa Cruz de la Sierra,Bolivia,BOL,America/La_Paz,sr:complex:73807
3155,sr:venue:73813,Court 2,Santa Cruz de la Sierra,Bolivia,BOL,America/La_Paz,sr:complex:73807
3156,sr:venue:73815,Court 3,Santa Cruz de la Sierra,Bolivia,BOL,America/La_Paz,sr:complex:73807
3157,sr:venue:74035,Cancha Central,Santa Cruz de la Sierra,Bolivia,BOL,America/La_Paz,sr:complex:73807
3158,sr:venue:74037,Cancha 1,Santa Cruz de la Sierra,Bolivia,BOL,America/La_Paz,sr:complex:73807
3159,sr:venue:74039,Cancha 2,Santa Cruz de la Sierra,Bolivia,BOL,America/La_Paz,sr:complex:73807
3160,sr:venue:73819,Court 3,Szczecin,Poland,POL,Europe/Warsaw,sr:complex:73817
3161,sr:venue:73821,Court 2,Szczecin,Poland,POL,Europe/Warsaw,sr:complex:73817
3162,sr:venue:73823,Court 1,Szczecin,Poland,POL,Europe/Warsaw,sr:complex:73817
3163,sr:venue:73825,Center Bohdan Tomaszewski,Szczecin,Poland,POL,Europe/Warsaw,sr:complex:73817
3164,sr:venue:84061,COURT 6,Szczecin,Poland,POL,Europe/Warsaw,sr:complex:73817
3165,sr:venue:26202,Cancha 7,Antofagasta,Chile,CHL,America/Santiago,sr:complex:73997
3166,sr:venue:26204,Cancha 8,Antofagasta,Chile,CHL,America/Santiago,sr:complex:73997
3167,sr:venue:73999,Cancha Central,Antofagasta,Chile,CHL,America/Santiago,sr:complex:73997
3168,sr:venue:74001,Court 1,Antofagasta,Chile,CHL,America/Santiago,sr:complex:73997
3169,sr:venue:74003,Court 2,Antofagasta,Chile,CHL,America/Santiago,sr:complex:73997
3170,sr:venue:74005,Court 3,Antofagasta,Chile,CHL,America/Santiago,sr:complex:73997
3171,sr:venue:74009,Center Court,Bad Waltersdorf,Austria,AUT,Europe/Vienna,sr:complex:74007
3172,sr:venue:74011,Court 1,Bad Waltersdorf,Austria,AUT,Europe/Vienna,sr:complex:74007
3173,sr:venue:74013,Court 2,Bad Waltersdorf,Austria,AUT,Europe/Vienna,sr:complex:74007
3174,sr:venue:74015,Court 3,Bad Waltersdorf,Austria,AUT,Europe/Vienna,sr:complex:74007
3175,sr:venue:65995,Court 4,"Columbus, OH",USA,USA,America/New_York,sr:complex:74017
3176,sr:venue:74019,Center Court,"Columbus, OH",USA,USA,America/New_York,sr:complex:74017
3177,sr:venue:74021,Court 1,"Columbus, OH",USA,USA,America/New_York,sr:complex:74017
3178,sr:venue:74023,Court 2,"Columbus, OH",USA,USA,America/New_York,sr:complex:74017
3179,sr:venue:74025,Court 3,"Columbus, OH",USA,USA,America/New_York,sr:complex:74017
3180,sr:venue:88858,Ty Tucker Tennis Center - Court 05,"Columbus, OH",USA,USA,America/New_York,sr:complex:74017
3181,sr:venue:88878,Ty Tucker Tennis Center - Court 06,"Columbus, OH",USA,USA,America/New_York,sr:complex:74017
3182,sr:venue:88880,Ty Tucker Tennis Center - Court 01,"Columbus, OH",USA,USA,America/New_York,sr:complex:74017
3183,sr:venue:88882,Ty Tucker Tennis Center - Court 02,"Columbus, OH",USA,USA,America/New_York,sr:complex:74017
3184,sr:venue:88884,Ty Tucker Tennis Center - Court 03,"Columbus, OH",USA,USA,America/New_York,sr:complex:74017
3185,sr:venue:88886,Ty Tucker Tennis Center - Court 04,"Columbus, OH",USA,USA,America/New_York,sr:complex:74017
3186,sr:venue:74175,Center Court,Astana,Kazakhstan,KAZ,Asia/Almaty,sr:complex:74173
3187,sr:venue:74177,Court 1,Astana,Kazakhstan,KAZ,Asia/Almaty,sr:complex:74173
3188,sr:venue:74179,Court 2,Astana,Kazakhstan,KAZ,Asia/Almaty,sr:complex:74173
3189,sr:venue:74181,Court 3,Astana,Kazakhstan,KAZ,Asia/Almaty,sr:complex:74173
3190,sr:venue:78771,Court 4,Astana,Kazakhstan,KAZ,Asia/Almaty,sr:complex:74173
3191,sr:venue:88946,Court 5,Astana,Kazakhstan,KAZ,Asia/Almaty,sr:complex:74173
3192,sr:venue:18043,Cancha 3,Bogota,Colombia,COL,America/Bogota,sr:complex:74183
3193,sr:venue:19010,Cancha Central,Bogota,Colombia,COL,America/Bogota,sr:complex:74183
3194,sr:venue:19012,Cancha 1,Bogota,Colombia,COL,America/Bogota,sr:complex:74183
3195,sr:venue:19014,Cancha 2,Bogota,Colombia,COL,America/Bogota,sr:complex:74183
3196,sr:venue:74185,Center Court,Bogota,Colombia,COL,America/Bogota,sr:complex:74183
3197,sr:venue:74187,Court 1,Bogota,Colombia,COL,America/Bogota,sr:complex:74183
3198,sr:venue:74189,Court 2,Bogota,Colombia,COL,America/Bogota,sr:complex:74183
3199,sr:venue:74191,Court 3,Bogota,Colombia,COL,America/Bogota,sr:complex:74183
3200,sr:venue:74199,Court 2,Orleans,France,FRA,Europe/Paris,sr:complex:74193
3201,sr:venue:74201,Court 3,Orleans,France,FRA,Europe/Paris,sr:complex:74193
3202,sr:venue:74254,Central Arena,Orleans,France,FRA,Europe/Paris,sr:complex:74193
3203,sr:venue:80093,St Cyr En Val No.2,Orleans,France,FRA,Europe/Paris,sr:complex:74193
3204,sr:venue:74656,Cloto Arena,Olbia,Italy,ITA,Europe/Rome,sr:complex:74586
3205,sr:venue:74658,Campo 1,Olbia,Italy,ITA,Europe/Rome,sr:complex:74586
3206,sr:venue:74660,Campo 2,Olbia,Italy,ITA,Europe/Rome,sr:complex:74586
3207,sr:venue:80663,Indoor 5,Olbia,Italy,ITA,Europe/Rome,sr:complex:74586
3208,sr:venue:80665,Indoor 7,Olbia,Italy,ITA,Europe/Rome,sr:complex:74586
3209,sr:venue:84597,Court 1,Olbia,Italy,ITA,Europe/Rome,sr:complex:74586
3210,sr:venue:84599,Court 2,Olbia,Italy,ITA,Europe/Rome,sr:complex:74586
3211,sr:venue:84686,Court 3,Olbia,Italy,ITA,Europe/Rome,sr:complex:74586
3212,sr:venue:18611,Quadra Pedro Amadeu,Curitiba,Brazil,BRA,Brazil/East,sr:complex:74732
3213,sr:venue:27297,Indoor 2,Curitiba,Brazil,BRA,Brazil/East,sr:complex:74732
3214,sr:venue:27299,Indoor 1,Curitiba,Brazil,BRA,Brazil/East,sr:complex:74732
3215,sr:venue:38762,Quadra 1,Curitiba,Brazil,BRA,Brazil/East,sr:complex:74732
3216,sr:venue:74802,Quadra Central,Curitiba,Brazil,BRA,Brazil/East,sr:complex:74732
3217,sr:venue:74950,Indoor 11,Curitiba,Brazil,BRA,Brazil/East,sr:complex:74732
3218,sr:venue:74952,Indoor 12,Curitiba,Brazil,BRA,Brazil/East,sr:complex:74732
3219,sr:venue:84611,Quadra 2,Curitiba,Brazil,BRA,Brazil/East,sr:complex:74732
3220,sr:venue:74776,Stadium 2,Tampico,Mexico,MEX,America/Mexico_City,sr:complex:74734
3221,sr:venue:74778,Stadium 3,Tampico,Mexico,MEX,America/Mexico_City,sr:complex:74734
3222,sr:venue:74812,Stadium 1,Tampico,Mexico,MEX,America/Mexico_City,sr:complex:74734
3223,sr:venue:84581,Center Court,Tampico,Mexico,MEX,America/Mexico_City,sr:complex:74734
3224,sr:venue:84583,Court 3,Tampico,Mexico,MEX,America/Mexico_City,sr:complex:74734
3225,sr:venue:84585,Court 2,Tampico,Mexico,MEX,America/Mexico_City,sr:complex:74734
3226,sr:venue:74826,Huafa Center Court,Zhuhai,China,CHN,Asia/Shanghai,sr:complex:74736
3227,sr:venue:74910,Estadio Paradisus,Cancun,Mexico,MEX,America/Mexico_City,sr:complex:74912
3228,sr:venue:74964,Center Court,Sofia,Bulgaria,BGR,Europe/Sofia,sr:complex:74962
3229,sr:venue:74966,Court 1,Sofia,Bulgaria,BGR,Europe/Sofia,sr:complex:74962
3230,sr:venue:74968,Court 2,Sofia,Bulgaria,BGR,Europe/Sofia,sr:complex:74962
3231,sr:venue:74970,Court 3,Sofia,Bulgaria,BGR,Europe/Sofia,sr:complex:74962
3232,sr:venue:66069,Court 4,Danderyd,Sweden,SWE,Europe/Stockholm,sr:complex:75062
3233,sr:venue:66071,Court 2,Danderyd,Sweden,SWE,Europe/Stockholm,sr:complex:75062
3234,sr:venue:66073,Court 5,Danderyd,Sweden,SWE,Europe/Stockholm,sr:complex:75062
3235,sr:venue:75150,Court 1,Danderyd,Sweden,SWE,Europe/Stockholm,sr:complex:75062
3236,sr:venue:67651,Court 5,Colina,Chile,CHL,America/Santiago,sr:complex:75070
3237,sr:venue:74980,Centre Court,Colina,Chile,CHL,America/Santiago,sr:complex:75070
3238,sr:venue:74982,Court 1,Colina,Chile,CHL,America/Santiago,sr:complex:75070
3239,sr:venue:74984,Court 2,Colina,Chile,CHL,America/Santiago,sr:complex:75070
3240,sr:venue:75120,Grandstand,Colina,Chile,CHL,America/Santiago,sr:complex:75070
3241,sr:venue:75198,Quadra 9,Brasilia,Brazil,BRA,Brazil/East,sr:complex:75192
3242,sr:venue:75304,Quadra 3,Brasilia,Brazil,BRA,Brazil/East,sr:complex:75192
3243,sr:venue:75338,Quadra 4,Brasilia,Brazil,BRA,Brazil/East,sr:complex:75192
3244,sr:venue:61947,Center Court,Florianopolis,Brazil,BRA,America/Sao_Paulo,sr:complex:75200
3245,sr:venue:62033,Court 1,Florianopolis,Brazil,BRA,America/Sao_Paulo,sr:complex:75200
3246,sr:venue:62035,Court 2,Florianopolis,Brazil,BRA,America/Sao_Paulo,sr:complex:75200
3247,sr:venue:75202,Quadra Central,Florianopolis,Brazil,BRA,America/Sao_Paulo,sr:complex:75200
3248,sr:venue:75204,Quadra 1,Florianopolis,Brazil,BRA,America/Sao_Paulo,sr:complex:75200
3249,sr:venue:75206,Quadra 2,Florianopolis,Brazil,BRA,America/Sao_Paulo,sr:complex:75200
3250,sr:venue:75208,Quadra 3,Florianopolis,Brazil,BRA,America/Sao_Paulo,sr:complex:75200
3251,sr:venue:81423,Indoor Court,Florianopolis,Brazil,BRA,America/Sao_Paulo,sr:complex:75200
3252,sr:venue:75609,Platz 1,Baden-Wurttemberg,Germany,DEU,Europe/Berlin,sr:complex:75607
3253,sr:venue:75611,Platz 2,Baden-Wurttemberg,Germany,DEU,Europe/Berlin,sr:complex:75607
3254,sr:venue:75613,Platz 3,Baden-Wurttemberg,Germany,DEU,Europe/Berlin,sr:complex:75607
3255,sr:venue:75615,Platz 4,Baden-Wurttemberg,Germany,DEU,Europe/Berlin,sr:complex:75607
3256,sr:venue:75723,Court 1,Hangzhou,China,CHN,Asia/Shanghai,sr:complex:75721
3257,sr:venue:75725,Court 2,Hangzhou,China,CHN,Asia/Shanghai,sr:complex:75721
3258,sr:venue:80041,Center Court,Hangzhou,China,CHN,Asia/Shanghai,sr:complex:75721
3259,sr:venue:80053,Indoor 1,Hangzhou,China,CHN,Asia/Shanghai,sr:complex:75721
3260,sr:venue:80325,Court 3,Hangzhou,China,CHN,Asia/Shanghai,sr:complex:75721
3261,sr:venue:80365,Indoor 2,Hangzhou,China,CHN,Asia/Shanghai,sr:complex:75721
3262,sr:venue:80367,Indoor 3,Hangzhou,China,CHN,Asia/Shanghai,sr:complex:75721
3263,sr:venue:75733,Kurt 1,Ricany,Czechia,CZE,Europe/Prague,sr:complex:75731
3264,sr:venue:75735,Kurt 2,Ricany,Czechia,CZE,Europe/Prague,sr:complex:75731
3265,sr:venue:76185,Match Court,Trinec,Czechia,CZE,Europe/Prague,sr:complex:76035
3266,sr:venue:81865,Cancha Central,Rosario,Argentina,ARG,America/Argentina/Buenos_Aires,sr:complex:76037
3267,sr:venue:81867,Cancha 1,Rosario,Argentina,ARG,America/Argentina/Buenos_Aires,sr:complex:76037
3268,sr:venue:81869,Cancha 2,Rosario,Argentina,ARG,America/Argentina/Buenos_Aires,sr:complex:76037
3269,sr:venue:1385,Centre Court,Linz,Austria,AUT,Europe/Vienna,sr:complex:76089
3270,sr:venue:1386,Match Court 1,Linz,Austria,AUT,Europe/Vienna,sr:complex:76089
3271,sr:venue:16842,Indoor 1,Guangzhou,China,CHN,Asia/Shanghai,sr:complex:76107
3272,sr:venue:16846,Indoor 3,Guangzhou,China,CHN,Asia/Shanghai,sr:complex:76107
3273,sr:venue:79785,Court 1,Guangzhou,China,CHN,Asia/Shanghai,sr:complex:76107
3274,sr:venue:79787,Court 5,Guangzhou,China,CHN,Asia/Shanghai,sr:complex:76107
3275,sr:venue:79789,Court 6,Guangzhou,China,CHN,Asia/Shanghai,sr:complex:76107
3276,sr:venue:83929,Court 2,Guangzhou,China,CHN,Asia/Shanghai,sr:complex:76107
3277,sr:venue:83931,Center Court,Guangzhou,China,CHN,Asia/Shanghai,sr:complex:76107
3278,sr:venue:25808,Center Court,Mumbai,India,IND,Asia/Kolkata,sr:complex:76151
3279,sr:venue:25810,Court 1,Mumbai,India,IND,Asia/Kolkata,sr:complex:76151
3280,sr:venue:25812,Court 2,Mumbai,India,IND,Asia/Kolkata,sr:complex:76151
3281,sr:venue:25814,Court 3,Mumbai,India,IND,Asia/Kolkata,sr:complex:76151
3282,sr:venue:76929,Centre Court,New Delhi,India,IND,Asia/Kolkata,sr:complex:76885
3283,sr:venue:76931,Court 1,New Delhi,India,IND,Asia/Kolkata,sr:complex:76885
3284,sr:venue:76933,Court 2,New Delhi,India,IND,Asia/Kolkata,sr:complex:76885
3285,sr:venue:71539,Court 2,Kigali,Rwanda,RWA,Africa/Kigali,sr:complex:76887
3286,sr:venue:71541,Court 1,Kigali,Rwanda,RWA,Africa/Kigali,sr:complex:76887
3287,sr:venue:71543,Court 3,Kigali,Rwanda,RWA,Africa/Kigali,sr:complex:76887
3288,sr:venue:71545,Court 4,Kigali,Rwanda,RWA,Africa/Kigali,sr:complex:76887
3289,sr:venue:71547,Center Court,Kigali,Rwanda,RWA,Africa/Kigali,sr:complex:76887
3290,sr:venue:77257,Central Court,Barcelona,Spain,ESP,Europe/Madrid,sr:complex:77217
3291,sr:venue:77259,Court 1,Barcelona,Spain,ESP,Europe/Madrid,sr:complex:77217
3292,sr:venue:77261,Court 2,Barcelona,Spain,ESP,Europe/Madrid,sr:complex:77217
3293,sr:venue:2086,Center Court,Bucharest,Romania,ROU,Europe/Bucharest,sr:complex:77389
3294,sr:venue:62047,Cancha 2,San Miguel de Tucuman,Argentina,ARG,America/Argentina/Cordoba,sr:complex:77391
3295,sr:venue:62059,Cancha 1,San Miguel de Tucuman,Argentina,ARG,America/Argentina/Cordoba,sr:complex:77391
3296,sr:venue:67697,Cancha Central,San Miguel de Tucuman,Argentina,ARG,America/Argentina/Cordoba,sr:complex:77391
3297,sr:venue:76939,Cancha 7,San Miguel de Tucuman,Argentina,ARG,America/Argentina/Cordoba,sr:complex:77391
3298,sr:venue:77435,Cancha 9,San Miguel de Tucuman,Argentina,ARG,America/Argentina/Cordoba,sr:complex:77391
3299,sr:venue:88304,Cancha 8,San Miguel de Tucuman,Argentina,ARG,America/Argentina/Cordoba,sr:complex:77391
3300,sr:venue:2257,Cancha 2,Acapulco,Mexico,MEX,America/Mexico_City,sr:complex:77425
3301,sr:venue:2258,Cancha 3,Acapulco,Mexico,MEX,America/Mexico_City,sr:complex:77425
3302,sr:venue:2260,Cancha 1,Acapulco,Mexico,MEX,America/Mexico_City,sr:complex:77425
3303,sr:venue:13564,Grandstand,Acapulco,Mexico,MEX,America/Mexico_City,sr:complex:77425
3304,sr:venue:51479,Estadio Arena GNP Seguros,Acapulco,Mexico,MEX,America/Mexico_City,sr:complex:77425
3305,sr:venue:81337,Cancha Caliente,Acapulco,Mexico,MEX,America/Mexico_City,sr:complex:77425
3306,sr:venue:86092,Cancha Mifel,Acapulco,Mexico,MEX,America/Mexico_City,sr:complex:77425
3307,sr:venue:86094,Cancha Skechers,Acapulco,Mexico,MEX,America/Mexico_City,sr:complex:77425
3308,sr:venue:77567,Center Court,Lleida,Spain,ESP,Europe/Madrid,sr:complex:77517
3309,sr:venue:77569,Court 1,Lleida,Spain,ESP,Europe/Madrid,sr:complex:77517
3310,sr:venue:77583,Court 2,Lleida,Spain,ESP,Europe/Madrid,sr:complex:77517
3311,sr:venue:77597,Huafa Center Court,Wuxi,China,CHN,Asia/Shanghai,sr:complex:77595
3312,sr:venue:77599,Court 1,Wuxi,China,CHN,Asia/Shanghai,sr:complex:77595
3313,sr:venue:77601,Court 2,Wuxi,China,CHN,Asia/Shanghai,sr:complex:77595
3314,sr:venue:77603,Court 3,Wuxi,China,CHN,Asia/Shanghai,sr:complex:77595
3315,sr:venue:77605,Court 4,Wuxi,China,CHN,Asia/Shanghai,sr:complex:77595
3316,sr:venue:77607,Court 5,Wuxi,China,CHN,Asia/Shanghai,sr:complex:77595
3317,sr:venue:77609,Court 6,Wuxi,China,CHN,Asia/Shanghai,sr:complex:77595
3318,sr:venue:77611,Indoor 1,Wuxi,China,CHN,Asia/Shanghai,sr:complex:77595
3319,sr:venue:77613,Indoor 2,Wuxi,China,CHN,Asia/Shanghai,sr:complex:77595
3320,sr:venue:77717,Center Court,Wuxi,China,CHN,Asia/Shanghai,sr:complex:77595
3321,sr:venue:77617,Quadra Central,Santos,Brazil,BRA,Brazil/East,sr:complex:77615
3322,sr:venue:77619,Quadra De Lisonda,Santos,Brazil,BRA,Brazil/East,sr:complex:77615
3323,sr:venue:77621,Quadra Coberta,Santos,Brazil,BRA,Brazil/East,sr:complex:77615
3324,sr:venue:77623,Quadra 1,Santos,Brazil,BRA,Brazil/East,sr:complex:77615
3325,sr:venue:77625,Quadra 2,Santos,Brazil,BRA,Brazil/East,sr:complex:77615
3326,sr:venue:77627,Quadra 3,Santos,Brazil,BRA,Brazil/East,sr:complex:77615
3327,sr:venue:77629,Quadra 4,Santos,Brazil,BRA,Brazil/East,sr:complex:77615
3328,sr:venue:77631,Quadra 5,Santos,Brazil,BRA,Brazil/East,sr:complex:77615
3329,sr:venue:77633,Quadra 6,Santos,Brazil,BRA,Brazil/East,sr:complex:77615
3330,sr:venue:82575,Indoor 1,Santos,Brazil,BRA,Brazil/East,sr:complex:77615
3331,sr:venue:11741,Campo 1,Oeiras,Portugal,PRT,Europe/Lisbon,sr:complex:77763
3332,sr:venue:29608,Court 5,Oeiras,Portugal,PRT,Europe/Lisbon,sr:complex:77763
3333,sr:venue:29610,Campo 4,Oeiras,Portugal,PRT,Europe/Lisbon,sr:complex:77763
3334,sr:venue:29618,Campo Central,Oeiras,Portugal,PRT,Europe/Lisbon,sr:complex:77763
3335,sr:venue:29624,Campo 3,Oeiras,Portugal,PRT,Europe/Lisbon,sr:complex:77763
3336,sr:venue:52907,Campo 2,Oeiras,Portugal,PRT,Europe/Lisbon,sr:complex:77763
3337,sr:venue:57910,Court 6,Oeiras,Portugal,PRT,Europe/Lisbon,sr:complex:77763
3338,sr:venue:82396,Campo 8,Oeiras,Portugal,PRT,Europe/Lisbon,sr:complex:77763
3339,sr:venue:82398,Court 15,Oeiras,Portugal,PRT,Europe/Lisbon,sr:complex:77763
3340,sr:venue:82400,Court 14,Oeiras,Portugal,PRT,Europe/Lisbon,sr:complex:77763
3341,sr:venue:82402,Court 16,Oeiras,Portugal,PRT,Europe/Lisbon,sr:complex:77763
3342,sr:venue:82406,Court 17,Oeiras,Portugal,PRT,Europe/Lisbon,sr:complex:77763
3343,sr:venue:82408,Court 10,Oeiras,Portugal,PRT,Europe/Lisbon,sr:complex:77763
3344,sr:venue:87750,Court 2,Oeiras,Portugal,PRT,Europe/Lisbon,sr:complex:77763
3345,sr:venue:87950,Court Central,Oeiras,Portugal,PRT,Europe/Lisbon,sr:complex:77763
3346,sr:venue:70991,Court 1,Kachreti,Georgia,GEO,Asia/Tbilisi,sr:complex:77883
3347,sr:venue:70993,Center Court,Kachreti,Georgia,GEO,Asia/Tbilisi,sr:complex:77883
3348,sr:venue:70995,Court 3,Kachreti,Georgia,GEO,Asia/Tbilisi,sr:complex:77883
3349,sr:venue:70997,Court 2,Kachreti,Georgia,GEO,Asia/Tbilisi,sr:complex:77883
3350,sr:venue:58382,Center Court,Zagreb,Croatia,HRV,Europe/Zagreb,sr:complex:78093
3351,sr:venue:71009,Court 1,Zagreb,Croatia,HRV,Europe/Zagreb,sr:complex:78093
3352,sr:venue:71051,Indoor 3,Zagreb,Croatia,HRV,Europe/Zagreb,sr:complex:78093
3353,sr:venue:71053,Indoor 2,Zagreb,Croatia,HRV,Europe/Zagreb,sr:complex:78093
3354,sr:venue:71055,Indoor 1,Zagreb,Croatia,HRV,Europe/Zagreb,sr:complex:78093
3355,sr:venue:77887,Court 4,Zagreb,Croatia,HRV,Europe/Zagreb,sr:complex:78093
3356,sr:venue:77895,Court 5,Zagreb,Croatia,HRV,Europe/Zagreb,sr:complex:78093
3357,sr:venue:78095,Court 2,Zagreb,Croatia,HRV,Europe/Zagreb,sr:complex:78093
3358,sr:venue:78097,Court 3,Zagreb,Croatia,HRV,Europe/Zagreb,sr:complex:78093
3359,sr:venue:78139,Court 6,Zagreb,Croatia,HRV,Europe/Zagreb,sr:complex:78093
3360,sr:venue:78141,Court 8,Zagreb,Croatia,HRV,Europe/Zagreb,sr:complex:78093
3361,sr:venue:87998,Court 10,Zagreb,Croatia,HRV,Europe/Zagreb,sr:complex:78093
3362,sr:venue:78491,Court 3,Brasov,Romania,ROU,Europe/Bucharest,sr:complex:78489
3363,sr:venue:78493,Court 2,Brasov,Romania,ROU,Europe/Bucharest,sr:complex:78489
3364,sr:venue:78495,Court 1,Brasov,Romania,ROU,Europe/Bucharest,sr:complex:78489
3365,sr:venue:78497,Center Court,Brasov,Romania,ROU,Europe/Bucharest,sr:complex:78489
3366,sr:venue:78625,Court 4,Brasov,Romania,ROU,Europe/Bucharest,sr:complex:78489
3367,sr:venue:78755,Center Court,Verona,Italy,ITA,Europe/Rome,sr:complex:78753
3368,sr:venue:78757,Court 1,Verona,Italy,ITA,Europe/Rome,sr:complex:78753
3369,sr:venue:78759,Court 2,Verona,Italy,ITA,Europe/Rome,sr:complex:78753
3370,sr:venue:78761,Court 3,Verona,Italy,ITA,Europe/Rome,sr:complex:78753
3371,sr:venue:78955,Campo 4,Verona,Italy,ITA,Europe/Rome,sr:complex:78753
3372,sr:venue:78961,Volvo Arena,Verona,Italy,ITA,Europe/Rome,sr:complex:78753
3373,sr:venue:78963,Campo 1,Verona,Italy,ITA,Europe/Rome,sr:complex:78753
3374,sr:venue:78965,Grandstand,Verona,Italy,ITA,Europe/Rome,sr:complex:78753
3375,sr:venue:80221,Centre Court,Hong Kong,"Hong Kong, China",HKG,Asia/Hong_Kong,sr:complex:78831
3376,sr:venue:80223,Court 1,Hong Kong,"Hong Kong, China",HKG,Asia/Hong_Kong,sr:complex:78831
3377,sr:venue:80261,Court 2,Hong Kong,"Hong Kong, China",HKG,Asia/Hong_Kong,sr:complex:78831
3378,sr:venue:79147,Center Court,Bonn,Germany,DEU,Europe/Berlin,sr:complex:79097
3379,sr:venue:79149,Court 1,Bonn,Germany,DEU,Europe/Berlin,sr:complex:79097
3380,sr:venue:79151,Court 3,Bonn,Germany,DEU,Europe/Berlin,sr:complex:79097
3381,sr:venue:79153,Court 2,Bonn,Germany,DEU,Europe/Berlin,sr:complex:79097
3382,sr:venue:79173,Center Court,"Lincoln, NE",USA,USA,America/Chicago,sr:complex:79103
3383,sr:venue:79175,Court 11,"Lincoln, NE",USA,USA,America/Chicago,sr:complex:79103
3384,sr:venue:79177,Sid and Hazel Dillon Tennis Center - Court 01,"Lincoln, NE",USA,USA,America/Chicago,sr:complex:79103
3385,sr:venue:80957,Sid and Hazel Dillon Tennis Center - Court 03,"Lincoln, NE",USA,USA,America/Chicago,sr:complex:79103
3386,sr:venue:80959,Sid and Hazel Dillon Tennis Center - Court 05,"Lincoln, NE",USA,USA,America/Chicago,sr:complex:79103
3387,sr:venue:83432,Sid and Hazel Dillon Tennis Center - Court 02,"Lincoln, NE",USA,USA,America/Chicago,sr:complex:79103
3388,sr:venue:84613,Stadium,"Lincoln, NE",USA,USA,America/Chicago,sr:complex:79103
3389,sr:venue:88658,Court 7,"Lincoln, NE",USA,USA,America/Chicago,sr:complex:79103
3390,sr:venue:34520,Court 1,Dobrich,Bulgaria,BGR,Europe/Sofia,sr:complex:79281
3391,sr:venue:34522,Center Court,Dobrich,Bulgaria,BGR,Europe/Sofia,sr:complex:79281
3392,sr:venue:34528,Court 2,Dobrich,Bulgaria,BGR,Europe/Sofia,sr:complex:79281
3393,sr:venue:34570,Court 3,Dobrich,Bulgaria,BGR,Europe/Sofia,sr:complex:79281
3394,sr:venue:31783,COURT 3,Olomouc,Czechia,CZE,Europe/Prague,sr:complex:79391
3395,sr:venue:43000,Court 2,Olomouc,Czechia,CZE,Europe/Prague,sr:complex:79391
3396,sr:venue:43010,Court 1,Olomouc,Czechia,CZE,Europe/Prague,sr:complex:79391
3397,sr:venue:45058,Table 1,Olomouc,Czechia,CZE,Europe/Prague,sr:complex:79391
3398,sr:venue:45060,Table 2,Olomouc,Czechia,CZE,Europe/Prague,sr:complex:79391
3399,sr:venue:45062,Table 3,Olomouc,Czechia,CZE,Europe/Prague,sr:complex:79391
3400,sr:venue:79471,Table 4,Olomouc,Czechia,CZE,Europe/Prague,sr:complex:79391
3401,sr:venue:79495,Table 5,Olomouc,Czechia,CZE,Europe/Prague,sr:complex:79391
3402,sr:venue:81437,Omega Sport - Court 01,Olomouc,Czechia,CZE,Europe/Prague,sr:complex:79391
3403,sr:venue:81439,Omega Sport - Court 02,Olomouc,Czechia,CZE,Europe/Prague,sr:complex:79391
3404,sr:venue:81529,Omega Sport - Court 3,Olomouc,Czechia,CZE,Europe/Prague,sr:complex:79391
3405,sr:venue:83150,Omega Sport - Court 05,Olomouc,Czechia,CZE,Europe/Prague,sr:complex:79391
3406,sr:venue:83152,Omega Sport - Court 06,Olomouc,Czechia,CZE,Europe/Prague,sr:complex:79391
3407,sr:venue:83218,Omega Sport - Court 07,Olomouc,Czechia,CZE,Europe/Prague,sr:complex:79391
3408,sr:venue:83805,Table 6,Olomouc,Czechia,CZE,Europe/Prague,sr:complex:79391
3409,sr:venue:83965,Court 05,Olomouc,Czechia,CZE,Europe/Prague,sr:complex:79391
3410,sr:venue:83967,Court 06,Olomouc,Czechia,CZE,Europe/Prague,sr:complex:79391
3411,sr:venue:83969,Court 07,Olomouc,Czechia,CZE,Europe/Prague,sr:complex:79391
3412,sr:venue:53877,Central Court,Porto,Portugal,PRT,Europe/Lisbon,sr:complex:79459
3413,sr:venue:58876,Court 2,Porto,Portugal,PRT,Europe/Lisbon,sr:complex:79459
3414,sr:venue:72933,Court 1,Porto,Portugal,PRT,Europe/Lisbon,sr:complex:79459
3415,sr:venue:79055,Central Eupago,Porto,Portugal,PRT,Europe/Lisbon,sr:complex:79459
3416,sr:venue:83448,Campo Central,Porto,Portugal,PRT,Europe/Lisbon,sr:complex:79459
3417,sr:venue:83450,Campo 2,Porto,Portugal,PRT,Europe/Lisbon,sr:complex:79459
3418,sr:venue:83452,Campo 3,Porto,Portugal,PRT,Europe/Lisbon,sr:complex:79459
3419,sr:venue:83492,Mc Donalds,Porto,Portugal,PRT,Europe/Lisbon,sr:complex:79459
3420,sr:venue:83494,Banco Carregosa,Porto,Portugal,PRT,Europe/Lisbon,sr:complex:79459
3421,sr:venue:79635,Court 1,Giza,Egypt,EGY,Africa/Cairo,sr:complex:79633
3422,sr:venue:79637,Court 2,Giza,Egypt,EGY,Africa/Cairo,sr:complex:79633
3423,sr:venue:79639,Court 3,Giza,Egypt,EGY,Africa/Cairo,sr:complex:79633
3424,sr:venue:79641,Court 4,Giza,Egypt,EGY,Africa/Cairo,sr:complex:79633
3425,sr:venue:79643,Court 5,Giza,Egypt,EGY,Africa/Cairo,sr:complex:79633
3426,sr:venue:79645,Court 6,Giza,Egypt,EGY,Africa/Cairo,sr:complex:79633
3427,sr:venue:79647,Court 7,Giza,Egypt,EGY,Africa/Cairo,sr:complex:79633
3428,sr:venue:79649,Court 8,Giza,Egypt,EGY,Africa/Cairo,sr:complex:79633
3429,sr:venue:79651,Court 9,Giza,Egypt,EGY,Africa/Cairo,sr:complex:79633
3430,sr:venue:79653,Court 10,Giza,Egypt,EGY,Africa/Cairo,sr:complex:79633
3431,sr:venue:33964,Central,Montreux,Switzerland,CHE,Europe/Zurich,sr:complex:79665
3432,sr:venue:33974,Court 1,Montreux,Switzerland,CHE,Europe/Zurich,sr:complex:79665
3433,sr:venue:33976,Court 2,Montreux,Switzerland,CHE,Europe/Zurich,sr:complex:79665
3434,sr:venue:13886,Centre Court,Santiago de Cali,Colombia,COL,America/Bogota,sr:complex:79837
3435,sr:venue:13888,Court 2,Santiago de Cali,Colombia,COL,America/Bogota,sr:complex:79837
3436,sr:venue:13892,Court 4,Santiago de Cali,Colombia,COL,America/Bogota,sr:complex:79837
3437,sr:venue:79945,Cancha Central,Santiago de Cali,Colombia,COL,America/Bogota,sr:complex:79837
3438,sr:venue:79947,Cancha 1,Santiago de Cali,Colombia,COL,America/Bogota,sr:complex:79837
3439,sr:venue:79949,Cancha 2,Santiago de Cali,Colombia,COL,America/Bogota,sr:complex:79837
3440,sr:venue:84459,Center Court,Santiago de Cali,Colombia,COL,America/Bogota,sr:complex:79837
3441,sr:venue:88438,Court 1,Plovdiv,Bulgaria,BGR,Europe/Sofia,sr:complex:79853
3442,sr:venue:88440,Court 2,Plovdiv,Bulgaria,BGR,Europe/Sofia,sr:complex:79853
3443,sr:venue:88442,Court 3,Plovdiv,Bulgaria,BGR,Europe/Sofia,sr:complex:79853
3444,sr:venue:23714,Center Court,Almaty,Kazakhstan,KAZ,Asia/Almaty,sr:complex:80193
3445,sr:venue:23720,Court 1,Almaty,Kazakhstan,KAZ,Asia/Almaty,sr:complex:80193
3446,sr:venue:80745,Center Court,Jiujiang,China,CHN,Asia/Shanghai,sr:complex:80737
3447,sr:venue:80747,Court 1,Jiujiang,China,CHN,Asia/Shanghai,sr:complex:80737
3448,sr:venue:80749,Court 2,Jiujiang,China,CHN,Asia/Shanghai,sr:complex:80737
3449,sr:venue:80811,Indoor 1,Jiujiang,China,CHN,Asia/Shanghai,sr:complex:80737
3450,sr:venue:87866,Court 3,Jiujiang,China,CHN,Asia/Shanghai,sr:complex:80737
3451,sr:venue:80873,Centre Court,Belgrade,Serbia,SRB,Europe/Belgrade,sr:complex:80851
3452,sr:venue:80875,Grandstand,Belgrade,Serbia,SRB,Europe/Belgrade,sr:complex:80851
3453,sr:venue:81011,COURT CENTRAL,Decines-Charpieu,France,FRA,Europe/Paris,sr:complex:80963
3454,sr:venue:81013,COURT 1,Decines-Charpieu,France,FRA,Europe/Paris,sr:complex:80963
3455,sr:venue:81015,COURT 2,Decines-Charpieu,France,FRA,Europe/Paris,sr:complex:80963
3456,sr:venue:85610,Court 6,Decines-Charpieu,France,FRA,Europe/Paris,sr:complex:80963
3457,sr:venue:85612,Court 5,Decines-Charpieu,France,FRA,Europe/Paris,sr:complex:80963
3458,sr:venue:84714,Center Stage,Riyadh,Saudi Arabia,SAU,Asia/Riyadh,sr:complex:81109
3459,sr:venue:81315,Cancha Central,Manzanillo,Mexico,MEX,America/Mexico_City,sr:complex:81249
3460,sr:venue:81317,Cancha 1,Manzanillo,Mexico,MEX,America/Mexico_City,sr:complex:81249
3461,sr:venue:81319,Cancha 2,Manzanillo,Mexico,MEX,America/Mexico_City,sr:complex:81249
3462,sr:venue:81321,Cancha 3,Manzanillo,Mexico,MEX,America/Mexico_City,sr:complex:81249
3463,sr:venue:81089,The Tennis Club at Newport Beach - Court 17,Newport Beach,USA,USA,America/Los_Angeles,sr:complex:81451
3464,sr:venue:81091,The Tennis Club at Newport Beach - Court 01,Newport Beach,USA,USA,America/Los_Angeles,sr:complex:81451
3465,sr:venue:81093,The Tennis Club at Newport Beach - Court 12,Newport Beach,USA,USA,America/Los_Angeles,sr:complex:81451
3466,sr:venue:81447,The Tennis Club at Newport Beach - Court 18,Newport Beach,USA,USA,America/Los_Angeles,sr:complex:81451
3467,sr:venue:81449,The Tennis Club at Newport Beach - Court 19,Newport Beach,USA,USA,America/Los_Angeles,sr:complex:81451
3468,sr:venue:86330,The Tennis Club at Newport Beach - Court 13,Newport Beach,USA,USA,America/Los_Angeles,sr:complex:81451
3469,sr:venue:86338,Court 21,Newport Beach,USA,USA,America/Los_Angeles,sr:complex:81451
3470,sr:venue:86352,The Tennis Club at Newport Beach - Court 22,Newport Beach,USA,USA,America/Los_Angeles,sr:complex:81451
3471,sr:venue:87360,The Tennis Club at Newport Beach - Court 14,Newport Beach,USA,USA,America/Los_Angeles,sr:complex:81451
3472,sr:venue:81559,Headington Family Tennis Center - Court 2,"Norman, OK",USA,USA,America/Chicago,sr:complex:81543
3473,sr:venue:81561,Headington Family Tennis Center - Court 4,"Norman, OK",USA,USA,America/Chicago,sr:complex:81543
3474,sr:venue:81571,Headington Family Tennis Center - Court 1,"Norman, OK",USA,USA,America/Chicago,sr:complex:81543
3475,sr:venue:81573,Headington Family Tennis Center - Court 3,"Norman, OK",USA,USA,America/Chicago,sr:complex:81543
3476,sr:venue:81575,Headington Family Tennis Center - Court 5,"Norman, OK",USA,USA,America/Chicago,sr:complex:81543
3477,sr:venue:81581,Headington Family Tennis Center - Court 6,"Norman, OK",USA,USA,America/Chicago,sr:complex:81543
3478,sr:venue:83104,Headington Family Tennis Center - Indoor 6,"Norman, OK",USA,USA,America/Chicago,sr:complex:81543
3479,sr:venue:83106,Headington Family Tennis Center - Indoor 2,"Norman, OK",USA,USA,America/Chicago,sr:complex:81543
3480,sr:venue:83108,Headington Family Tennis Center - Indoor 5,"Norman, OK",USA,USA,America/Chicago,sr:complex:81543
3481,sr:venue:83110,Headington Family Tennis Center - Indoor 1,"Norman, OK",USA,USA,America/Chicago,sr:complex:81543
3482,sr:venue:83112,Headington Family Tennis Center - Indoor 4,"Norman, OK",USA,USA,America/Chicago,sr:complex:81543
3483,sr:venue:81083,Rick Macci Tennis Center - Court 15,"Boca Raton, FL",USA,USA,America/New_York,sr:complex:81551
3484,sr:venue:81085,Rick Macci Tennis Center - Court 07,"Boca Raton, FL",USA,USA,America/New_York,sr:complex:81551
3485,sr:venue:81087,Rick Macci Tennis Center - Court 09,"Boca Raton, FL",USA,USA,America/New_York,sr:complex:81551
3486,sr:venue:81095,Rick Macci Tennis Center - Court 10,"Boca Raton, FL",USA,USA,America/New_York,sr:complex:81551
3487,sr:venue:81097,Rick Macci Tennis Center - Court 12,"Boca Raton, FL",USA,USA,America/New_York,sr:complex:81551
3488,sr:venue:81099,Rick Macci Tennis Center - Court 13,"Boca Raton, FL",USA,USA,America/New_York,sr:complex:81551
3489,sr:venue:81555,David X Marks Tennis Stadium - Court 3,"Los Angeles, CA",USA,USA,America/Los_Angeles,sr:complex:81553
3490,sr:venue:81557,David X Marks Tennis Stadium - Court 1,"Los Angeles, CA",USA,USA,America/Los_Angeles,sr:complex:81553
3491,sr:venue:81583,David X. Marks Tennis Stadium - Court 5,"Los Angeles, CA",USA,USA,America/Los_Angeles,sr:complex:81553
3492,sr:venue:82689,David X. Marks Tennis Stadium - Court 6,"Los Angeles, CA",USA,USA,America/Los_Angeles,sr:complex:81553
3493,sr:venue:82691,David X. Marks Tennis Stadium - Court 4,"Los Angeles, CA",USA,USA,America/Los_Angeles,sr:complex:81553
3494,sr:venue:82693,David X. Marks Tennis Stadium - Court 2,"Los Angeles, CA",USA,USA,America/Los_Angeles,sr:complex:81553
3495,sr:venue:81601,Royal SC Tennis - Court 02,Noda,Japan,JPN,Asia/Tokyo,sr:complex:81613
3496,sr:venue:81603,Royal SC Tennis - Court 04,Noda,Japan,JPN,Asia/Tokyo,sr:complex:81613
3497,sr:venue:81605,Royal SC Tennis - Court 06,Noda,Japan,JPN,Asia/Tokyo,sr:complex:81613
3498,sr:venue:81607,Royal SC Tennis - Court 05,Noda,Japan,JPN,Asia/Tokyo,sr:complex:81613
3499,sr:venue:81609,Royal SC Tennis - Court 03,Noda,Japan,JPN,Asia/Tokyo,sr:complex:81613
3500,sr:venue:81611,Royal SC Tennis - Court 01,Noda,Japan,JPN,Asia/Tokyo,sr:complex:81613
3501,sr:venue:81593,LSU - Court 04,"Baton Rouge, LA",USA,USA,America/Chicago,sr:complex:81635
3502,sr:venue:81595,LSU - Court 02,"Baton Rouge, LA",USA,USA,America/Chicago,sr:complex:81635
3503,sr:venue:81621,LSU - Court 03,"Baton Rouge, LA",USA,USA,America/Chicago,sr:complex:81635
3504,sr:venue:81623,LSU - Court 01,"Baton Rouge, LA",USA,USA,America/Chicago,sr:complex:81635
3505,sr:venue:81691,LSU - Court 06,"Baton Rouge, LA",USA,USA,America/Chicago,sr:complex:81635
3506,sr:venue:81615,Robson Tennis Center - Court 1,"Tucson, AZ",USA,USA,America/Phoenix,sr:complex:81651
3507,sr:venue:81617,Robson Tennis Center - Court 2,"Tucson, AZ",USA,USA,America/Phoenix,sr:complex:81651
3508,sr:venue:81649,Robson Tennis Center - Court 3,"Tucson, AZ",USA,USA,America/Phoenix,sr:complex:81651
3509,sr:venue:81407,Wake Forest Tennis Center - Indoor - Court 01,"Winston Salem, NC",USA,USA,America/New_York,sr:complex:81661
3510,sr:venue:81409,Wake Forest Tennis Center - Indoor - Court 02,"Winston Salem, NC",USA,USA,America/New_York,sr:complex:81661
3511,sr:venue:81411,Wake Forest Tennis Center - Indoor - Court 03,"Winston Salem, NC",USA,USA,America/New_York,sr:complex:81661
3512,sr:venue:81413,Wake Forest Tennis Center - Indoor - Court 04,"Winston Salem, NC",USA,USA,America/New_York,sr:complex:81661
3513,sr:venue:81415,Wake Forest Tennis Center - Indoor - Court 05,"Winston Salem, NC",USA,USA,America/New_York,sr:complex:81661
3514,sr:venue:82897,Wake Forest Tennis Center - Outdoor - Court 01,"Winston Salem, NC",USA,USA,America/New_York,sr:complex:81661
3515,sr:venue:82899,Wake Forest Tennis Center - Outdoor - Court 02,"Winston Salem, NC",USA,USA,America/New_York,sr:complex:81661
3516,sr:venue:82901,Wake Forest Tennis Center - Outdoor - Court 04,"Winston Salem, NC",USA,USA,America/New_York,sr:complex:81661
3517,sr:venue:82903,Wake Forest Tennis Center - Outdoor - Court 03,"Winston Salem, NC",USA,USA,America/New_York,sr:complex:81661
3518,sr:venue:82905,Wake Forest Tennis Center - Outdoor - Court 06,"Winston Salem, NC",USA,USA,America/New_York,sr:complex:81661
3519,sr:venue:82907,Wake Forest Tennis Center - Outdoor - Court 05,"Winston Salem, NC",USA,USA,America/New_York,sr:complex:81661
3520,sr:venue:83959,Court 1,"Winston Salem, NC",USA,USA,America/New_York,sr:complex:81661
3521,sr:venue:83961,Court 2,"Winston Salem, NC",USA,USA,America/New_York,sr:complex:81661
3522,sr:venue:83963,Court 5,"Winston Salem, NC",USA,USA,America/New_York,sr:complex:81661
3523,sr:venue:81675,Palmira Tennis Club - Court 04,Bonita Springs,USA,USA,America/Los_Angeles,sr:complex:81673
3524,sr:venue:81677,Palmira Tennis Club - Court 02,Bonita Springs,USA,USA,America/Los_Angeles,sr:complex:81673
3525,sr:venue:81679,Palmira Tennis Club - Court 01,Bonita Springs,USA,USA,America/Los_Angeles,sr:complex:81673
3526,sr:venue:81693,Court 1,Bonita Springs,USA,USA,America/Los_Angeles,sr:complex:81673
3527,sr:venue:81695,Court 2,Bonita Springs,USA,USA,America/Los_Angeles,sr:complex:81673
3528,sr:venue:81697,Court 4,Bonita Springs,USA,USA,America/Los_Angeles,sr:complex:81673
3529,sr:venue:86620,Palmira Tennis Club - Court 05,Bonita Springs,USA,USA,America/Los_Angeles,sr:complex:81673
3530,sr:venue:81683,Tennis Courts of the SW University Neofit Rilski - Court 3,Blagoevgrad,Bulgaria,BGR,Europe/Sofia,sr:complex:81681
3531,sr:venue:81687,Tennis Courts of the SW University Neofit Rilski - Court 1,Blagoevgrad,Bulgaria,BGR,Europe/Sofia,sr:complex:81681
3532,sr:venue:81689,Tennis Courts of the SW University Neofit Rilski - Court 2,Blagoevgrad,Bulgaria,BGR,Europe/Sofia,sr:complex:81681
3533,sr:venue:81715,Penina Hotel & Golf Resort - 2. FREDGIL,Alvor,Portugal,PRT,Europe/Lisbon,sr:complex:81713
3534,sr:venue:81741,Clube Tenis Portimao - Court FREDGIL (Indoor),Alvor,Portugal,PRT,Europe/Lisbon,sr:complex:81713
3535,sr:venue:81743,Clube Tenis Portimao - Court Portimão (Indoor),Alvor,Portugal,PRT,Europe/Lisbon,sr:complex:81713
3536,sr:venue:81755,Penina Hotel & Golf Resort - 4. Court Gold Nutrition,Alvor,Portugal,PRT,Europe/Lisbon,sr:complex:81713
3537,sr:venue:81757,Penina Hotel and Golf Resort - 3. Court Portimao,Alvor,Portugal,PRT,Europe/Lisbon,sr:complex:81713
3538,sr:venue:81759,Penina Hotel and Golf Resort - 1. Court Penina,Alvor,Portugal,PRT,Europe/Lisbon,sr:complex:81713
3539,sr:venue:81719,Bloomington - Court 8,"Bloomington, IN",USA,USA,America/Indiana/Indianapolis,sr:complex:81717
3540,sr:venue:81721,Bloomington - Court 7,"Bloomington, IN",USA,USA,America/Indiana/Indianapolis,sr:complex:81717
3541,sr:venue:81723,Bloomington - Court 6,"Bloomington, IN",USA,USA,America/Indiana/Indianapolis,sr:complex:81717
3542,sr:venue:81725,Bloomington - Court 5,"Bloomington, IN",USA,USA,America/Indiana/Indianapolis,sr:complex:81717
3543,sr:venue:86676,Clube Tenis Portimao - Court 02,Alvor,Portugal,PRT,Europe/Lisbon,sr:complex:81745
3544,sr:venue:86678,Clube Tenis Portimao - Court 03,Alvor,Portugal,PRT,Europe/Lisbon,sr:complex:81745
3545,sr:venue:86680,Clube Tenis Portimao - Court 01,Alvor,Portugal,PRT,Europe/Lisbon,sr:complex:81745
3546,sr:venue:86686,Clube Tenis Portimao - Court 04 - Indoor,Alvor,Portugal,PRT,Europe/Lisbon,sr:complex:81745
3547,sr:venue:86688,Clube Tenis Portimao - Court 05 - Indoor,Alvor,Portugal,PRT,Europe/Lisbon,sr:complex:81745
3548,sr:venue:81077,Atlantis The Palm - Court 3,Dubai,United Arab Emirates,ARE,Asia/Dubai,sr:complex:81747
3549,sr:venue:81079,Atlantis The Palm - Court 2,Dubai,United Arab Emirates,ARE,Asia/Dubai,sr:complex:81747
3550,sr:venue:81081,Atlantis The Palm - Court 1,Dubai,United Arab Emirates,ARE,Asia/Dubai,sr:complex:81747
3551,sr:venue:81831,Atlantis The Palm - Court 4,Dubai,United Arab Emirates,ARE,Asia/Dubai,sr:complex:81747
3552,sr:venue:81765,Center Court,Kallang,Singapore,SGP,Asia/Singapore,sr:complex:81751
3553,sr:venue:81767,Court 1,Kallang,Singapore,SGP,Asia/Singapore,sr:complex:81751
3554,sr:venue:81781,KPI Park - Court 01,Yokohama,Japan,JPN,Asia/Tokyo,sr:complex:81779
3555,sr:venue:81783,KPI Park - Court 02,Yokohama,Japan,JPN,Asia/Tokyo,sr:complex:81779
3556,sr:venue:81785,KPI Park - Court 03,Yokohama,Japan,JPN,Asia/Tokyo,sr:complex:81779
3557,sr:venue:81787,KPI Park - Court 04,Yokohama,Japan,JPN,Asia/Tokyo,sr:complex:81779
3558,sr:venue:81789,KPI Park - Court 05,Yokohama,Japan,JPN,Asia/Tokyo,sr:complex:81779
3559,sr:venue:81791,KPI Park - Court 06,Yokohama,Japan,JPN,Asia/Tokyo,sr:complex:81779
3560,sr:venue:81069,Green Tennis Plaza - Court 01,Kawaguchi,Japan,JPN,Asia/Tokyo,sr:complex:81977
3561,sr:venue:81071,Green Tennis Plaza - Court 07,Kawaguchi,Japan,JPN,Asia/Tokyo,sr:complex:81977
3562,sr:venue:81073,Green Tennis Plaza - Court 06,Kawaguchi,Japan,JPN,Asia/Tokyo,sr:complex:81977
3563,sr:venue:81075,Green Tennis Plaza - Court 05,Kawaguchi,Japan,JPN,Asia/Tokyo,sr:complex:81977
3564,sr:venue:81979,Green Tennis Plaza - Court 02,Kawaguchi,Japan,JPN,Asia/Tokyo,sr:complex:81977
3565,sr:venue:81981,Green Tennis Plaza - Court 03,Kawaguchi,Japan,JPN,Asia/Tokyo,sr:complex:81977
3566,sr:venue:81983,Green Tennis Plaza - Court 04,Kawaguchi,Japan,JPN,Asia/Tokyo,sr:complex:81977
3567,sr:venue:84615,Green Tennis Plaza - Court 08,Kawaguchi,Japan,JPN,Asia/Tokyo,sr:complex:81977
3568,sr:venue:81997,Court 01,"Lawrenceville, GA",USA,USA,America/New_York,sr:complex:81995
3569,sr:venue:81999,Court 02,"Lawrenceville, GA",USA,USA,America/New_York,sr:complex:81995
3570,sr:venue:82049,Georgia Gwinnett - Court 03,"Lawrenceville, GA",USA,USA,America/New_York,sr:complex:81995
3571,sr:venue:82051,Georgia Gwinnett - Court 04,"Lawrenceville, GA",USA,USA,America/New_York,sr:complex:81995
3572,sr:venue:82410,Georgia Gwinnett - Court 06,"Lawrenceville, GA",USA,USA,America/New_York,sr:complex:81995
3573,sr:venue:82009,Sport Center Visnjik Court 4 (Clay),Zadar,Croatia,HRV,Europe/Zagreb,sr:complex:82007
3574,sr:venue:82011,Sport Center Visnjik Court 5 (Clay),Zadar,Croatia,HRV,Europe/Zagreb,sr:complex:82007
3575,sr:venue:82013,Sport Center Visnjik Court 6 (Clay),Zadar,Croatia,HRV,Europe/Zagreb,sr:complex:82007
3576,sr:venue:82021,Sport Center Visnjik (Clay) - Court 3,Zadar,Croatia,HRV,Europe/Zagreb,sr:complex:82007
3577,sr:venue:82045,Sport Center Visnjik (Clay) - Court 1,Zadar,Croatia,HRV,Europe/Zagreb,sr:complex:82007
3578,sr:venue:82195,Sport Center Visnjik (Clay) - Court 2,Zadar,Croatia,HRV,Europe/Zagreb,sr:complex:82007
3579,sr:venue:82057,Court 1,Thionville,France,FRA,Europe/Paris,sr:complex:82033
3580,sr:venue:82059,Court Central,Thionville,France,FRA,Europe/Paris,sr:complex:82033
3581,sr:venue:82093,Grandstand,Cap Cana,Dominican Republic,DOM,America/Santo_Domingo,sr:complex:82065
3582,sr:venue:82095,Estadio,Cap Cana,Dominican Republic,DOM,America/Santo_Domingo,sr:complex:82065
3583,sr:venue:82103,Cancha 1,Cap Cana,Dominican Republic,DOM,America/Santo_Domingo,sr:complex:82065
3584,sr:venue:82111,Manzanillo - Court 03,Manzanillo,Mexico,MEX,America/Mexico_City,sr:complex:82109
3585,sr:venue:82113,Manzanillo - Court 01,Manzanillo,Mexico,MEX,America/Mexico_City,sr:complex:82109
3586,sr:venue:82115,Manzanillo - Court 02,Manzanillo,Mexico,MEX,America/Mexico_City,sr:complex:82109
3587,sr:venue:82117,Manzanillo - Court 04,Manzanillo,Mexico,MEX,America/Mexico_City,sr:complex:82109
3588,sr:venue:82143,Estadio,Morelia,Mexico,MEX,America/Mexico_City,sr:complex:82131
3589,sr:venue:82145,Cancha 1,Morelia,Mexico,MEX,America/Mexico_City,sr:complex:82131
3590,sr:venue:82147,Cancha 2,Morelia,Mexico,MEX,America/Mexico_City,sr:complex:82131
3591,sr:venue:82209,Estadio Tres Marias,Morelia,Mexico,MEX,America/Mexico_City,sr:complex:82131
3592,sr:venue:82211,Grandstand Pablo Arroyo,Morelia,Mexico,MEX,America/Mexico_City,sr:complex:82131
3593,sr:venue:87508,Cancha Chaly Ramirez,Morelia,Mexico,MEX,America/Mexico_City,sr:complex:82131
3594,sr:venue:61569,Court 1,Puerto Vallarta,Mexico,MEX,America/Mexico_City,sr:complex:82133
3595,sr:venue:82135,Estadio Akron,Puerto Vallarta,Mexico,MEX,America/Mexico_City,sr:complex:82133
3596,sr:venue:82137,Cancha 1,Puerto Vallarta,Mexico,MEX,America/Mexico_City,sr:complex:82133
3597,sr:venue:82217,Sheraton Buganvilias,Puerto Vallarta,Mexico,MEX,America/Mexico_City,sr:complex:82133
3598,sr:venue:82199,Tennis Club Porto Rose - Centre Court,Roseto Degli Abruzzi,Italy,ITA,Europe/Rome,sr:complex:82197
3599,sr:venue:82201,Tennis Club Porto Rose - Court 1,Roseto Degli Abruzzi,Italy,ITA,Europe/Rome,sr:complex:82197
3600,sr:venue:82251,Tennis Club Porto Rose - Court 2,Roseto Degli Abruzzi,Italy,ITA,Europe/Rome,sr:complex:82197
3601,sr:venue:82225,Cc. Banco De Chile,Santiago,Chile,CHL,America/Santiago,sr:complex:82223
3602,sr:venue:82227,C2 Shell,Santiago,Chile,CHL,America/Santiago,sr:complex:82223
3603,sr:venue:82229,C3 Costa,Santiago,Chile,CHL,America/Santiago,sr:complex:82223
3604,sr:venue:82231,C4 Skechers,Santiago,Chile,CHL,America/Santiago,sr:complex:82223
3605,sr:venue:82273,Menorca Center Court,Menorca,Spain,ESP,Europe/Madrid,sr:complex:82243
3606,sr:venue:82275,San Miguel Court 2,Menorca,Spain,ESP,Europe/Madrid,sr:complex:82243
3607,sr:venue:82277,Joma Court 3,Menorca,Spain,ESP,Europe/Madrid,sr:complex:82243
3608,sr:venue:87562,Estrella Damm Court 2,Menorca,Spain,ESP,Europe/Madrid,sr:complex:82243
3609,sr:venue:87602,Court 4,Menorca,Spain,ESP,Europe/Madrid,sr:complex:82243
3610,sr:venue:82259,Hume Tennis & Community Centre - Court 01,Craigieburn,Australia,AUS,Australia/Sydney,sr:complex:82257
3611,sr:venue:82261,Hume Tennis & Community Centre - Court 02,Craigieburn,Australia,AUS,Australia/Sydney,sr:complex:82257
3612,sr:venue:82263,Hume Tennis & Community Centre - Court 05,Craigieburn,Australia,AUS,Australia/Sydney,sr:complex:82257
3613,sr:venue:82265,Hume Tennis & Community Centre - Court 03,Craigieburn,Australia,AUS,Australia/Sydney,sr:complex:82257
3614,sr:venue:82267,Hume Tennis & Community Centre - Court 04,Craigieburn,Australia,AUS,Australia/Sydney,sr:complex:82257
3615,sr:venue:82269,Hume Tennis & Community Centre - Court 06,Craigieburn,Australia,AUS,Australia/Sydney,sr:complex:82257
3616,sr:venue:86238,Hume Tennis and Community Centre - Court 12,Craigieburn,Australia,AUS,Australia/Sydney,sr:complex:82257
3617,sr:venue:86240,Hume Tennis and Community Centre - Court 14,Craigieburn,Australia,AUS,Australia/Sydney,sr:complex:82257
3618,sr:venue:86242,Hume Tennis and Community Centre - Court 13,Craigieburn,Australia,AUS,Australia/Sydney,sr:complex:82257
3619,sr:venue:86244,Hume Tennis and Community Centre - Court 10,Craigieburn,Australia,AUS,Australia/Sydney,sr:complex:82257
3620,sr:venue:86246,Hume Tennis and Community Centre - Court 09,Craigieburn,Australia,AUS,Australia/Sydney,sr:complex:82257
3621,sr:venue:86248,Hume Tennis and Community Centre - Court 11,Craigieburn,Australia,AUS,Australia/Sydney,sr:complex:82257
3622,sr:venue:82317,Center Court,Monza,Italy,ITA,Europe/Rome,sr:complex:82301
3623,sr:venue:82319,Court 2,Monza,Italy,ITA,Europe/Rome,sr:complex:82301
3624,sr:venue:82321,Court 1,Monza,Italy,ITA,Europe/Rome,sr:complex:82301
3625,sr:venue:82327,Carvoeiro Clube de Tenis - 05. Court FredGil,Carvoeiro,Portugal,PRT,Europe/Lisbon,sr:complex:82313
3626,sr:venue:82329,Carvoeiro Clube de Tenis - 09. Court Lagoa,Carvoeiro,Portugal,PRT,Europe/Lisbon,sr:complex:82313
3627,sr:venue:82331,Carvoeiro Clube de Tenis - 04. Court Carvoeiro,Carvoeiro,Portugal,PRT,Europe/Lisbon,sr:complex:82313
3628,sr:venue:82333,Carvoeiro Clube de Tenis - 08. Court Details,Carvoeiro,Portugal,PRT,Europe/Lisbon,sr:complex:82313
3629,sr:venue:86320,Carvoeiro Clube de Tenis - Court 10,Carvoeiro,Portugal,PRT,Europe/Lisbon,sr:complex:82313
3630,sr:venue:82339,Court 14,Sarasota,USA,USA,America/New_York,sr:complex:82335
3631,sr:venue:82341,Court 7,Sarasota,USA,USA,America/New_York,sr:complex:82335
3632,sr:venue:82378,Court 1 COFINA NEEMBA,Abidjan,Cote d’Ivoire,CIV,Africa/Abidjan,sr:complex:82343
3633,sr:venue:82380,Court CNPS,Abidjan,Cote d’Ivoire,CIV,Africa/Abidjan,sr:complex:82343
3634,sr:venue:82382,Central KAYDAN,Abidjan,Cote d’Ivoire,CIV,Africa/Abidjan,sr:complex:82343
3635,sr:venue:87744,Court 2 NYCKSOIL,Abidjan,Cote d’Ivoire,CIV,Africa/Abidjan,sr:complex:82343
3636,sr:venue:87842,Court 4,Abidjan,Cote d’Ivoire,CIV,Africa/Abidjan,sr:complex:82343
3637,sr:venue:82386,Loughborough University - Court 07,Loughborough,England,ENG,Europe/London,sr:complex:82356
3638,sr:venue:82388,Loughborough University - Court 06,Loughborough,England,ENG,Europe/London,sr:complex:82356
3639,sr:venue:82390,Loughborough University - Court 08,Loughborough,England,ENG,Europe/London,sr:complex:82356
3640,sr:venue:82392,Loughborough University - Court 05,Loughborough,England,ENG,Europe/London,sr:complex:82356
3641,sr:venue:82445,Mitchell Tennis Center - Texas AM - Court 01,"College Station, TX",USA,USA,America/Chicago,sr:complex:82415
3642,sr:venue:82447,Mitchell Tennis Center - Texas AM - Court 02,"College Station, TX",USA,USA,America/Chicago,sr:complex:82415
3643,sr:venue:82449,Mitchell Tennis Center - Texas AM - Court 03,"College Station, TX",USA,USA,America/Chicago,sr:complex:82415
3644,sr:venue:82451,Mitchell Tennis Center - Texas AM - Court 04,"College Station, TX",USA,USA,America/Chicago,sr:complex:82415
3645,sr:venue:83508,Mitchell Tennis Center - Texas AM - Court 05,"College Station, TX",USA,USA,America/Chicago,sr:complex:82415
3646,sr:venue:83510,Mitchell Tennis Center - Texas AM - Court 06,"College Station, TX",USA,USA,America/Chicago,sr:complex:82415
3647,sr:venue:82487,Gabriel Foligne,Saint Malo,France,FRA,Europe/Paris,sr:complex:82467
3648,sr:venue:82489,Court 1,Saint Malo,France,FRA,Europe/Paris,sr:complex:82467
3649,sr:venue:82495,Court 2,Saint Malo,France,FRA,Europe/Paris,sr:complex:82467
3650,sr:venue:87928,INDOOR CENTER COURT,Saint Malo,France,FRA,Europe/Paris,sr:complex:82467
3651,sr:venue:39565,Court 1,Vic,Spain,ESP,Europe/Madrid,sr:complex:82469
3652,sr:venue:39567,Court 2,Vic,Spain,ESP,Europe/Madrid,sr:complex:82469
3653,sr:venue:82497,Centre Court,Vic,Spain,ESP,Europe/Madrid,sr:complex:82469
3654,sr:venue:82499,Court 3,Vic,Spain,ESP,Europe/Madrid,sr:complex:82469
3655,sr:venue:82631,Tennis Club Favorit - Court 1,Pazardzhik,Bulgaria,BGR,Europe/Sofia,sr:complex:82629
3656,sr:venue:82633,Tennis Club Favorit - Court 2,Pazardzhik,Bulgaria,BGR,Europe/Sofia,sr:complex:82629
3657,sr:venue:82635,Tennis Club Favorit - Court 3,Pazardzhik,Bulgaria,BGR,Europe/Sofia,sr:complex:82629
3658,sr:venue:82637,Tennis Club Favorit - Court 4,Pazardzhik,Bulgaria,BGR,Europe/Sofia,sr:complex:82629
3659,sr:venue:82733,Tennis Club Favorit - Court 5,Pazardzhik,Bulgaria,BGR,Europe/Sofia,sr:complex:82629
3660,sr:venue:78365,Central Court,Chisinau,Moldova,MDA,Europe/Chisinau,sr:complex:82659
3661,sr:venue:78367,Court 1,Chisinau,Moldova,MDA,Europe/Chisinau,sr:complex:82659
3662,sr:venue:78369,Court 2,Chisinau,Moldova,MDA,Europe/Chisinau,sr:complex:82659
3663,sr:venue:78371,Court 4,Chisinau,Moldova,MDA,Europe/Chisinau,sr:complex:82659
3664,sr:venue:78373,Court 3,Chisinau,Moldova,MDA,Europe/Chisinau,sr:complex:82659
3665,sr:venue:82741,Indoor 1,Chisinau,Moldova,MDA,Europe/Chisinau,sr:complex:82659
3666,sr:venue:82743,Indoor 2,Chisinau,Moldova,MDA,Europe/Chisinau,sr:complex:82659
3667,sr:venue:82745,Indoor 5,Chisinau,Moldova,MDA,Europe/Chisinau,sr:complex:82659
3668,sr:venue:82669,Court 01,"Tuscaloosa, AL",USA,USA,America/Chicago,sr:complex:82667
3669,sr:venue:82671,Court 05,"Tuscaloosa, AL",USA,USA,America/Chicago,sr:complex:82667
3670,sr:venue:82673,Court 06,"Tuscaloosa, AL",USA,USA,America/Chicago,sr:complex:82667
3671,sr:venue:82675,Court 02,"Tuscaloosa, AL",USA,USA,America/Chicago,sr:complex:82667
3672,sr:venue:83101,University of Alabama Tennis Stadium - Court 03,"Tuscaloosa, AL",USA,USA,America/Chicago,sr:complex:82667
3673,sr:venue:88094,University of Alabama Tennis Stadium - Court 04,"Tuscaloosa, AL",USA,USA,America/Chicago,sr:complex:82667
3674,sr:venue:82615,Atkins Tennis Center Indoor - Indoor 2,Urbana,USA,USA,America/Chicago,sr:complex:82687
3675,sr:venue:82617,Atkins Tennis Center Indoor - Indoor 4,Urbana,USA,USA,America/Chicago,sr:complex:82687
3676,sr:venue:82619,Atkins Tennis Center Indoor - Indoor 3,Urbana,USA,USA,America/Chicago,sr:complex:82687
3677,sr:venue:82621,Atkins Tennis Center Indoor - Indoor 1,Urbana,USA,USA,America/Chicago,sr:complex:82687
3678,sr:venue:82697,Signature Slam Academy - Court 4,Lovedale,Australia,AUS,Australia/Sydney,sr:complex:82695
3679,sr:venue:82699,Signature Slam Academy - Court 3,Lovedale,Australia,AUS,Australia/Sydney,sr:complex:82695
3680,sr:venue:82701,Signature Slam Academy - Court 6,Lovedale,Australia,AUS,Australia/Sydney,sr:complex:82695
3681,sr:venue:82703,Signature Slam Academy - Court 5,Lovedale,Australia,AUS,Australia/Sydney,sr:complex:82695
3682,sr:venue:82737,Signature Slam Academy - Court 1,Lovedale,Australia,AUS,Australia/Sydney,sr:complex:82695
3683,sr:venue:82739,Signature Slam Academy - Court 2,Lovedale,Australia,AUS,Australia/Sydney,sr:complex:82695
3684,sr:venue:82711,Goodfriend Tennis Center - Court 02,"Knoxville, TN",USA,USA,America/New_York,sr:complex:82709
3685,sr:venue:82713,Goodfriend Tennis Center - Court 01,"Knoxville, TN",USA,USA,America/New_York,sr:complex:82709
3686,sr:venue:82715,Goodfriend Tennis Center - Court 03,"Knoxville, TN",USA,USA,America/New_York,sr:complex:82709
3687,sr:venue:82717,Goodfriend Tennis Center - Court 05,"Knoxville, TN",USA,USA,America/New_York,sr:complex:82709
3688,sr:venue:82719,Goodfriend Tennis Center - Court 04,"Knoxville, TN",USA,USA,America/New_York,sr:complex:82709
3689,sr:venue:82721,Goodfriend Tennis Center - Court 06,"Knoxville, TN",USA,USA,America/New_York,sr:complex:82709
3690,sr:venue:82725,TC Empire Trnava - Court 8,Trnava,Slovakia,SVK,Europe/Bratislava,sr:complex:82723
3691,sr:venue:82727,TC Empire Trnava - Court 7,Trnava,Slovakia,SVK,Europe/Bratislava,sr:complex:82723
3692,sr:venue:82729,TC Empire Trnava - Court 5,Trnava,Slovakia,SVK,Europe/Bratislava,sr:complex:82723
3693,sr:venue:82731,TC Empire Trnava - Court 4,Trnava,Slovakia,SVK,Europe/Bratislava,sr:complex:82723
3694,sr:venue:82763,TC EMPIRE TRNAVA - Court 9,Trnava,Slovakia,SVK,Europe/Bratislava,sr:complex:82723
3695,sr:venue:85172,TC EMPIRE TRNAVA - Court 6,Trnava,Slovakia,SVK,Europe/Bratislava,sr:complex:82723
3696,sr:venue:82829,Court 1,Heilbronn / Bad Rappenau,Germany,DEU,Europe/Berlin,sr:complex:82759
3697,sr:venue:82831,Court 2,Heilbronn / Bad Rappenau,Germany,DEU,Europe/Berlin,sr:complex:82759
3698,sr:venue:88192,Hörtkorn Center Court,Heilbronn / Bad Rappenau,Germany,DEU,Europe/Berlin,sr:complex:82759
3699,sr:venue:82883,Center Court,Makarska,Croatia,HRV,Europe/Zagreb,sr:complex:82865
3700,sr:venue:82885,Court 1,Makarska,Croatia,HRV,Europe/Zagreb,sr:complex:82865
3701,sr:venue:82887,Court 2,Makarska,Croatia,HRV,Europe/Zagreb,sr:complex:82865
3702,sr:venue:82921,Aforza - Court 07,Calgary,Canada,CAN,America/Edmonton,sr:complex:82915
3703,sr:venue:82923,Aforza - Court 08,Calgary,Canada,CAN,America/Edmonton,sr:complex:82915
3704,sr:venue:82529,Tennis Club Jug - Court 05,Skopje,North Macedonia,MKD,Europe/Belgrade,sr:complex:83007
3705,sr:venue:82531,Tennis Club Jug - Court 06,Skopje,North Macedonia,MKD,Europe/Belgrade,sr:complex:83007
3706,sr:venue:82533,Tennis Club Jug - Court 08,Skopje,North Macedonia,MKD,Europe/Belgrade,sr:complex:83007
3707,sr:venue:83019,Tennis Club Jug - Court 01,Skopje,North Macedonia,MKD,Europe/Belgrade,sr:complex:83007
3708,sr:venue:83021,Tennis Club Jug - Court 07,Skopje,North Macedonia,MKD,Europe/Belgrade,sr:complex:83007
3709,sr:venue:83033,Fukui Sports Park - Court 1,Fukui,Japan,JPN,Asia/Tokyo,sr:complex:83031
3710,sr:venue:83035,Fukui Sports Park - Court 2,Fukui,Japan,JPN,Asia/Tokyo,sr:complex:83031
3711,sr:venue:83037,Fukui Sports Park - Court 3,Fukui,Japan,JPN,Asia/Tokyo,sr:complex:83031
3712,sr:venue:83208,Nudgee Grammar - Court 1,Boondall,Australia,AUS,Australia/Brisbane,sr:complex:83212
3713,sr:venue:83210,Nudgee Grammar - Court 2,Boondall,Australia,AUS,Australia/Brisbane,sr:complex:83212
3714,sr:venue:83214,Nudgee Grammar - Court 3,Boondall,Australia,AUS,Australia/Brisbane,sr:complex:83212
3715,sr:venue:83216,Nudgee Grammar - Court 4,Boondall,Australia,AUS,Australia/Brisbane,sr:complex:83212
3716,sr:venue:83244,Nudgee College - Court 6,Boondall,Australia,AUS,Australia/Brisbane,sr:complex:83212
3717,sr:venue:83246,Nudgee College - Court 5,Boondall,Australia,AUS,Australia/Brisbane,sr:complex:83212
3718,sr:venue:83222,Wimbledon Tennis and Pickleball Club - Court 3,Walpole,USA,USA,America/New_York,sr:complex:83220
3719,sr:venue:83224,Wimbledon Tennis and Pickleball Club - Court 2,Walpole,USA,USA,America/New_York,sr:complex:83220
3720,sr:venue:83250,Wimbledon Tennis and Pickleball Club - Court 4,Walpole,USA,USA,America/New_York,sr:complex:83220
3721,sr:venue:83234,Umag - ATP STADIUM GORAN IVANISEVIC - Stadium Goran Ivanisev,Monterol,Croatia,HRV,Europe/Zagreb,sr:complex:83248
3722,sr:venue:83236,Umag - ATP STADIUM GORAN IVANISEVIC - Studenac Arena,Monterol,Croatia,HRV,Europe/Zagreb,sr:complex:83248
3723,sr:venue:83238,Umag - ATP STADIUM GORAN IVANISEVIC - Court Nr.1,Monterol,Croatia,HRV,Europe/Zagreb,sr:complex:83248
3724,sr:venue:87480,ATP Stadium Goran Ivanisevic - Court 3,Monterol,Croatia,HRV,Europe/Zagreb,sr:complex:83248
3725,sr:venue:87482,ATP Stadium Goran Ivanisevic - Court 4,Monterol,Croatia,HRV,Europe/Zagreb,sr:complex:83248
3726,sr:venue:87484,ATP Stadium Goran Ivanisevic - Court 2,Monterol,Croatia,HRV,Europe/Zagreb,sr:complex:83248
3727,sr:venue:87526,ATP Stadium Goran Ivanisevic - Court 5,Monterol,Croatia,HRV,Europe/Zagreb,sr:complex:83248
3728,sr:venue:83256,Center Court - NXT Level,Bunschoten,Netherlands,NLD,Europe/Brussels,sr:complex:83254
3729,sr:venue:83258,Court 1,Bunschoten,Netherlands,NLD,Europe/Brussels,sr:complex:83254
3730,sr:venue:83260,Court 3,Bunschoten,Netherlands,NLD,Europe/Brussels,sr:complex:83254
3731,sr:venue:83342,The Grand Slam Club,Bunschoten,Netherlands,NLD,Europe/Brussels,sr:complex:83254
3732,sr:venue:83344,The Indian Maharadja,Bunschoten,Netherlands,NLD,Europe/Brussels,sr:complex:83254
3733,sr:venue:83346,The KNLTB,Bunschoten,Netherlands,NLD,Europe/Brussels,sr:complex:83254
3734,sr:venue:88656,Court 2,Bunschoten,Netherlands,NLD,Europe/Brussels,sr:complex:83254
3735,sr:venue:83328,Court 1,Rome,Italy,ITA,Europe/Rome,sr:complex:83264
3736,sr:venue:83330,Court 2,Rome,Italy,ITA,Europe/Rome,sr:complex:83264
3737,sr:venue:88654,Centre Court,Rome,Italy,ITA,Europe/Rome,sr:complex:83264
3738,sr:venue:83272,Michael and Anne Greenwood Tennis Center - Court 01,"Stillwater, OK",USA,USA,America/Chicago,sr:complex:83270
3739,sr:venue:83274,Michael and Anne Greenwood Tennis Center - Court 02,"Stillwater, OK",USA,USA,America/Chicago,sr:complex:83270
3740,sr:venue:83276,Michael and Anne Greenwood Tennis Center - Court 03,"Stillwater, OK",USA,USA,America/Chicago,sr:complex:83270
3741,sr:venue:83278,Michael and Anne Greenwood Tennis Center - Court 04,"Stillwater, OK",USA,USA,America/Chicago,sr:complex:83270
3742,sr:venue:86550,Michael and Anne Greenwood Tennis Center - Court 06,"Stillwater, OK",USA,USA,America/Chicago,sr:complex:83270
3743,sr:venue:86552,Michael and Anne Greenwood Tennis Center - Court 05,"Stillwater, OK",USA,USA,America/Chicago,sr:complex:83270
3744,sr:venue:83310,Churchie Grammar - Court 1,East Brisbane,Australia,AUS,Australia/Brisbane,sr:complex:83308
3745,sr:venue:83312,Churchie Grammar - Court 2,East Brisbane,Australia,AUS,Australia/Brisbane,sr:complex:83308
3746,sr:venue:83314,Churchie Grammar - Court 3,East Brisbane,Australia,AUS,Australia/Brisbane,sr:complex:83308
3747,sr:venue:83316,Churchie Grammar - Court 4,East Brisbane,Australia,AUS,Australia/Brisbane,sr:complex:83308
3748,sr:venue:83368,Churchie Grammar - Court 6,East Brisbane,Australia,AUS,Australia/Brisbane,sr:complex:83308
3749,sr:venue:83370,Churchie Grammar - Court 5,East Brisbane,Australia,AUS,Australia/Brisbane,sr:complex:83308
3750,sr:venue:83320,TG Nord Dusseldorf e.V. - Court 01,Dusseldorf,Germany,DEU,Europe/Berlin,sr:complex:83318
3751,sr:venue:83322,TG Nord Dusseldorf e.V. - Court 04,Dusseldorf,Germany,DEU,Europe/Berlin,sr:complex:83318
3752,sr:venue:83324,TG Nord Dusseldorf e.V. - Court 06,Dusseldorf,Germany,DEU,Europe/Berlin,sr:complex:83318
3753,sr:venue:83326,TG Nord Dusseldorf e.V. - Court 02,Dusseldorf,Germany,DEU,Europe/Berlin,sr:complex:83318
3754,sr:venue:83376,TG Nord Dusseldorf e.V. - Court 03,Dusseldorf,Germany,DEU,Europe/Berlin,sr:complex:83318
3755,sr:venue:83362,Center Court,Bari,Italy,ITA,Europe/Rome,sr:complex:83360
3756,sr:venue:83364,Court 1,Bari,Italy,ITA,Europe/Rome,sr:complex:83360
3757,sr:venue:83386,Jim and Nell Hawkins Indoor Tennis Center - Court 1,"Waco, TX",USA,USA,America/Chicago,sr:complex:83384
3758,sr:venue:83388,Jim and Nell Hawkins Indoor Tennis Center - Court 3,"Waco, TX",USA,USA,America/Chicago,sr:complex:83384
3759,sr:venue:83390,Jim and Nell Hawkins Indoor Tennis Center - Court 2,"Waco, TX",USA,USA,America/Chicago,sr:complex:83384
3760,sr:venue:83392,Jim and Nell Hawkins Indoor Tennis Center - Court 4,"Waco, TX",USA,USA,America/Chicago,sr:complex:83384
3761,sr:venue:85808,Jim and Nell Hawkins Indoor Tennis Center - Court 6,"Waco, TX",USA,USA,America/Chicago,sr:complex:83384
3762,sr:venue:85810,Jim and Nell Hawkins Indoor Tennis Center - Court 5,"Waco, TX",USA,USA,America/Chicago,sr:complex:83384
3763,sr:venue:83406,Bali Country Club - Court 1,Kabupaten Badung,Indonesia,IDN,Asia/Makassar,sr:complex:83404
3764,sr:venue:83408,Bali Country Club - Court 2,Kabupaten Badung,Indonesia,IDN,Asia/Makassar,sr:complex:83404
3765,sr:venue:83410,Bali Country Club - Court 3,Kabupaten Badung,Indonesia,IDN,Asia/Makassar,sr:complex:83404
3766,sr:venue:83412,Bali Country Club - Court 4,Kabupaten Badung,Indonesia,IDN,Asia/Makassar,sr:complex:83404
3767,sr:venue:83414,Bali Country Club - Court 5,Kabupaten Badung,Indonesia,IDN,Asia/Makassar,sr:complex:83404
3768,sr:venue:83416,Bali Country Club - Court 6,Kabupaten Badung,Indonesia,IDN,Asia/Makassar,sr:complex:83404
3769,sr:venue:83428,Bali Country Club - Court A,Kabupaten Badung,Indonesia,IDN,Asia/Makassar,sr:complex:83404
3770,sr:venue:83430,Bali Country Club - Court F,Kabupaten Badung,Indonesia,IDN,Asia/Makassar,sr:complex:83404
3771,sr:venue:83458,Bali Country Club - Court D,Kabupaten Badung,Indonesia,IDN,Asia/Makassar,sr:complex:83404
3772,sr:venue:86392,Bali Country Club - Court B,Kabupaten Badung,Indonesia,IDN,Asia/Makassar,sr:complex:83404
3773,sr:venue:86394,Bali Country Club - Court C,Kabupaten Badung,Indonesia,IDN,Asia/Makassar,sr:complex:83404
3774,sr:venue:83442,Platzmann Centre Court,Hagen,Germany,DEU,Europe/Berlin,sr:complex:83440
3775,sr:venue:83444,Mark-E Power Court,Hagen,Germany,DEU,Europe/Berlin,sr:complex:83440
3776,sr:venue:83446,Wolf Stadium Court,Hagen,Germany,DEU,Europe/Berlin,sr:complex:83440
3777,sr:venue:83506,Court 5,Hagen,Germany,DEU,Europe/Berlin,sr:complex:83440
3778,sr:venue:88900,Sparkassen Premium Court,Hagen,Germany,DEU,Europe/Berlin,sr:complex:83440
3779,sr:venue:83482,TENNISGESELLSCHAFT ROT-WEISS Monchengladbach - Court 9,Monchengladbach,Germany,DEU,Europe/Berlin,sr:complex:83490
3780,sr:venue:83484,TENNISGESELLSCHAFT ROT-WEISS Monchengladbach - Court 4,Monchengladbach,Germany,DEU,Europe/Berlin,sr:complex:83490
3781,sr:venue:83486,TENNISGESELLSCHAFT ROT-WEISS Monchengladbach - Court 5,Monchengladbach,Germany,DEU,Europe/Berlin,sr:complex:83490
3782,sr:venue:83488,TENNISGESELLSCHAFT ROT-WEISS Monchengladbach - Court 10,Monchengladbach,Germany,DEU,Europe/Berlin,sr:complex:83490
3783,sr:venue:83520,TENNISGESELLSCHAFT ROT-WEISS Monchengladbach - Court 8,Monchengladbach,Germany,DEU,Europe/Berlin,sr:complex:83490
3784,sr:venue:83538,Centre Court,Bonn,Germany,DEU,Europe/Berlin,sr:complex:83512
3785,sr:venue:83540,Court 2,Bonn,Germany,DEU,Europe/Berlin,sr:complex:83512
3786,sr:venue:83542,Court 3,Bonn,Germany,DEU,Europe/Berlin,sr:complex:83512
3787,sr:venue:83562,Match Court 2,Bonn,Germany,DEU,Europe/Berlin,sr:complex:83512
3788,sr:venue:83564,Match Court 3,Bonn,Germany,DEU,Europe/Berlin,sr:complex:83512
3789,sr:venue:83524,Burrows-Burleson Tennis Center - Court 1,"Blacksburg, VA",USA,USA,America/New_York,sr:complex:83522
3790,sr:venue:83526,Burrows-Burleson Tennis Center - Court 2,"Blacksburg, VA",USA,USA,America/New_York,sr:complex:83522
3791,sr:venue:83528,Burrows-Burleson Tennis Center - Court 3,"Blacksburg, VA",USA,USA,America/New_York,sr:complex:83522
3792,sr:venue:83530,Burrows-Burleson Tennis Center - Court 4,"Blacksburg, VA",USA,USA,America/New_York,sr:complex:83522
3793,sr:venue:83532,Burrows-Burleson Tennis Center - Court 5,"Blacksburg, VA",USA,USA,America/New_York,sr:complex:83522
3794,sr:venue:83534,Burrows-Burleson Tennis Center - Court 6,"Blacksburg, VA",USA,USA,America/New_York,sr:complex:83522
3795,sr:venue:83609,Dan Magill Tennis Complex - Court 01,"Athens, GA",USA,USA,America/New_York,sr:complex:83607
3796,sr:venue:83611,Dan Magill Tennis Complex - Court 02,"Athens, GA",USA,USA,America/New_York,sr:complex:83607
3797,sr:venue:83613,Dan Magill Tennis Complex - Court 03,"Athens, GA",USA,USA,America/New_York,sr:complex:83607
3798,sr:venue:83615,Dan Magill Tennis Complex - Court 04,"Athens, GA",USA,USA,America/New_York,sr:complex:83607
3799,sr:venue:83617,Dan Magill Tennis Complex - Court 05,"Athens, GA",USA,USA,America/New_York,sr:complex:83607
3800,sr:venue:83619,Dan Magill Tennis Complex - Court 06,"Athens, GA",USA,USA,America/New_York,sr:complex:83607
3801,sr:venue:81901,Tenis Club Crvena Zvezda - Court 01,Belgrade,Serbia,SRB,Europe/Belgrade,sr:complex:83649
3802,sr:venue:82281,Tenis Club Crvena Zvezda - Court 02,Belgrade,Serbia,SRB,Europe/Belgrade,sr:complex:83649
3803,sr:venue:82283,Tenis Club Crvena Zvezda - Court 04,Belgrade,Serbia,SRB,Europe/Belgrade,sr:complex:83649
3804,sr:venue:82285,Tenis Club Crvena Zvezda - Court 03,Belgrade,Serbia,SRB,Europe/Belgrade,sr:complex:83649
3805,sr:venue:84437,Tennis Club Crvena Zvezda Indoor - Court 05,Belgrade,Serbia,SRB,Europe/Belgrade,sr:complex:83649
3806,sr:venue:84439,Tennis Club Crvena Zvezda Indoor - Court 06,Belgrade,Serbia,SRB,Europe/Belgrade,sr:complex:83649
3807,sr:venue:84441,Tennis Club Crvena Zvezda Indoor - Court 04,Belgrade,Serbia,SRB,Europe/Belgrade,sr:complex:83649
3808,sr:venue:87660,Tennis Club Crvena Zvezda - Court 05,Belgrade,Serbia,SRB,Europe/Belgrade,sr:complex:83649
3809,sr:venue:83679,Halton-Wagner Tennis Complex - Court 1,"Charlotte, NC",USA,USA,America/New_York,sr:complex:83653
3810,sr:venue:83681,Halton-Wagner Tennis Complex - Court 2,"Charlotte, NC",USA,USA,America/New_York,sr:complex:83653
3811,sr:venue:83683,Halton-Wagner Tennis Complex - Court 3,"Charlotte, NC",USA,USA,America/New_York,sr:complex:83653
3812,sr:venue:83685,Halton-Wagner Tennis Complex - Court 7,"Charlotte, NC",USA,USA,America/New_York,sr:complex:83653
3813,sr:venue:83687,Halton-Wagner Tennis Complex - Court 8,"Charlotte, NC",USA,USA,America/New_York,sr:complex:83653
3814,sr:venue:83689,Halton-Wagner Tennis Complex - Court 9,"Charlotte, NC",USA,USA,America/New_York,sr:complex:83653
3815,sr:venue:83691,Skip and Cindy Hogan Tennis Center at USD - Court 1,"San Diego, CA",USA,USA,America/Los_Angeles,sr:complex:83655
3816,sr:venue:83693,Skip and Cindy Hogan Tennis Center at USD - Court 2,"San Diego, CA",USA,USA,America/Los_Angeles,sr:complex:83655
3817,sr:venue:83695,Skip and Cindy Hogan Tennis Center at USD - Court 3,"San Diego, CA",USA,USA,America/Los_Angeles,sr:complex:83655
3818,sr:venue:83697,Skip and Cindy Hogan Tennis Center at USD - Court 5,"San Diego, CA",USA,USA,America/Los_Angeles,sr:complex:83655
3819,sr:venue:83699,Skip and Cindy Hogan Tennis Center at USD - Court 6,"San Diego, CA",USA,USA,America/Los_Angeles,sr:complex:83655
3820,sr:venue:83701,Skip and Cindy Hogan Tennis Center at USD - Court 7,"San Diego, CA",USA,USA,America/Los_Angeles,sr:complex:83655
3821,sr:venue:83799,Skip and Cindy Hogan Tennis Center at USD - Court 4,"San Diego, CA",USA,USA,America/Los_Angeles,sr:complex:83655
3822,sr:venue:83751,Stadium,"Cleveland, OH",USA,USA,America/New_York,sr:complex:83719
3823,sr:venue:83753,Court 1,"Cleveland, OH",USA,USA,America/New_York,sr:complex:83719
3824,sr:venue:83759,Court 2,"Cleveland, OH",USA,USA,America/New_York,sr:complex:83719
3825,sr:venue:83739,Queens Park - Court 2,Southport,Australia,AUS,Australia/Brisbane,sr:complex:83737
3826,sr:venue:83741,Queens Park - Court 6,Southport,Australia,AUS,Australia/Brisbane,sr:complex:83737
3827,sr:venue:83743,Queens Park - Court 8,Southport,Australia,AUS,Australia/Brisbane,sr:complex:83737
3828,sr:venue:83745,Queens Park - Court 1,Southport,Australia,AUS,Australia/Brisbane,sr:complex:83737
3829,sr:venue:83747,Queens Park - Court 3,Southport,Australia,AUS,Australia/Brisbane,sr:complex:83737
3830,sr:venue:83749,Queens Park - Court 7,Southport,Australia,AUS,Australia/Brisbane,sr:complex:83737
3831,sr:venue:46948,Quadra Central,Sao Paulo,Brazil,BRA,America/Sao_Paulo,sr:complex:83877
3832,sr:venue:47374,Quadra 2,Sao Paulo,Brazil,BRA,America/Sao_Paulo,sr:complex:83877
3833,sr:venue:83923,Quadra 1,Sao Paulo,Brazil,BRA,America/Sao_Paulo,sr:complex:83877
3834,sr:venue:83917,Reis Tennis Center (Cornell) - Court 4,"Ithaca, NY",USA,USA,America/New_York,sr:complex:83915
3835,sr:venue:83919,Reis Tennis Center (Cornell) - Court 5,"Ithaca, NY",USA,USA,America/New_York,sr:complex:83915
3836,sr:venue:83921,Reis Tennis Center (Cornell) - Court 6,"Ithaca, NY",USA,USA,America/New_York,sr:complex:83915
3837,sr:venue:83973,Court 13,Takasaki,Japan,JPN,Asia/Tokyo,sr:complex:83971
3838,sr:venue:83975,Court 14,Takasaki,Japan,JPN,Asia/Tokyo,sr:complex:83971
3839,sr:venue:83977,Court 15,Takasaki,Japan,JPN,Asia/Tokyo,sr:complex:83971
3840,sr:venue:84099,Shimizu Zenzo Memorial Tennis - Court 6,Takasaki,Japan,JPN,Asia/Tokyo,sr:complex:83971
3841,sr:venue:84095,Center Court,Tolentino,Italy,ITA,Europe/Rome,sr:complex:83981
3842,sr:venue:84097,Court 1,Tolentino,Italy,ITA,Europe/Rome,sr:complex:83981
3843,sr:venue:84113,Court 2,Tolentino,Italy,ITA,Europe/Rome,sr:complex:83981
3844,sr:venue:74159,Full Protein,Caldas Da Rainha,Portugal,PRT,Europe/Lisbon,sr:complex:83983
3845,sr:venue:74203,Caldas da Rainha,Caldas Da Rainha,Portugal,PRT,Europe/Lisbon,sr:complex:83983
3846,sr:venue:84111,Matinados,Caldas Da Rainha,Portugal,PRT,Europe/Lisbon,sr:complex:83983
3847,sr:venue:84071,ETUF Essen - Court 1,Essen,Germany,DEU,Europe/Berlin,sr:complex:84069
3848,sr:venue:84073,ETUF Essen - Court 6,Essen,Germany,DEU,Europe/Berlin,sr:complex:84069
3849,sr:venue:84075,ETUF Essen - Court 4,Essen,Germany,DEU,Europe/Berlin,sr:complex:84069
3850,sr:venue:84077,ETUF Essen - Court 5,Essen,Germany,DEU,Europe/Berlin,sr:complex:84069
3851,sr:venue:84109,ETUF Essen - Court 3,Essen,Germany,DEU,Europe/Berlin,sr:complex:84069
3852,sr:venue:84119,ETUF Essen - Court 2,Essen,Germany,DEU,Europe/Berlin,sr:complex:84069
3853,sr:venue:84177,Center Court,Jingshan,China,CHN,Asia/Shanghai,sr:complex:84129
3854,sr:venue:84179,Court 2,Jingshan,China,CHN,Asia/Shanghai,sr:complex:84129
3855,sr:venue:84181,Court 3,Jingshan,China,CHN,Asia/Shanghai,sr:complex:84129
3856,sr:venue:84229,Court 1,Jingshan,China,CHN,Asia/Shanghai,sr:complex:84129
3857,sr:venue:84231,Court 4,Jingshan,China,CHN,Asia/Shanghai,sr:complex:84129
3858,sr:venue:84233,Court 5,Jingshan,China,CHN,Asia/Shanghai,sr:complex:84129
3859,sr:venue:84377,Indoor Court 7,Jingshan,China,CHN,Asia/Shanghai,sr:complex:84129
3860,sr:venue:84379,Indoor Court 8,Jingshan,China,CHN,Asia/Shanghai,sr:complex:84129
3861,sr:venue:84241,Center Court,Suzhou,China,CHN,Asia/Shanghai,sr:complex:84235
3862,sr:venue:84243,Court 1,Suzhou,China,CHN,Asia/Shanghai,sr:complex:84235
3863,sr:venue:84245,Court 2,Suzhou,China,CHN,Asia/Shanghai,sr:complex:84235
3864,sr:venue:84247,Court 3,Suzhou,China,CHN,Asia/Shanghai,sr:complex:84235
3865,sr:venue:84249,Court 4,Suzhou,China,CHN,Asia/Shanghai,sr:complex:84235
3866,sr:venue:84251,Court 5,Suzhou,China,CHN,Asia/Shanghai,sr:complex:84235
3867,sr:venue:84253,Center Court,Rende,Italy,ITA,Europe/Rome,sr:complex:84237
3868,sr:venue:84255,Court 1,Rende,Italy,ITA,Europe/Rome,sr:complex:84237
3869,sr:venue:84257,Court 2,Rende,Italy,ITA,Europe/Rome,sr:complex:84237
3870,sr:venue:84259,Court 3,Rende,Italy,ITA,Europe/Rome,sr:complex:84237
3871,sr:venue:84261,Court 4,Rende,Italy,ITA,Europe/Rome,sr:complex:84237
3872,sr:venue:84263,Court 5,Rende,Italy,ITA,Europe/Rome,sr:complex:84237
3873,sr:venue:84265,Center Court,Samsun,Turkiye,TUR,Europe/Istanbul,sr:complex:84239
3874,sr:venue:84267,Court 1,Samsun,Turkiye,TUR,Europe/Istanbul,sr:complex:84239
3875,sr:venue:84269,Court 2,Samsun,Turkiye,TUR,Europe/Istanbul,sr:complex:84239
3876,sr:venue:84271,Court 3,Samsun,Turkiye,TUR,Europe/Istanbul,sr:complex:84239
3877,sr:venue:84273,Court 4,Samsun,Turkiye,TUR,Europe/Istanbul,sr:complex:84239
3878,sr:venue:84275,Court 5,Samsun,Turkiye,TUR,Europe/Istanbul,sr:complex:84239
3879,sr:venue:84447,Duckworth Family Tennis Facility - Court 01,"Clemson, SC",USA,USA,America/New_York,sr:complex:84445
3880,sr:venue:84449,Duckworth Family Tennis Facility - Court 05,"Clemson, SC",USA,USA,America/New_York,sr:complex:84445
3881,sr:venue:84467,Duckworth Family Tennis Facility - Court 03,"Clemson, SC",USA,USA,America/New_York,sr:complex:84445
3882,sr:venue:84946,Duckworth Family Tennis facility - Court 04,"Clemson, SC",USA,USA,America/New_York,sr:complex:84445
3883,sr:venue:84948,Duckworth Family Tennis facility - Court 07,"Clemson, SC",USA,USA,America/New_York,sr:complex:84445
3884,sr:venue:85024,Duckworth Family Tennis Facility - Court 02,"Clemson, SC",USA,USA,America/New_York,sr:complex:84445
3885,sr:venue:84603,Court 1,Brussels,Belgium,BEL,Europe/Brussels,sr:complex:84471
3886,sr:venue:84605,Centre Court,Brussels,Belgium,BEL,Europe/Brussels,sr:complex:84471
3887,sr:venue:15260,Center Court,Ningbo,China,CHN,Asia/Shanghai,sr:complex:84475
3888,sr:venue:17094,Court 6,Ningbo,China,CHN,Asia/Shanghai,sr:complex:84475
3889,sr:venue:84525,Grandstand,Ningbo,China,CHN,Asia/Shanghai,sr:complex:84475
3890,sr:venue:73113,Court 2,Rio de Janeiro,Brazil,BRA,Brazil/East,sr:complex:84477
3891,sr:venue:84607,Center Court,Rio de Janeiro,Brazil,BRA,Brazil/East,sr:complex:84477
3892,sr:venue:84609,Court 1,Rio de Janeiro,Brazil,BRA,Brazil/East,sr:complex:84477
3893,sr:venue:75310,Court 1,Florianopolis,Brazil,BRA,America/Sao_Paulo,sr:complex:84663
3894,sr:venue:75312,Court 2,Florianopolis,Brazil,BRA,America/Sao_Paulo,sr:complex:84663
3895,sr:venue:77265,Center Court,Florianopolis,Brazil,BRA,America/Sao_Paulo,sr:complex:84663
3896,sr:venue:84744,Estadio,Santiago de Queretaro,Mexico,MEX,America/Mexico_City,sr:complex:84665
3897,sr:venue:84746,Cancha 8,Santiago de Queretaro,Mexico,MEX,America/Mexico_City,sr:complex:84665
3898,sr:venue:84760,Cancha 2,Santiago de Queretaro,Mexico,MEX,America/Mexico_City,sr:complex:84665
3899,sr:venue:85286,Center Court,"Austin, TX",USA,USA,America/Chicago,sr:complex:85030
3900,sr:venue:85288,Grandstand,"Austin, TX",USA,USA,America/Chicago,sr:complex:85030
3901,sr:venue:85290,Court 1,"Austin, TX",USA,USA,America/Chicago,sr:complex:85030
3902,sr:venue:85156,Billingsley Tennis Center - Court 01,"Fayetteville, AR",USA,USA,America/Chicago,sr:complex:85154
3903,sr:venue:85158,Billingsley Tennis Center - Court 02,"Fayetteville, AR",USA,USA,America/Chicago,sr:complex:85154
3904,sr:venue:85160,Billingsley Tennis Center - Court 03,"Fayetteville, AR",USA,USA,America/Chicago,sr:complex:85154
3905,sr:venue:85162,Billingsley Tennis Center - Court 04,"Fayetteville, AR",USA,USA,America/Chicago,sr:complex:85154
3906,sr:venue:85164,Billingsley Tennis Center - Court 05,"Fayetteville, AR",USA,USA,America/Chicago,sr:complex:85154
3907,sr:venue:85166,Billingsley Tennis Center - Court 06,"Fayetteville, AR",USA,USA,America/Chicago,sr:complex:85154
3908,sr:venue:85188,Top Run - Court 2,Kakogawa,Japan,JPN,Asia/Tokyo,sr:complex:85186
3909,sr:venue:85190,Top Run - Court 3,Kakogawa,Japan,JPN,Asia/Tokyo,sr:complex:85186
3910,sr:venue:85192,Top Run - Court 1,Kakogawa,Japan,JPN,Asia/Tokyo,sr:complex:85186
3911,sr:venue:86056,Top Run - Court 4,Kakogawa,Japan,JPN,Asia/Tokyo,sr:complex:85186
3912,sr:venue:86058,Top Run - Court 5,Kakogawa,Japan,JPN,Asia/Tokyo,sr:complex:85186
3913,sr:venue:85458,Court 1,Dubai,United Arab Emirates,ARE,Asia/Dubai,sr:complex:85456
3914,sr:venue:85460,Court 2,Dubai,United Arab Emirates,ARE,Asia/Dubai,sr:complex:85456
3915,sr:venue:85462,Court 3,Dubai,United Arab Emirates,ARE,Asia/Dubai,sr:complex:85456
3916,sr:venue:85470,Rohan Bopanna Tennis Academy - Court 02,Bengaluru,India,IND,Asia/Kolkata,sr:complex:85476
3917,sr:venue:85472,Rohan Bopanna Tennis Academy - Court 03,Bengaluru,India,IND,Asia/Kolkata,sr:complex:85476
3918,sr:venue:85474,Rohan Bopanna Tennis Academy - Court 04,Bengaluru,India,IND,Asia/Kolkata,sr:complex:85476
3919,sr:venue:85812,Court 2,Soma Bay,Egypt,EGY,Africa/Cairo,sr:complex:85658
3920,sr:venue:85814,Centre Court,Soma Bay,Egypt,EGY,Africa/Cairo,sr:complex:85658
3921,sr:venue:85816,Court 3,Soma Bay,Egypt,EGY,Africa/Cairo,sr:complex:85658
3922,sr:venue:85824,French Touch Academy - Court 07,Montpellier,France,FRA,Europe/Paris,sr:complex:85822
3923,sr:venue:85830,French Touch Academy - Court 08,Montpellier,France,FRA,Europe/Paris,sr:complex:85822
3924,sr:venue:85946,French Touch Academy - Court 09,Montpellier,France,FRA,Europe/Paris,sr:complex:85822
3925,sr:venue:86070,French Touch Academy - Court 10,Montpellier,France,FRA,Europe/Paris,sr:complex:85822
3926,sr:venue:86084,French Touch Academy - Indoor Court 10,Montpellier,France,FRA,Europe/Paris,sr:complex:85822
3927,sr:venue:86090,French Touch Academy - Indoor Court 9,Montpellier,France,FRA,Europe/Paris,sr:complex:85822
3928,sr:venue:76187,Centre Court,Athens,Greece,GRC,Europe/Athens,sr:complex:85942
3929,sr:venue:86052,Court 5,Athens,Greece,GRC,Europe/Athens,sr:complex:85942
3930,sr:venue:86054,Court K1,Athens,Greece,GRC,Europe/Athens,sr:complex:85942
3931,sr:venue:88640,Court 3,Athens,Greece,GRC,Europe/Athens,sr:complex:85942
3932,sr:venue:88642,Grandstand,Athens,Greece,GRC,Europe/Athens,sr:complex:85942
3933,sr:venue:86000,Centre Court,Islamabad,Pakistan,PAK,Asia/Karachi,sr:complex:85944
3934,sr:venue:86002,Court 1,Islamabad,Pakistan,PAK,Asia/Karachi,sr:complex:85944
3935,sr:venue:86004,Court 2,Islamabad,Pakistan,PAK,Asia/Karachi,sr:complex:85944
3936,sr:venue:86068,Aqeel Khan Center Court,Islamabad,Pakistan,PAK,Asia/Karachi,sr:complex:85944
3937,sr:venue:86164,Cancha Central,Quito,Ecuador,ECU,America/Guayaquil,sr:complex:86098
3938,sr:venue:86166,Cancha 1,Quito,Ecuador,ECU,America/Guayaquil,sr:complex:86098
3939,sr:venue:86168,Cancha 2,Quito,Ecuador,ECU,America/Guayaquil,sr:complex:86098
3940,sr:venue:86254,K-Town Resort - Court 14,Phan Thiet,Vietnam,VNM,Asia/Ho_Chi_Minh,sr:complex:86252
3941,sr:venue:86256,K-Town Resort - Court 11,Phan Thiet,Vietnam,VNM,Asia/Ho_Chi_Minh,sr:complex:86252
3942,sr:venue:86258,K-Town Resort - Court 13,Phan Thiet,Vietnam,VNM,Asia/Ho_Chi_Minh,sr:complex:86252
3943,sr:venue:87912,Court A,Phan Thiet,Vietnam,VNM,Asia/Ho_Chi_Minh,sr:complex:86252
3944,sr:venue:87914,Court B,Phan Thiet,Vietnam,VNM,Asia/Ho_Chi_Minh,sr:complex:86252
3945,sr:venue:87916,Court C,Phan Thiet,Vietnam,VNM,Asia/Ho_Chi_Minh,sr:complex:86252
3946,sr:venue:86432,Eck Tennis Facility - Court 4,"Notre Dame, IN",USA,USA,America/Indiana/Indianapolis,sr:complex:86430
3947,sr:venue:86434,Eck Tennis Facility - Court 6,"Notre Dame, IN",USA,USA,America/Indiana/Indianapolis,sr:complex:86430
3948,sr:venue:86436,Eck Tennis Facility - Court 2,"Notre Dame, IN",USA,USA,America/Indiana/Indianapolis,sr:complex:86430
3949,sr:venue:86438,Eck Tennis Facility - Court 1,"Notre Dame, IN",USA,USA,America/Indiana/Indianapolis,sr:complex:86430
3950,sr:venue:86440,Eck Tennis Facility - Court 3,"Notre Dame, IN",USA,USA,America/Indiana/Indianapolis,sr:complex:86430
3951,sr:venue:86442,Eck Tennis Facility - Court 5,"Notre Dame, IN",USA,USA,America/Indiana/Indianapolis,sr:complex:86430
3952,sr:venue:86406,Stirling University - Court 01,Stirling,Scotland,SCO,Europe/London,sr:complex:86476
3953,sr:venue:86448,Stirling University - Court 03,Stirling,Scotland,SCO,Europe/London,sr:complex:86476
3954,sr:venue:86450,Stirling University - Court 04,Stirling,Scotland,SCO,Europe/London,sr:complex:86476
3955,sr:venue:86452,Stirling University - Court 02,Stirling,Scotland,SCO,Europe/London,sr:complex:86476
3956,sr:venue:86542,Levy Tennis Pavilion - Court 03,"Philadelphia, PA",USA,USA,America/New_York,sr:complex:86560
3957,sr:venue:86544,Levy Tennis Pavilion - Court 04,"Philadelphia, PA",USA,USA,America/New_York,sr:complex:86560
3958,sr:venue:86546,Levy Tennis Pavilion - Court 01,"Philadelphia, PA",USA,USA,America/New_York,sr:complex:86560
3959,sr:venue:86548,Levy Tennis Pavilion - Court 02,"Philadelphia, PA",USA,USA,America/New_York,sr:complex:86560
3960,sr:venue:88186,Levy Tennis Pavilion - Court 05,"Philadelphia, PA",USA,USA,America/New_York,sr:complex:86560
3961,sr:venue:88188,Levy Tennis Pavilion - Court 06,"Philadelphia, PA",USA,USA,America/New_York,sr:complex:86560
3962,sr:venue:86564,Chapel Hill - Court 1,"Chapel Hill, NC",USA,USA,America/New_York,sr:complex:86562
3963,sr:venue:86566,Chapel Hill - Court 2,"Chapel Hill, NC",USA,USA,America/New_York,sr:complex:86562
3964,sr:venue:86568,Chapel Hill - Court 3,"Chapel Hill, NC",USA,USA,America/New_York,sr:complex:86562
3965,sr:venue:13796,CENTRE COURT,Itajai,Brazil,BRA,America/Sao_Paulo,sr:complex:86592
3966,sr:venue:13800,COURT 3,Itajai,Brazil,BRA,America/Sao_Paulo,sr:complex:86592
3967,sr:venue:13802,COURT 4,Itajai,Brazil,BRA,America/Sao_Paulo,sr:complex:86592
3968,sr:venue:86634,Court Central,Phan Thiet,Vietnam,VNM,Asia/Ho_Chi_Minh,sr:complex:86594
3969,sr:venue:86636,Court 1,Phan Thiet,Vietnam,VNM,Asia/Ho_Chi_Minh,sr:complex:86594
3970,sr:venue:86638,Court 2,Phan Thiet,Vietnam,VNM,Asia/Ho_Chi_Minh,sr:complex:86594
3971,sr:venue:86640,Court 3,Phan Thiet,Vietnam,VNM,Asia/Ho_Chi_Minh,sr:complex:86594
3972,sr:venue:86822,Court 1,"Baton Rouge, LA",USA,USA,America/Chicago,sr:complex:86800
3973,sr:venue:86824,Court 5,"Baton Rouge, LA",USA,USA,America/Chicago,sr:complex:86800
3974,sr:venue:86876,Center Court,Les Sables d'Olonne,France,FRA,Europe/Paris,sr:complex:86838
3975,sr:venue:86900,Court 1,Les Sables d'Olonne,France,FRA,Europe/Paris,sr:complex:86838
3976,sr:venue:86948,Lake Las Vegas Sports Club - Court 1,"Las Vegas, NV",USA,USA,America/Los_Angeles,sr:complex:86946
3977,sr:venue:86950,Lake Las Vegas Sports Club - Court 2,"Las Vegas, NV",USA,USA,America/Los_Angeles,sr:complex:86946
3978,sr:venue:86952,Lake Las Vegas Sports Club - Court 3,"Las Vegas, NV",USA,USA,America/Los_Angeles,sr:complex:86946
3979,sr:venue:86956,Lake Las Vegas Sports Club - Court 4,"Las Vegas, NV",USA,USA,America/Los_Angeles,sr:complex:86946
3980,sr:venue:86958,Lake Las Vegas Sports Club - Court 5,"Las Vegas, NV",USA,USA,America/Los_Angeles,sr:complex:86946
3981,sr:venue:86960,Lake Las Vegas Sports Club - Court 6,"Las Vegas, NV",USA,USA,America/Los_Angeles,sr:complex:86946
3982,sr:venue:87046,Centre Court,Fujairah,United Arab Emirates,ARE,Asia/Dubai,sr:complex:87022
3983,sr:venue:87048,Court 1,Fujairah,United Arab Emirates,ARE,Asia/Dubai,sr:complex:87022
3984,sr:venue:87050,Court 2,Fujairah,United Arab Emirates,ARE,Asia/Dubai,sr:complex:87022
3985,sr:venue:87082,Tennis Center Murska Sobota - Court 1,Murska Sobota,Slovenia,SVN,Europe/Ljubljana,sr:complex:87066
3986,sr:venue:87084,Tennis Center Murska Sobota - Court 2,Murska Sobota,Slovenia,SVN,Europe/Ljubljana,sr:complex:87066
3987,sr:venue:87086,Tennis Center Murska Sobota - Court 3,Murska Sobota,Slovenia,SVN,Europe/Ljubljana,sr:complex:87066
3988,sr:venue:1661,Court 1,"Memphis, TN",USA,USA,America/Chicago,sr:complex:87130
3989,sr:venue:28425,Court 2,"Memphis, TN",USA,USA,America/Chicago,sr:complex:87130
3990,sr:venue:44668,Court 3,"Memphis, TN",USA,USA,America/Chicago,sr:complex:87130
3991,sr:venue:87386,Court 7,"Moraga, CA",USA,USA,America/Los_Angeles,sr:complex:87406
3992,sr:venue:87388,Court 8,"Moraga, CA",USA,USA,America/Los_Angeles,sr:complex:87406
3993,sr:venue:87404,Tim Korth Tennis Courts - Court 09,"Moraga, CA",USA,USA,America/Los_Angeles,sr:complex:87406
3994,sr:venue:77457,Centre Court,Wuning,China,CHN,Asia/Shanghai,sr:complex:87584
3995,sr:venue:77461,Court 2,Wuning,China,CHN,Asia/Shanghai,sr:complex:87584
3996,sr:venue:87634,Court 1,Wuning,China,CHN,Asia/Shanghai,sr:complex:87584
3997,sr:venue:87664,Indoor C6,Wuning,China,CHN,Asia/Shanghai,sr:complex:87584
3998,sr:venue:87702,Indoor 1,Wuning,China,CHN,Asia/Shanghai,sr:complex:87584
3999,sr:venue:87704,Indoor 2,Wuning,China,CHN,Asia/Shanghai,sr:complex:87584
4000,sr:venue:88038,Nielsen Tennis Stadium - Court 05,"Madison, WI",USA,USA,America/Chicago,sr:complex:88036
4001,sr:venue:88040,Nielsen Tennis Stadium - Court 01,"Madison, WI",USA,USA,America/Chicago,sr:complex:88036
4002,sr:venue:88042,Nielsen Tennis Stadium - Court 02,"Madison, WI",USA,USA,America/Chicago,sr:complex:88036
4003,sr:venue:88044,Nielsen Tennis Stadium - Court 06,"Madison, WI",USA,USA,America/Chicago,sr:complex:88036
4004,sr:venue:88062,Nielsen Tennis Stadium - Court 04,"Madison, WI",USA,USA,America/Chicago,sr:complex:88036
4005,sr:venue:88064,Nielsen Tennis Stadium - Court 03,"Madison, WI",USA,USA,America/Chicago,sr:complex:88036
4006,sr:venue:88104,Centre Court,Chisinau,Moldova,MDA,Europe/Chisinau,sr:complex:88066
4007,sr:venue:88106,Court 1,Chisinau,Moldova,MDA,Europe/Chisinau,sr:complex:88066
4008,sr:venue:88108,Court 2,Chisinau,Moldova,MDA,Europe/Chisinau,sr:complex:88066
4009,sr:venue:88116,Centre Court,Centurion,South Africa,ZAF,Africa/Johannesburg,sr:complex:88068
4010,sr:venue:88118,Court 2,Centurion,South Africa,ZAF,Africa/Johannesburg,sr:complex:88068
4011,sr:venue:88120,Court 3,Centurion,South Africa,ZAF,Africa/Johannesburg,sr:complex:88068
4012,sr:venue:88110,Court V6,Kosice,Slovakia,SVK,Europe/Bratislava,sr:complex:88070
4013,sr:venue:88112,Center Court V2,Kosice,Slovakia,SVK,Europe/Bratislava,sr:complex:88070
4014,sr:venue:88114,Court V7,Kosice,Slovakia,SVK,Europe/Bratislava,sr:complex:88070
4015,sr:venue:88570,Max Tenis Club - Bonifacija 2,Ljubljana,Slovenia,SVN,Europe/Ljubljana,sr:complex:88548
4016,sr:venue:88572,Max Tenis Club - Bonifacija 1,Ljubljana,Slovenia,SVN,Europe/Ljubljana,sr:complex:88548
4017,sr:venue:88574,Max Tenis Club - Bonifacija 4,Ljubljana,Slovenia,SVN,Europe/Ljubljana,sr:complex:88548
4018,sr:venue:88576,Max Tenis Club - Bonifacija 3,Ljubljana,Slovenia,SVN,Europe/Ljubljana,sr:complex:88548
4019,sr:venue:88646,Max Tenis Club - Bonifacija 5,Ljubljana,Slovenia,SVN,Europe/Ljubljana,sr:complex:88548
4020,sr:venue:88672,Center Court,Bloomfield Hills,USA,USA,UTC,sr:complex:88662
4021,sr:venue:88674,Court 2,Bloomfield Hills,USA,USA,UTC,sr:complex:88662
4022,sr:venue:88676,Court 3,Bloomfield Hills,USA,USA,UTC,sr:complex:88662
4023,sr:venue:88818,Yarbrough Tennis Center - Court 05,"Auburn, AL",USA,USA,America/Chicago,sr:complex:88816
4024,sr:venue:88820,Yarbrough Tennis Center - Court 01,"Auburn, AL",USA,USA,America/Chicago,sr:complex:88816
4025,sr:venue:88824,Yarbrough Tennis Center - Court 03,"Auburn, AL",USA,USA,America/Chicago,sr:complex:88816
4026,sr:venue:88826,Yarbrough Tennis Center - Court 04,"Auburn, AL",USA,USA,America/Chicago,sr:complex:88816
4027,sr:venue:88828,Yarbrough Tennis Center - Court 06,"Auburn, AL",USA,USA,America/Chicago,sr:complex:88816
4028,sr:venue:88830,Yarbrough Tennis Center - Court 02,"Auburn, AL",USA,USA,America/Chicago,sr:complex:88816
4029,sr:venue:1535,Pat Rafter Arena,Brisbane,Australia,AUS,Australia/Brisbane,sr:complex:88916
4030,sr:venue:1536,Court 1,Brisbane,Australia,AUS,Australia/Brisbane,sr:complex:88916
4031,sr:venue:1537,Court 2,Brisbane,Australia,AUS,Australia/Brisbane,sr:complex:88916
4032,sr:venue:1539,Court 5,Brisbane,Australia,AUS,Australia/Brisbane,sr:complex:88916
4033,sr:venue:2199,Court 10,Brisbane,Australia,AUS,Australia/Brisbane,sr:complex:88916
4034,sr:venue:2200,Court 14,Brisbane,Australia,AUS,Australia/Brisbane,sr:complex:88916
4035,sr:venue:15475,Court 16,Brisbane,Australia,AUS,Australia/Brisbane,sr:complex:88916
4036,sr:venue:23830,Ct 6,Brisbane,Australia,AUS,Australia/Brisbane,sr:complex:88916
4037,sr:venue:23856,Ct 4,Brisbane,Australia,AUS,Australia/Brisbane,sr:complex:88916
4038,sr:venue:26391,Stadium Court,Brisbane,Australia,AUS,Australia/Brisbane,sr:complex:88916
4039,sr:venue:34932,Ct 10,Brisbane,Australia,AUS,Australia/Brisbane,sr:complex:88916
4040,sr:venue:34934,Ct 8,Brisbane,Australia,AUS,Australia/Brisbane,sr:complex:88916
4041,sr:venue:34936,Ct 14,Brisbane,Australia,AUS,Australia/Brisbane,sr:complex:88916
4042,sr:venue:47010,Court 6,Brisbane,Australia,AUS,Australia/Brisbane,sr:complex:88916
4043,sr:venue:47014,Court 3,Brisbane,Australia,AUS,Australia/Brisbane,sr:complex:88916
4044,sr:venue:75819,Show Court 1,Brisbane,Australia,AUS,Australia/Brisbane,sr:complex:88916
4045,sr:venue:80991,Ct 16,Brisbane,Australia,AUS,Australia/Brisbane,sr:complex:88916
4046,sr:venue:80993,Ct 13,Brisbane,Australia,AUS,Australia/Brisbane,sr:complex:88916
4047,sr:venue:80995,Ct 15,Brisbane,Australia,AUS,Australia/Brisbane,sr:complex:88916
4048,sr:venue:88904,Queensland Tennis Centre - Court 10,Brisbane,Australia,AUS,Australia/Brisbane,sr:complex:88916
4049,sr:venue:88906,Queensland Tennis Centre - Court 08,Brisbane,Australia,AUS,Australia/Brisbane,sr:complex:88916
4050,sr:venue:88908,Queensland Tennis Centre - Court 01,Brisbane,Australia,AUS,Australia/Brisbane,sr:complex:88916
4051,sr:venue:88910,Queensland Tennis Centre - Court 06,Brisbane,Australia,AUS,Australia/Brisbane,sr:complex:88916
4052,sr:venue:88912,Queensland Tennis Centre - Court 02,Brisbane,Australia,AUS,Australia/Brisbane,sr:complex:88916
4053,sr:venue:88914,Queensland Tennis Centre - Court 04,Brisbane,Australia,AUS,Australia/Brisbane,sr:complex:88916
